Age,Income_Level,Education_Level,Occupation,Purchase_Amount,Frequency_of_Purchase,Brand_Loyalty,Product_Rating,Time_Spent_on_Product_Research(hours),Social_Media_Influence,Discount_Sensitivity,Return_Rate,Customer_Satisfaction,Engagement_with_Ads,Discount_Used,Customer_Loyalty_Program_Member,Time_to_Decision,Purchase_Month,Purchase_Day,Purchase_DayOfWeek,Gender_Agender,Gender_Bigender,Gender_Female,Gender_Genderfluid,Gender_Genderqueer,Gender_Male,Gender_Non-binary,Gender_Polygender,Marital_Status_Divorced,Marital_Status_Married,Marital_Status_Single,Marital_Status_Widowed,Purchase_Category_Animal Feed,Purchase_Category_Arts & Crafts,Purchase_Category_Baby Products,Purchase_Category_Beauty & Personal Care,Purchase_Category_Books,Purchase_Category_Clothing,Purchase_Category_Electronics,Purchase_Category_Food & Beverages,Purchase_Category_Furniture,Purchase_Category_Gardening & Outdoors,Purchase_Category_Groceries,Purchase_Category_Health Care,Purchase_Category_Health Supplements,Purchase_Category_Home Appliances,Purchase_Category_Hotels,Purchase_Category_Jewelry & Accessories,Purchase_Category_Luxury Goods,Purchase_Category_Mobile Accessories,Purchase_Category_Office Supplies,Purchase_Category_Packages),Purchase_Category_Software & Apps,Purchase_Category_Sports & Outdoors,Purchase_Category_Toys & Games,Purchase_Category_Travel & Leisure (Flights,Purchase_Channel_In-Store,Purchase_Channel_Mixed,Purchase_Channel_Online,Device_Used_for_Shopping_Desktop,Device_Used_for_Shopping_Smartphone,Device_Used_for_Shopping_Tablet,Payment_Method_Cash,Payment_Method_Credit Card,Payment_Method_Debit Card,Payment_Method_Other,Payment_Method_PayPal,Shipping_Preference_Express,Shipping_Preference_No Preference,Shipping_Preference_Standard
0.125,0.0,0.5,0.0,0.6324337607792324,0.2,1.0,1.0,1.0,0.0,0.5,0.5,0.6666666666666666,0.0,1.0,0.0,0.07692307692307693,0.18181818181818182,0.0,0.6666666666666666,0.0,0.0,1.0,0.0,0.0,0.0,0.0,0.0,0.0,1.0,0.0,0.0,0.0,0.0,0.0,0.0,0.0,0.0,0.0,0.0,0.0,1.0,0.0,0.0,0.0,0.0,0.0,0.0,0.0,0.0,0.0,0.0,0.0,0.0,0.0,0.0,0.0,1.0,0.0,0.0,0.0,1.0,0.0,1.0,0.0,0.0,0.0,0.0,1.0,0.0
0.96875,1.0,0.0,1.0,0.3831598230642062,0.9,0.5,0.0,1.0,0.6666666666666666,0.0,0.5,0.4444444444444444,1.0,1.0,0.0,0.38461538461538464,0.2727272727272727,0.5,0.16666666666666666,0.0,0.0,0.0,0.0,0.0,1.0,0.0,0.0,0.0,1.0,0.0,0.0,0.0,0.0,0.0,0.0,0.0,0.0,0.0,1.0,0.0,0.0,0.0,0.0,0.0,0.0,0.0,0.0,0.0,0.0,0.0,0.0,0.0,0.0,0.0,0.0,1.0,0.0,0.0,0.0,0.0,1.0,0.0,0.0,0.0,0.0,1.0,0.0,0.0,1.0
0.1875,0.0,1.0,1.0,0.8389035342477996,0.0,1.0,1.0,0.15,0.3333333333333333,0.0,0.5,0.6666666666666666,0.3333333333333333,1.0,1.0,0.15384615384615385,0.18181818181818182,0.4666666666666667,0.6666666666666666,0.0,0.0,1.0,0.0,0.0,0.0,0.0,0.0,0.0,0.0,1.0,0.0,0.0,0.0,0.0,0.0,0.0,0.0,0.0,0.0,0.0,0.0,0.0,0.0,0.0,0.0,0.0,0.0,0.0,0.0,1.0,0.0,0.0,0.0,0.0,0.0,0.0,1.0,0.0,0.0,1.0,0.0,0.0,0.0,1.0,0.0,0.0,0.0,1.0,0.0
0.34375,0.0,1.0,0.0,0.11304231267593048,0.4,0.5,0.0,0.5,1.0,0.5,0.0,0.0,0.0,1.0,1.0,0.6923076923076923,0.8181818181818182,0.1,0.6666666666666666,0.0,0.0,1.0,0.0,0.0,0.0,0.0,0.0,0.0,0.0,1.0,0.0,0.0,0.0,0.0,0.0,0.0,0.0,0.0,0.0,0.0,0.0,0.0,0.0,0.0,1.0,0.0,0.0,0.0,0.0,0.0,0.0,0.0,0.0,0.0,0.0,0.0,1.0,0.0,0.0,1.0,0.0,0.0,0.0,0.0,1.0,0.0,1.0,0.0,0.0
0.46875,0.0,0.0,0.0,0.35965774540905227,0.4,0.5,0.75,0.0,0.6666666666666666,0.0,1.0,1.0,0.0,0.0,0.0,0.23076923076923078,0.0,0.9666666666666667,0.16666666666666666,0.0,0.0,1.0,0.0,0.0,0.0,0.0,0.0,0.0,0.0,0.0,1.0,0.0,0.0,0.0,0.0,0.0,0.0,0.0,0.0,1.0,0.0,0.0,0.0,0.0,0.0,0.0,0.0,0.0,0.0,0.0,0.0,0.0,0.0,0.0,0.0,0.0,1.0,0.0,0.0,1.0,0.0,0.0,0.0,1.0,0.0,0.0,0.0,1.0,0.0
0.84375,0.0,1.0,1.0,0.9768106876368349,0.6,0.5,0.5,0.0,1.0,0.0,1.0,0.2222222222222222,0.0,0.0,0.0,0.46153846153846156,0.18181818181818182,0.6,0.16666666666666666,0.0,0.0,0.0,0.0,0.0,1.0,0.0,0.0,0.0,1.0,0.0,0.0,0.0,0.0,0.0,0.0,0.0,0.0,0.0,0.0,0.0,0.0,0.0,0.0,0.0,0.0,0.0,0.0,0.0,0.0,1.0,0.0,0.0,0.0,0.0,0.0,0.0,1.0,0.0,0.0,0.0,1.0,0.0,0.0,1.0,0.0,0.0,0.0,1.0,0.0
0.09375,0.0,0.0,0.0,0.9733479290469594,1.0,0.25,1.0,0.5,1.0,0.5,0.0,0.8888888888888888,0.3333333333333333,1.0,0.0,0.9230769230769231,0.18181818181818182,0.4666666666666667,0.6666666666666666,0.0,0.0,1.0,0.0,0.0,0.0,0.0,0.0,1.0,0.0,0.0,0.0,0.0,0.0,0.0,0.0,0.0,0.0,0.0,0.0,1.0,0.0,0.0,0.0,0.0,0.0,0.0,0.0,0.0,0.0,0.0,0.0,0.0,0.0,0.0,0.0,0.0,0.0,1.0,1.0,0.0,0.0,0.0,0.0,1.0,0.0,0.0,1.0,0.0,0.0
0.65625,0.0,0.0,0.0,0.3738662258165408,0.4,1.0,0.75,0.5,0.3333333333333333,0.5,1.0,0.8888888888888888,0.0,0.0,1.0,0.9230769230769231,0.18181818181818182,0.5333333333333333,1.0,0.0,0.0,0.0,0.0,0.0,1.0,0.0,0.0,0.0,0.0,1.0,0.0,0.0,0.0,0.0,0.0,1.0,0.0,0.0,0.0,0.0,0.0,0.0,0.0,0.0,0.0,0.0,0.0,0.0,0.0,0.0,0.0,0.0,0.0,0.0,0.0,0.0,0.0,1.0,1.0,0.0,0.0,0.0,1.0,0.0,0.0,0.0,0.0,1.0,0.0
0.1875,1.0,1.0,0.0,0.33789821723783564,0.6,0.5,1.0,0.0,0.3333333333333333,1.0,0.5,0.1111111111111111,1.0,0.0,0.0,0.46153846153846156,0.45454545454545453,0.3,0.0,0.0,0.0,1.0,0.0,0.0,0.0,0.0,0.0,1.0,0.0,0.0,0.0,0.0,0.0,0.0,0.0,0.0,0.0,0.0,0.0,0.0,0.0,0.0,0.0,0.0,0.0,0.0,0.0,0.0,0.0,1.0,0.0,0.0,0.0,0.0,0.0,1.0,0.0,0.0,1.0,0.0,0.0,1.0,0.0,0.0,0.0,0.0,0.0,0.0,1.0
0.21875,1.0,0.5,1.0,0.8223939949063939,0.5,0.25,1.0,0.5,0.0,0.5,0.5,0.4444444444444444,0.6666666666666666,1.0,0.0,0.9230769230769231,0.8181818181818182,0.2,0.0,0.0,1.0,0.0,0.0,0.0,0.0,0.0,0.0,0.0,1.0,0.0,0.0,0.0,0.0,0.0,0.0,0.0,0.0,0.0,0.0,0.0,0.0,0.0,0.0,0.0,0.0,0.0,0.0,0.0,0.0,0.0,0.0,0.0,1.0,0.0,0.0,0.0,0.0,1.0,0.0,0.0,1.0,0.0,0.0,0.0,0.0,1.0,0.0,1.0,0.0
0.46875,0.0,0.5,0.0,0.7573164737947367,1.0,0.0,0.75,0.25,0.3333333333333333,0.0,0.0,0.3333333333333333,1.0,1.0,0.0,0.8461538461538461,0.5454545454545454,0.03333333333333333,0.16666666666666666,0.0,0.0,0.0,0.0,0.0,1.0,0.0,0.0,1.0,0.0,0.0,0.0,0.0,0.0,0.0,0.0,0.0,0.0,0.0,0.0,0.0,0.0,0.0,0.0,0.0,0.0,0.0,0.0,0.0,1.0,0.0,0.0,0.0,0.0,0.0,0.0,1.0,0.0,0.0,1.0,0.0,0.0,0.0,0.0,0.0,0.0,1.0,1.0,0.0,0.0
0.625,1.0,0.5,0.0,0.4204905947008623,0.3,0.75,0.5,0.5,0.6666666666666666,1.0,0.0,1.0,1.0,1.0,0.0,0.0,1.0,0.8666666666666667,0.6666666666666666,0.0,0.0,1.0,0.0,0.0,0.0,0.0,0.0,0.0,0.0,0.0,1.0,0.0,0.0,0.0,0.0,0.0,0.0,0.0,0.0,0.0,0.0,0.0,0.0,0.0,0.0,0.0,0.0,0.0,0.0,0.0,0.0,0.0,1.0,0.0,0.0,0.0,0.0,1.0,0.0,0.0,1.0,1.0,0.0,0.0,0.0,0.0,0.0,1.0,0.0
0.5,0.0,0.5,1.0,0.023479737277154723,0.5,1.0,0.25,1.0,0.3333333333333333,1.0,0.5,0.6666666666666666,1.0,1.0,1.0,0.3076923076923077,0.6363636363636364,0.13333333333333333,0.0,0.0,0.0,0.0,0.0,0.0,1.0,0.0,0.0,0.0,0.0,1.0,0.0,0.0,0.0,0.0,0.0,0.0,0.0,0.0,0.0,0.0,0.0,0.0,0.0,0.0,0.0,0.0,0.0,1.0,0.0,0.0,0.0,0.0,0.0,0.0,0.0,1.0,0.0,0.0,1.0,0.0,0.0,0.0,0.0,1.0,0.0,0.0,0.0,1.0,0.0
0.4375,1.0,0.0,0.0,0.06501049997765962,0.2,1.0,1.0,0.0,1.0,0.0,0.0,0.8888888888888888,1.0,0.0,1.0,1.0,0.5454545454545454,0.5,0.16666666666666666,0.0,0.0,0.0,0.0,0.0,1.0,0.0,0.0,0.0,1.0,0.0,0.0,1.0,0.0,0.0,0.0,0.0,0.0,0.0,0.0,0.0,0.0,0.0,0.0,0.0,0.0,0.0,0.0,0.0,0.0,0.0,0.0,0.0,0.0,0.0,0.0,0.0,1.0,0.0,0.0,1.0,0.0,0.0,0.0,1.0,0.0,0.0,0.0,0.0,1.0
0.375,1.0,0.0,1.0,0.017425494839372675,0.0,0.75,0.75,0.25,0.0,0.0,0.0,0.3333333333333333,0.6666666666666666,1.0,1.0,1.0,1.0,0.43333333333333335,0.8333333333333334,0.0,0.0,1.0,0.0,0.0,0.0,0.0,0.0,0.0,0.0,0.0,1.0,0.0,0.0,0.0,0.0,0.0,0.0,0.0,0.0,0.0,0.0,0.0,1.0,0.0,0.0,0.0,0.0,0.0,0.0,0.0,0.0,0.0,0.0,0.0,0.0,0.0,0.0,1.0,1.0,0.0,0.0,0.0,0.0,0.0,0.0,1.0,0.0,1.0,0.0
0.6875,1.0,1.0,1.0,0.1308699343192887,0.1,0.5,0.75,0.0,0.6666666666666666,0.5,1.0,0.1111111111111111,1.0,0.0,1.0,0.7692307692307693,0.6363636363636364,0.3333333333333333,1.0,0.0,0.0,0.0,0.0,0.0,1.0,0.0,0.0,1.0,0.0,0.0,0.0,0.0,0.0,0.0,0.0,0.0,0.0,0.0,0.0,0.0,0.0,0.0,0.0,0.0,0.0,1.0,0.0,0.0,0.0,0.0,0.0,0.0,0.0,0.0,0.0,0.0,0.0,1.0,1.0,0.0,0.0,0.0,0.0,1.0,0.0,0.0,1.0,0.0,0.0
0.59375,1.0,0.5,1.0,0.6830347169474108,0.4,1.0,1.0,1.0,0.3333333333333333,1.0,0.0,0.6666666666666666,0.6666666666666666,0.0,1.0,0.5384615384615384,0.8181818181818182,0.5666666666666667,0.6666666666666666,0.0,0.0,0.0,0.0,0.0,1.0,0.0,0.0,0.0,0.0,1.0,0.0,0.0,0.0,0.0,0.0,0.0,0.0,0.0,0.0,1.0,0.0,0.0,0.0,0.0,0.0,0.0,0.0,0.0,0.0,0.0,0.0,0.0,0.0,0.0,0.0,0.0,1.0,0.0,0.0,1.0,0.0,0.0,1.0,0.0,0.0,0.0,0.0,0.0,1.0
0.625,0.0,0.5,1.0,0.41615656136901835,0.8,0.25,0.75,0.0,1.0,1.0,0.0,0.7777777777777778,0.0,1.0,1.0,0.9230769230769231,1.0,0.26666666666666666,0.0,0.0,0.0,1.0,0.0,0.0,0.0,0.0,0.0,1.0,0.0,0.0,0.0,0.0,0.0,0.0,0.0,0.0,0.0,0.0,0.0,0.0,0.0,0.0,0.0,0.0,0.0,0.0,0.0,0.0,1.0,0.0,0.0,0.0,0.0,0.0,0.0,0.0,1.0,0.0,0.0,0.0,1.0,0.0,0.0,0.0,0.0,1.0,0.0,1.0,0.0
0.5625,0.0,0.5,1.0,0.9018363790715339,0.8,0.25,0.75,1.0,0.6666666666666666,0.0,0.0,0.2222222222222222,0.0,0.0,1.0,0.15384615384615385,0.5454545454545454,0.7333333333333333,0.16666666666666666,0.0,0.0,0.0,0.0,0.0,1.0,0.0,0.0,0.0,0.0,0.0,1.0,0.0,0.0,0.0,0.0,0.0,0.0,0.0,0.0,0.0,0.0,0.0,0.0,0.0,0.0,0.0,0.0,0.0,0.0,0.0,1.0,0.0,0.0,0.0,0.0,1.0,0.0,0.0,1.0,0.0,0.0,0.0,0.0,0.0,1.0,0.0,0.0,0.0,1.0
0.34375,1.0,0.5,0.0,0.9830659934766096,0.8,0.25,0.75,0.5,0.0,1.0,0.5,0.3333333333333333,0.3333333333333333,0.0,0.0,0.9230769230769231,0.5454545454545454,0.23333333333333334,0.0,0.0,0.0,1.0,0.0,0.0,0.0,0.0,0.0,0.0,0.0,0.0,1.0,0.0,0.0,0.0,0.0,0.0,0.0,1.0,0.0,0.0,0.0,0.0,0.0,0.0,0.0,0.0,0.0,0.0,0.0,0.0,0.0,0.0,0.0,0.0,0.0,1.0,0.0,0.0,0.0,1.0,0.0,0.0,0.0,1.0,0.0,0.0,0.0,0.0,1.0
0.09375,0.0,0.0,0.0,0.9212278271748359,0.5,0.75,0.25,0.0,0.0,1.0,0.5,0.1111111111111111,0.6666666666666666,1.0,0.0,0.7692307692307693,0.5454545454545454,0.7333333333333333,0.16666666666666666,0.0,0.0,1.0,0.0,0.0,0.0,0.0,0.0,0.0,0.0,0.0,1.0,0.0,0.0,0.0,0.0,0.0,0.0,0.0,0.0,0.0,0.0,0.0,0.0,0.0,0.0,0.0,0.0,0.0,0.0,0.0,0.0,1.0,0.0,0.0,0.0,0.0,1.0,0.0,0.0,1.0,0.0,0.0,0.0,0.0,0.0,1.0,0.0,1.0,0.0
0.5625,1.0,1.0,1.0,0.013471247933515038,0.3,1.0,0.0,0.0,0.6666666666666666,1.0,0.0,0.5555555555555556,0.0,1.0,0.0,0.46153846153846156,0.5454545454545454,1.0,0.3333333333333333,0.0,0.0,1.0,0.0,0.0,0.0,0.0,0.0,0.0,1.0,0.0,0.0,0.0,0.0,1.0,0.0,0.0,0.0,0.0,0.0,0.0,0.0,0.0,0.0,0.0,0.0,0.0,0.0,0.0,0.0,0.0,0.0,0.0,0.0,0.0,0.0,0.0,0.0,1.0,0.0,1.0,0.0,0.0,0.0,0.0,1.0,0.0,1.0,0.0,0.0
0.625,1.0,0.5,0.0,0.7162548590322149,0.5,0.75,0.75,0.35,0.6666666666666666,0.0,1.0,0.0,0.0,1.0,1.0,0.38461538461538464,0.09090909090909091,0.8,1.0,0.0,0.0,0.0,0.0,0.0,1.0,0.0,0.0,1.0,0.0,0.0,0.0,0.0,0.0,0.0,0.0,0.0,0.0,0.0,0.0,0.0,0.0,0.0,0.0,0.0,0.0,0.0,0.0,0.0,0.0,0.0,0.0,0.0,0.0,1.0,0.0,1.0,0.0,0.0,0.0,0.0,1.0,0.0,0.0,1.0,0.0,0.0,0.0,0.0,1.0
0.59375,0.0,0.5,0.0,0.9166033689290023,0.5,0.25,0.75,0.5,1.0,0.0,0.0,0.7777777777777778,0.3333333333333333,0.0,1.0,0.6153846153846154,0.5454545454545454,0.3,0.3333333333333333,0.0,0.0,1.0,0.0,0.0,0.0,0.0,0.0,0.0,0.0,1.0,0.0,0.0,0.0,0.0,0.0,0.0,0.0,0.0,0.0,0.0,0.0,0.0,0.0,0.0,0.0,0.0,0.0,0.0,0.0,0.0,0.0,1.0,0.0,0.0,0.0,0.0,0.0,1.0,0.0,0.0,1.0,1.0,0.0,0.0,0.0,0.0,0.0,0.0,1.0
0.46875,1.0,0.5,1.0,0.452750100531701,0.4,0.75,0.0,0.5,0.0,1.0,1.0,1.0,1.0,1.0,0.0,0.5384615384615384,1.0,0.8,0.3333333333333333,0.0,0.0,1.0,0.0,0.0,0.0,0.0,0.0,0.0,1.0,0.0,0.0,0.0,0.0,0.0,0.0,0.0,0.0,0.0,1.0,0.0,0.0,0.0,0.0,0.0,0.0,0.0,0.0,0.0,0.0,0.0,0.0,0.0,0.0,0.0,0.0,1.0,0.0,0.0,0.0,0.0,1.0,0.0,0.0,0.0,1.0,0.0,0.0,0.0,1.0
0.59375,1.0,0.0,1.0,0.19172512398909788,0.1,0.25,0.75,1.0,1.0,0.0,0.5,0.2222222222222222,1.0,1.0,1.0,0.6923076923076923,0.36363636363636365,1.0,0.6666666666666666,0.0,0.0,0.0,0.0,0.0,1.0,0.0,0.0,0.0,0.0,0.0,1.0,0.0,0.0,0.0,0.0,0.0,0.0,0.0,0.0,0.0,0.0,0.0,0.0,0.0,0.0,0.0,0.0,0.0,0.0,0.0,1.0,0.0,0.0,0.0,0.0,0.0,1.0,0.0,0.0,1.0,0.0,0.0,0.0,0.0,0.0,1.0,0.0,0.0,1.0
0.40625,0.0,1.0,0.0,0.9792681292167464,0.8,1.0,0.5,0.0,1.0,0.5,1.0,0.1111111111111111,1.0,1.0,1.0,0.46153846153846156,0.7272727272727273,0.1,0.3333333333333333,0.0,0.0,1.0,0.0,0.0,0.0,0.0,0.0,0.0,0.0,1.0,0.0,0.0,1.0,0.0,0.0,0.0,0.0,0.0,0.0,0.0,0.0,0.0,0.0,0.0,0.0,0.0,0.0,0.0,0.0,0.0,0.0,0.0,0.0,0.0,0.0,0.0,0.0,1.0,1.0,0.0,0.0,0.0,0.0,0.0,0.0,1.0,0.0,0.0,1.0
1.0,1.0,1.0,1.0,0.06970197935749071,0.8,0.5,0.75,0.5,0.6666666666666666,1.0,0.0,0.3333333333333333,0.0,0.0,1.0,0.07692307692307693,0.5454545454545454,0.7666666666666667,0.3333333333333333,0.0,0.0,0.0,0.0,0.0,1.0,0.0,0.0,0.0,0.0,1.0,0.0,0.0,0.0,0.0,0.0,0.0,0.0,1.0,0.0,0.0,0.0,0.0,0.0,0.0,0.0,0.0,0.0,0.0,0.0,0.0,0.0,0.0,0.0,0.0,0.0,1.0,0.0,0.0,1.0,0.0,0.0,0.0,0.0,1.0,0.0,0.0,1.0,0.0,0.0
1.0,0.0,0.5,0.0,0.1900942763951566,0.0,0.25,1.0,0.5,0.3333333333333333,0.5,0.5,0.1111111111111111,1.0,0.0,1.0,0.6153846153846154,0.9090909090909091,0.5,0.8333333333333334,0.0,0.0,0.0,0.0,0.0,1.0,0.0,0.0,0.0,1.0,0.0,0.0,0.0,1.0,0.0,0.0,0.0,0.0,0.0,0.0,0.0,0.0,0.0,0.0,0.0,0.0,0.0,0.0,0.0,0.0,0.0,0.0,0.0,0.0,0.0,0.0,1.0,0.0,0.0,1.0,0.0,0.0,0.0,0.0,1.0,0.0,0.0,0.0,1.0,0.0
0.84375,0.0,0.0,0.0,0.7406505518073366,1.0,0.0,1.0,0.5,1.0,1.0,0.5,0.3333333333333333,1.0,1.0,1.0,0.15384615384615385,0.5454545454545454,0.16666666666666666,0.8333333333333334,0.0,0.0,1.0,0.0,0.0,0.0,0.0,0.0,0.0,0.0,0.0,1.0,0.0,0.0,0.0,0.0,0.0,0.0,0.0,0.0,0.0,0.0,0.0,0.0,1.0,0.0,0.0,0.0,0.0,0.0,0.0,0.0,0.0,0.0,0.0,0.0,1.0,0.0,0.0,0.0,0.0,1.0,0.0,0.0,0.0,0.0,1.0,0.0,0.0,1.0
0.46875,1.0,0.5,0.0,0.6791251507975515,0.3,0.75,0.25,0.0,0.0,1.0,1.0,0.6666666666666666,0.0,1.0,0.0,0.8461538461538461,0.09090909090909091,0.3,0.8333333333333334,0.0,0.0,1.0,0.0,0.0,0.0,0.0,0.0,0.0,1.0,0.0,0.0,0.0,0.0,0.0,0.0,0.0,0.0,0.0,0.0,0.0,1.0,0.0,0.0,0.0,0.0,0.0,0.0,0.0,0.0,0.0,0.0,0.0,0.0,0.0,0.0,0.0,0.0,1.0,0.0,1.0,0.0,0.0,0.0,0.0,1.0,0.0,1.0,0.0,0.0
0.1875,1.0,0.5,1.0,0.8558822215271883,0.4,0.5,0.25,0.5,0.6666666666666666,0.5,0.0,0.7777777777777778,0.6666666666666666,0.0,1.0,0.6923076923076923,0.45454545454545453,0.9333333333333333,0.8333333333333334,0.0,0.0,0.0,0.0,0.0,1.0,0.0,0.0,1.0,0.0,0.0,0.0,0.0,0.0,0.0,0.0,0.0,0.0,0.0,0.0,0.0,0.0,0.0,0.0,0.0,0.0,0.0,0.0,0.0,1.0,0.0,0.0,0.0,0.0,0.0,0.0,0.0,0.0,1.0,1.0,0.0,0.0,0.0,0.0,0.0,1.0,0.0,1.0,0.0,0.0
0.65625,1.0,0.5,0.0,0.517001027657388,0.3,0.75,1.0,0.5,0.0,0.5,0.5,0.1111111111111111,0.0,1.0,0.0,0.6153846153846154,0.0,0.8333333333333334,0.6666666666666666,0.0,0.0,0.0,1.0,0.0,0.0,0.0,0.0,0.0,1.0,0.0,0.0,0.0,0.0,0.0,0.0,0.0,0.0,0.0,0.0,0.0,0.0,0.0,0.0,0.0,0.0,0.0,0.0,0.0,1.0,0.0,0.0,0.0,0.0,0.0,0.0,0.0,1.0,0.0,0.0,0.0,1.0,0.0,0.0,0.0,1.0,0.0,0.0,0.0,1.0
0.9375,1.0,0.0,0.0,0.9018140386935347,0.8,0.5,0.75,0.0,0.0,0.5,0.0,1.0,0.6666666666666666,1.0,0.0,0.46153846153846156,0.45454545454545453,0.4666666666666667,0.8333333333333334,0.0,0.0,0.0,0.0,0.0,1.0,0.0,0.0,0.0,0.0,0.0,1.0,0.0,0.0,0.0,0.0,0.0,0.0,0.0,0.0,0.0,0.0,0.0,0.0,0.0,0.0,0.0,0.0,0.0,1.0,0.0,0.0,0.0,0.0,0.0,0.0,0.0,0.0,1.0,0.0,1.0,0.0,0.0,0.0,0.0,0.0,1.0,0.0,1.0,0.0
0.21875,0.0,0.0,1.0,0.19697511281890887,0.5,0.25,0.75,0.5,0.0,0.0,0.5,0.2222222222222222,0.0,1.0,0.0,0.23076923076923078,0.45454545454545453,0.23333333333333334,0.8333333333333334,0.0,0.0,0.0,0.0,0.0,1.0,0.0,0.0,0.0,1.0,0.0,0.0,0.0,0.0,0.0,0.0,0.0,0.0,0.0,0.0,0.0,0.0,0.0,0.0,0.0,0.0,0.0,0.0,0.0,1.0,0.0,0.0,0.0,0.0,0.0,0.0,1.0,0.0,0.0,0.0,0.0,1.0,1.0,0.0,0.0,0.0,0.0,0.0,1.0,0.0
0.375,1.0,0.5,1.0,0.0036414816138689125,0.4,0.5,0.75,0.5,0.3333333333333333,0.5,0.5,0.4444444444444444,0.6666666666666666,1.0,1.0,0.9230769230769231,0.36363636363636365,0.6666666666666666,0.16666666666666666,0.0,0.0,1.0,0.0,0.0,0.0,0.0,0.0,0.0,0.0,1.0,0.0,0.0,0.0,0.0,0.0,1.0,0.0,0.0,0.0,0.0,0.0,0.0,0.0,0.0,0.0,0.0,0.0,0.0,0.0,0.0,0.0,0.0,0.0,0.0,0.0,1.0,0.0,0.0,0.0,0.0,1.0,0.0,0.0,0.0,0.0,1.0,1.0,0.0,0.0
0.5,0.0,0.5,1.0,0.6422635270988786,0.5,0.5,1.0,0.0,0.0,0.0,0.5,0.8888888888888888,0.6666666666666666,1.0,0.0,0.46153846153846156,0.7272727272727273,0.0,1.0,0.0,0.0,0.0,0.0,0.0,1.0,0.0,0.0,0.0,0.0,1.0,0.0,0.0,0.0,0.0,0.0,0.0,0.0,0.0,0.0,0.0,0.0,1.0,0.0,0.0,0.0,0.0,0.0,0.0,0.0,0.0,0.0,0.0,0.0,0.0,0.0,0.0,0.0,1.0,0.0,0.0,1.0,0.0,0.0,0.0,1.0,0.0,0.0,0.0,1.0
0.09375,0.0,0.0,0.0,0.47459899021491436,0.1,0.0,1.0,0.5,1.0,0.5,0.5,1.0,1.0,1.0,0.0,0.6923076923076923,0.18181818181818182,0.1,0.0,0.0,0.0,1.0,0.0,0.0,0.0,0.0,0.0,0.0,0.0,0.0,1.0,0.0,0.0,0.0,0.0,0.0,0.0,0.0,0.0,0.0,0.0,0.0,0.0,0.0,0.0,0.0,0.0,0.0,0.0,0.0,0.0,0.0,0.0,1.0,0.0,1.0,0.0,0.0,0.0,0.0,1.0,0.0,0.0,0.0,1.0,0.0,1.0,0.0,0.0
0.5625,0.0,1.0,0.0,0.7168357088601939,0.0,0.25,0.0,1.0,1.0,0.0,0.0,1.0,0.0,1.0,1.0,0.7692307692307693,0.7272727272727273,0.4,0.6666666666666666,0.0,0.0,1.0,0.0,0.0,0.0,0.0,0.0,0.0,1.0,0.0,0.0,0.0,0.0,0.0,0.0,0.0,0.0,0.0,0.0,0.0,0.0,0.0,0.0,0.0,0.0,0.0,0.0,0.0,0.0,0.0,0.0,1.0,0.0,0.0,0.0,0.0,1.0,0.0,0.0,1.0,0.0,1.0,0.0,0.0,0.0,0.0,0.0,1.0,0.0
0.375,0.0,0.5,0.0,0.676220901657656,0.0,0.25,0.5,1.0,0.6666666666666666,1.0,0.0,0.0,0.3333333333333333,0.0,1.0,0.15384615384615385,1.0,0.16666666666666666,0.6666666666666666,0.0,0.0,0.0,0.0,0.0,1.0,0.0,0.0,0.0,0.0,0.0,1.0,0.0,0.0,0.0,0.0,0.0,0.0,0.0,0.0,0.0,0.0,0.0,1.0,0.0,0.0,0.0,0.0,0.0,0.0,0.0,0.0,0.0,0.0,0.0,0.0,0.0,0.0,1.0,0.0,0.0,1.0,0.0,1.0,0.0,0.0,0.0,0.0,1.0,0.0
0.875,0.0,0.0,1.0,0.6226263348375856,0.3,1.0,0.5,0.0,0.6666666666666666,0.5,0.5,0.0,1.0,1.0,1.0,0.07692307692307693,0.8181818181818182,0.6666666666666666,0.0,0.0,0.0,1.0,0.0,0.0,0.0,0.0,0.0,1.0,0.0,0.0,0.0,0.0,0.0,0.0,0.0,0.0,0.0,0.0,0.0,0.0,0.0,0.0,0.0,0.0,0.0,0.0,0.0,0.0,0.0,0.0,0.0,1.0,0.0,0.0,0.0,1.0,0.0,0.0,1.0,0.0,0.0,1.0,0.0,0.0,0.0,0.0,0.0,1.0,0.0
0.875,0.0,1.0,0.0,0.008377641749698404,0.3,0.75,1.0,0.5,1.0,0.0,0.5,0.0,0.3333333333333333,0.0,0.0,0.0,0.9090909090909091,0.5333333333333333,1.0,0.0,0.0,1.0,0.0,0.0,0.0,0.0,0.0,0.0,1.0,0.0,0.0,0.0,0.0,0.0,0.0,0.0,0.0,0.0,1.0,0.0,0.0,0.0,0.0,0.0,0.0,0.0,0.0,0.0,0.0,0.0,0.0,0.0,0.0,0.0,0.0,0.0,0.0,1.0,0.0,0.0,1.0,0.0,0.0,0.0,1.0,0.0,0.0,0.0,1.0
0.78125,1.0,1.0,0.0,0.4611277422813994,0.6,0.25,0.0,0.0,1.0,0.0,1.0,0.0,1.0,1.0,0.0,0.7692307692307693,0.5454545454545454,0.7666666666666667,0.3333333333333333,0.0,0.0,0.0,0.0,0.0,1.0,0.0,0.0,0.0,0.0,0.0,1.0,0.0,0.0,0.0,0.0,1.0,0.0,0.0,0.0,0.0,0.0,0.0,0.0,0.0,0.0,0.0,0.0,0.0,0.0,0.0,0.0,0.0,0.0,0.0,0.0,0.0,0.0,1.0,0.0,1.0,0.0,0.0,0.0,0.0,1.0,0.0,0.0,1.0,0.0
0.78125,1.0,0.5,0.0,0.5413743800545106,0.9,0.75,0.25,0.5,0.0,1.0,0.5,0.2222222222222222,0.3333333333333333,1.0,0.0,0.38461538461538464,0.18181818181818182,0.06666666666666667,1.0,0.0,0.0,0.0,0.0,0.0,1.0,0.0,0.0,1.0,0.0,0.0,0.0,0.0,1.0,0.0,0.0,0.0,0.0,0.0,0.0,0.0,0.0,0.0,0.0,0.0,0.0,0.0,0.0,0.0,0.0,0.0,0.0,0.0,0.0,0.0,0.0,1.0,0.0,0.0,1.0,0.0,0.0,0.0,0.0,0.0,0.0,1.0,0.0,0.0,1.0
0.5,1.0,1.0,1.0,0.1333497162771994,1.0,1.0,0.0,1.0,0.0,0.5,0.5,0.2222222222222222,0.6666666666666666,0.0,0.0,0.8461538461538461,0.9090909090909091,0.4,0.3333333333333333,0.0,0.0,0.0,0.0,0.0,1.0,0.0,0.0,0.0,0.0,1.0,0.0,0.0,0.0,0.0,0.0,1.0,0.0,0.0,0.0,0.0,0.0,0.0,0.0,0.0,0.0,0.0,0.0,0.0,0.0,0.0,0.0,0.0,0.0,0.0,0.0,0.0,1.0,0.0,0.0,0.0,1.0,0.0,0.0,1.0,0.0,0.0,0.0,0.0,1.0
0.75,0.0,1.0,1.0,0.05710200616594432,0.2,0.25,0.5,0.0,0.0,0.0,0.0,0.7777777777777778,0.6666666666666666,1.0,0.0,0.6923076923076923,1.0,0.7666666666666667,0.16666666666666666,0.0,0.0,1.0,0.0,0.0,0.0,0.0,0.0,0.0,1.0,0.0,0.0,0.0,0.0,0.0,0.0,0.0,0.0,0.0,0.0,0.0,0.0,0.0,0.0,0.0,0.0,0.0,0.0,0.0,1.0,0.0,0.0,0.0,0.0,0.0,0.0,1.0,0.0,0.0,0.0,1.0,0.0,0.0,1.0,0.0,0.0,0.0,0.0,0.0,1.0
0.6875,1.0,0.5,0.0,0.7626334837585452,0.4,0.25,1.0,0.5,0.0,1.0,1.0,0.6666666666666666,1.0,1.0,1.0,0.38461538461538464,0.6363636363636364,0.1,1.0,0.0,0.0,1.0,0.0,0.0,0.0,0.0,0.0,0.0,0.0,0.0,1.0,0.0,0.0,0.0,0.0,0.0,0.0,0.0,0.0,0.0,0.0,0.0,0.0,0.0,0.0,0.0,0.0,0.0,0.0,0.0,0.0,0.0,0.0,1.0,0.0,0.0,0.0,1.0,0.0,0.0,1.0,0.0,0.0,0.0,1.0,0.0,1.0,0.0,0.0
0.21875,1.0,0.5,1.0,0.0011393592779589787,0.4,0.25,0.0,0.0,0.0,1.0,0.5,0.4444444444444444,0.6666666666666666,1.0,1.0,0.3076923076923077,0.6363636363636364,0.8,1.0,0.0,0.0,1.0,0.0,0.0,0.0,0.0,0.0,0.0,1.0,0.0,0.0,0.0,0.0,0.0,0.0,0.0,0.0,0.0,0.0,0.0,0.0,0.0,0.0,0.0,0.0,0.0,0.0,0.0,0.0,0.0,0.0,0.0,0.0,1.0,0.0,0.0,0.0,1.0,0.0,0.0,1.0,1.0,0.0,0.0,0.0,0.0,0.0,0.0,1.0
0.625,0.0,0.5,1.0,0.3951119252937759,0.0,0.0,0.25,0.0,1.0,0.5,0.5,0.5555555555555556,0.0,0.0,1.0,1.0,0.6363636363636364,0.5333333333333333,0.8333333333333334,0.0,0.0,0.0,0.0,0.0,1.0,0.0,0.0,1.0,0.0,0.0,0.0,0.0,0.0,0.0,0.0,0.0,1.0,0.0,0.0,0.0,0.0,0.0,0.0,0.0,0.0,0.0,0.0,0.0,0.0,0.0,0.0,0.0,0.0,0.0,0.0,0.0,0.0,1.0,0.0,0.0,1.0,0.0,0.0,0.0,0.0,1.0,0.0,1.0,0.0
0.875,0.0,0.5,0.0,0.7331218444216077,0.5,0.0,0.25,0.0,0.0,1.0,0.5,0.1111111111111111,0.3333333333333333,1.0,0.0,0.3076923076923077,0.2727272727272727,0.0,0.0,0.0,0.0,1.0,0.0,0.0,0.0,0.0,0.0,0.0,0.0,0.0,1.0,0.0,0.0,0.0,0.0,0.0,0.0,0.0,0.0,0.0,0.0,1.0,0.0,0.0,0.0,0.0,0.0,0.0,0.0,0.0,0.0,0.0,0.0,0.0,0.0,0.0,0.0,1.0,0.0,0.0,1.0,0.0,0.0,0.0,0.0,1.0,0.0,1.0,0.0
0.1875,0.0,0.0,1.0,0.8337652473079845,0.6,0.5,0.0,1.0,0.3333333333333333,0.5,0.0,0.8888888888888888,1.0,0.0,1.0,0.5384615384615384,0.6363636363636364,0.7666666666666667,0.8333333333333334,0.0,0.0,1.0,0.0,0.0,0.0,0.0,0.0,0.0,0.0,0.0,1.0,0.0,0.0,0.0,1.0,0.0,0.0,0.0,0.0,0.0,0.0,0.0,0.0,0.0,0.0,0.0,0.0,0.0,0.0,0.0,0.0,0.0,0.0,0.0,0.0,0.0,1.0,0.0,0.0,0.0,1.0,0.0,1.0,0.0,0.0,0.0,0.0,0.0,1.0
0.78125,1.0,1.0,0.0,0.13522630802913183,0.7,1.0,0.25,0.0,0.6666666666666666,0.5,0.0,0.1111111111111111,1.0,1.0,0.0,0.8461538461538461,0.6363636363636364,0.16666666666666666,0.16666666666666666,0.0,0.0,0.0,0.0,0.0,0.0,1.0,0.0,0.0,0.0,0.0,1.0,0.0,1.0,0.0,0.0,0.0,0.0,0.0,0.0,0.0,0.0,0.0,0.0,0.0,0.0,0.0,0.0,0.0,0.0,0.0,0.0,0.0,0.0,0.0,0.0,0.0,1.0,0.0,0.0,1.0,0.0,0.0,1.0,0.0,0.0,0.0,0.0,1.0,0.0
0.59375,0.0,0.5,0.0,0.5553817970600062,0.5,0.25,0.75,0.5,0.6666666666666666,1.0,1.0,0.2222222222222222,0.0,1.0,0.0,0.15384615384615385,0.09090909090909091,0.0,0.5,0.0,0.0,1.0,0.0,0.0,0.0,0.0,0.0,0.0,0.0,1.0,0.0,0.0,0.0,0.0,0.0,0.0,0.0,0.0,0.0,0.0,0.0,0.0,0.0,0.0,0.0,0.0,0.0,0.0,0.0,0.0,0.0,0.0,0.0,0.0,1.0,0.0,1.0,0.0,1.0,0.0,0.0,0.0,0.0,1.0,0.0,0.0,1.0,0.0,0.0
0.75,0.0,1.0,0.0,0.26488986193646397,0.5,0.75,0.75,0.5,0.0,0.5,1.0,0.0,0.3333333333333333,1.0,1.0,0.38461538461538464,0.45454545454545453,0.5333333333333333,0.0,0.0,0.0,0.0,0.0,0.0,1.0,0.0,0.0,0.0,0.0,0.0,1.0,1.0,0.0,0.0,0.0,0.0,0.0,0.0,0.0,0.0,0.0,0.0,0.0,0.0,0.0,0.0,0.0,0.0,0.0,0.0,0.0,0.0,0.0,0.0,0.0,0.0,1.0,0.0,0.0,0.0,1.0,1.0,0.0,0.0,0.0,0.0,0.0,1.0,0.0
0.34375,0.0,0.0,1.0,0.8900853402439569,0.7,0.25,0.0,0.25,0.6666666666666666,0.0,1.0,0.1111111111111111,0.3333333333333333,0.0,0.0,1.0,0.45454545454545453,0.36666666666666664,0.3333333333333333,0.0,0.0,0.0,0.0,0.0,1.0,0.0,0.0,0.0,0.0,0.0,1.0,0.0,0.0,0.0,0.0,0.0,0.0,0.0,0.0,0.0,0.0,0.0,0.0,0.0,0.0,0.0,0.0,0.0,0.0,1.0,0.0,0.0,0.0,0.0,0.0,1.0,0.0,0.0,0.0,0.0,1.0,0.0,1.0,0.0,0.0,0.0,0.0,1.0,0.0
0.53125,1.0,1.0,1.0,0.8417184218756982,0.4,0.75,0.25,0.0,0.6666666666666666,0.0,0.5,0.0,0.3333333333333333,1.0,0.0,0.7692307692307693,1.0,0.5,0.0,0.0,0.0,1.0,0.0,0.0,0.0,0.0,0.0,0.0,1.0,0.0,0.0,1.0,0.0,0.0,0.0,0.0,0.0,0.0,0.0,0.0,0.0,0.0,0.0,0.0,0.0,0.0,0.0,0.0,0.0,0.0,0.0,0.0,0.0,0.0,0.0,0.0,0.0,1.0,0.0,1.0,0.0,0.0,0.0,1.0,0.0,0.0,0.0,0.0,1.0
0.28125,0.0,0.0,1.0,0.2700951700102766,0.1,0.5,0.0,1.0,0.3333333333333333,1.0,0.5,0.5555555555555556,1.0,1.0,0.0,0.5384615384615384,0.8181818181818182,1.0,0.5,0.0,0.0,1.0,0.0,0.0,0.0,0.0,0.0,0.0,0.0,1.0,0.0,0.0,0.0,0.0,0.0,0.0,0.0,0.0,0.0,0.0,0.0,0.0,0.0,0.0,0.0,0.0,0.0,0.0,0.0,0.0,0.0,0.0,1.0,0.0,0.0,0.0,0.0,1.0,1.0,0.0,0.0,0.0,1.0,0.0,0.0,0.0,1.0,0.0,0.0
0.6875,1.0,0.5,1.0,0.42350654573075375,0.1,0.5,1.0,1.0,1.0,0.0,1.0,0.6666666666666666,0.6666666666666666,1.0,1.0,0.23076923076923078,1.0,0.2,0.8333333333333334,0.0,0.0,1.0,0.0,0.0,0.0,0.0,0.0,0.0,1.0,0.0,0.0,0.0,0.0,0.0,0.0,1.0,0.0,0.0,0.0,0.0,0.0,0.0,0.0,0.0,0.0,0.0,0.0,0.0,0.0,0.0,0.0,0.0,0.0,0.0,0.0,0.0,0.0,1.0,0.0,0.0,1.0,1.0,0.0,0.0,0.0,0.0,0.0,0.0,1.0
0.5,1.0,0.0,1.0,0.5796434475671329,0.4,0.25,0.5,1.0,0.6666666666666666,1.0,0.0,1.0,0.0,0.0,0.0,0.9230769230769231,0.09090909090909091,0.7666666666666667,0.8333333333333334,0.0,0.0,1.0,0.0,0.0,0.0,0.0,0.0,0.0,0.0,1.0,0.0,0.0,0.0,0.0,0.0,0.0,0.0,0.0,0.0,1.0,0.0,0.0,0.0,0.0,0.0,0.0,0.0,0.0,0.0,0.0,0.0,0.0,0.0,0.0,0.0,1.0,0.0,0.0,0.0,1.0,0.0,0.0,0.0,1.0,0.0,0.0,0.0,1.0,0.0
0.21875,0.0,0.5,0.0,0.2575622179527277,0.8,1.0,0.5,0.0,1.0,0.0,1.0,1.0,0.6666666666666666,0.0,0.0,0.3076923076923077,0.45454545454545453,0.3333333333333333,0.16666666666666666,0.0,0.0,1.0,0.0,0.0,0.0,0.0,0.0,0.0,1.0,0.0,0.0,0.0,0.0,0.0,0.0,0.0,0.0,0.0,0.0,0.0,0.0,0.0,0.0,0.0,0.0,1.0,0.0,0.0,0.0,0.0,0.0,0.0,0.0,0.0,0.0,0.0,0.0,1.0,0.0,1.0,0.0,0.0,0.0,0.0,0.0,1.0,1.0,0.0,0.0
0.625,1.0,0.5,1.0,0.6954559671149636,0.0,0.25,0.75,0.5,0.0,0.5,1.0,0.0,0.6666666666666666,0.0,0.0,0.0,0.9090909090909091,0.7666666666666667,1.0,0.0,0.0,0.0,0.0,0.0,1.0,0.0,0.0,1.0,0.0,0.0,0.0,0.0,0.0,1.0,0.0,0.0,0.0,0.0,0.0,0.0,0.0,0.0,0.0,0.0,0.0,0.0,0.0,0.0,0.0,0.0,0.0,0.0,0.0,0.0,0.0,1.0,0.0,0.0,0.0,0.0,1.0,0.0,0.0,1.0,0.0,0.0,1.0,0.0,0.0
0.46875,1.0,0.5,0.0,0.6652741164380501,0.1,0.25,0.5,1.0,0.0,0.0,0.0,0.5555555555555556,0.6666666666666666,0.0,0.0,0.5384615384615384,0.5454545454545454,0.26666666666666666,0.16666666666666666,0.0,0.0,0.0,0.0,0.0,0.0,0.0,1.0,0.0,1.0,0.0,0.0,0.0,0.0,0.0,0.0,0.0,0.0,0.0,0.0,0.0,0.0,0.0,0.0,0.0,0.0,0.0,0.0,0.0,0.0,0.0,0.0,0.0,0.0,0.0,1.0,0.0,1.0,0.0,0.0,1.0,0.0,0.0,0.0,1.0,0.0,0.0,0.0,1.0,0.0
0.4375,0.0,0.5,1.0,0.7713238908002324,0.7,0.0,0.75,0.0,0.6666666666666666,1.0,0.5,0.5555555555555556,0.3333333333333333,1.0,1.0,0.0,0.6363636363636364,0.5666666666666667,1.0,0.0,0.0,1.0,0.0,0.0,0.0,0.0,0.0,0.0,1.0,0.0,0.0,1.0,0.0,0.0,0.0,0.0,0.0,0.0,0.0,0.0,0.0,0.0,0.0,0.0,0.0,0.0,0.0,0.0,0.0,0.0,0.0,0.0,0.0,0.0,0.0,1.0,0.0,0.0,0.0,0.0,1.0,0.0,0.0,1.0,0.0,0.0,0.0,0.0,1.0
1.0,0.0,0.0,0.0,0.9478575577498772,0.7,0.25,0.75,0.5,0.0,0.5,0.0,0.7777777777777778,1.0,1.0,0.0,0.3076923076923077,0.5454545454545454,0.3,0.3333333333333333,0.0,0.0,1.0,0.0,0.0,0.0,0.0,0.0,0.0,0.0,0.0,1.0,0.0,0.0,0.0,0.0,0.0,0.0,0.0,0.0,0.0,0.0,0.0,0.0,0.0,0.0,0.0,0.0,0.0,0.0,0.0,0.0,0.0,1.0,0.0,0.0,0.0,0.0,1.0,1.0,0.0,0.0,0.0,1.0,0.0,0.0,0.0,0.0,0.0,1.0
0.53125,0.0,0.0,0.0,0.5266073901970422,0.2,0.0,0.5,0.0,1.0,1.0,1.0,0.2222222222222222,0.0,1.0,0.0,1.0,0.5454545454545454,0.36666666666666664,0.6666666666666666,0.0,0.0,1.0,0.0,0.0,0.0,0.0,0.0,0.0,0.0,0.0,1.0,0.0,0.0,0.0,0.0,0.0,0.0,0.0,0.0,0.0,0.0,0.0,0.0,0.0,0.0,0.0,0.0,1.0,0.0,0.0,0.0,0.0,0.0,0.0,0.0,0.0,1.0,0.0,1.0,0.0,0.0,1.0,0.0,0.0,0.0,0.0,1.0,0.0,0.0
0.03125,1.0,0.0,1.0,0.6313614226352711,0.6,0.0,1.0,0.0,0.3333333333333333,1.0,0.0,0.2222222222222222,1.0,1.0,0.0,0.15384615384615385,0.8181818181818182,0.13333333333333333,0.8333333333333334,0.0,0.0,0.0,1.0,0.0,0.0,0.0,0.0,0.0,0.0,0.0,1.0,0.0,0.0,0.0,0.0,0.0,0.0,0.0,0.0,0.0,0.0,0.0,1.0,0.0,0.0,0.0,0.0,0.0,0.0,0.0,0.0,0.0,0.0,0.0,0.0,0.0,0.0,1.0,0.0,1.0,0.0,0.0,1.0,0.0,0.0,0.0,0.0,1.0,0.0
0.875,1.0,1.0,1.0,0.3859523703141057,0.7,0.25,0.0,0.5,1.0,0.5,0.0,0.1111111111111111,0.0,1.0,1.0,0.5384615384615384,0.7272727272727273,0.6333333333333333,0.6666666666666666,0.0,1.0,0.0,0.0,0.0,0.0,0.0,0.0,0.0,0.0,1.0,0.0,0.0,0.0,0.0,0.0,0.0,0.0,1.0,0.0,0.0,0.0,0.0,0.0,0.0,0.0,0.0,0.0,0.0,0.0,0.0,0.0,0.0,0.0,0.0,0.0,0.0,1.0,0.0,0.0,0.0,1.0,0.0,0.0,1.0,0.0,0.0,0.0,0.0,1.0
0.15625,0.0,1.0,0.0,0.8134578437067155,0.0,0.25,0.75,0.25,1.0,0.5,1.0,0.3333333333333333,1.0,0.0,0.0,0.5384615384615384,0.5454545454545454,0.5,0.16666666666666666,0.0,0.0,0.0,0.0,0.0,1.0,0.0,0.0,1.0,0.0,0.0,0.0,0.0,0.0,0.0,0.0,0.0,0.0,0.0,0.0,0.0,0.0,0.0,0.0,0.0,0.0,0.0,0.0,0.0,0.0,0.0,0.0,0.0,1.0,0.0,0.0,0.0,1.0,0.0,1.0,0.0,0.0,0.0,1.0,0.0,0.0,0.0,1.0,0.0,0.0
0.5,1.0,1.0,1.0,0.7610696572986015,0.3,1.0,0.25,1.0,0.3333333333333333,0.0,0.0,0.6666666666666666,0.3333333333333333,0.0,0.0,0.5384615384615384,0.2727272727272727,0.03333333333333333,0.16666666666666666,0.0,0.0,1.0,0.0,0.0,0.0,0.0,0.0,0.0,0.0,0.0,1.0,0.0,0.0,0.0,0.0,1.0,0.0,0.0,0.0,0.0,0.0,0.0,0.0,0.0,0.0,0.0,0.0,0.0,0.0,0.0,0.0,0.0,0.0,0.0,0.0,1.0,0.0,0.0,0.0,0.0,1.0,0.0,0.0,0.0,1.0,0.0,0.0,1.0,0.0
0.9375,0.0,0.5,1.0,0.7097314686564496,0.9,0.25,1.0,0.5,1.0,0.0,0.0,0.2222222222222222,1.0,0.0,0.0,0.9230769230769231,0.45454545454545453,0.6666666666666666,0.6666666666666666,0.0,0.0,0.0,0.0,0.0,1.0,0.0,0.0,1.0,0.0,0.0,0.0,0.0,0.0,0.0,0.0,0.0,0.0,0.0,0.0,1.0,0.0,0.0,0.0,0.0,0.0,0.0,0.0,0.0,0.0,0.0,0.0,0.0,0.0,0.0,0.0,0.0,0.0,1.0,1.0,0.0,0.0,0.0,1.0,0.0,0.0,0.0,0.0,1.0,0.0
0.28125,0.0,0.0,0.0,0.62028059514767,0.9,0.0,0.75,1.0,1.0,1.0,0.0,0.3333333333333333,0.0,0.0,1.0,0.23076923076923078,0.18181818181818182,0.3333333333333333,0.0,0.0,1.0,0.0,0.0,0.0,0.0,0.0,0.0,0.0,0.0,0.0,1.0,0.0,0.0,0.0,0.0,0.0,0.0,0.0,0.0,1.0,0.0,0.0,0.0,0.0,0.0,0.0,0.0,0.0,0.0,0.0,0.0,0.0,0.0,0.0,0.0,1.0,0.0,0.0,0.0,0.0,1.0,1.0,0.0,0.0,0.0,0.0,1.0,0.0,0.0
0.59375,0.0,0.5,0.0,0.8348152450739467,0.7,0.5,0.0,0.5,1.0,0.5,0.0,0.6666666666666666,0.3333333333333333,1.0,0.0,0.9230769230769231,0.09090909090909091,0.8333333333333334,0.0,0.0,0.0,1.0,0.0,0.0,0.0,0.0,0.0,1.0,0.0,0.0,0.0,0.0,0.0,0.0,0.0,0.0,0.0,0.0,0.0,0.0,0.0,0.0,0.0,0.0,1.0,0.0,0.0,0.0,0.0,0.0,0.0,0.0,0.0,0.0,0.0,0.0,1.0,0.0,0.0,1.0,0.0,0.0,1.0,0.0,0.0,0.0,0.0,1.0,0.0
0.90625,1.0,0.0,1.0,0.3270854742862249,0.8,0.75,0.75,0.0,0.3333333333333333,0.5,0.5,0.0,0.6666666666666666,1.0,1.0,0.6923076923076923,0.45454545454545453,0.43333333333333335,0.6666666666666666,0.0,0.0,0.0,0.0,0.0,1.0,0.0,0.0,0.0,1.0,0.0,0.0,0.0,0.0,0.0,0.0,0.0,0.0,0.0,0.0,0.0,0.0,0.0,0.0,1.0,0.0,0.0,0.0,0.0,0.0,0.0,0.0,0.0,0.0,0.0,0.0,1.0,0.0,0.0,0.0,0.0,1.0,0.0,0.0,0.0,1.0,0.0,0.0,0.0,1.0
0.84375,1.0,0.5,1.0,0.9022385058755195,0.7,0.25,1.0,0.5,0.3333333333333333,0.5,0.0,0.0,0.6666666666666666,1.0,1.0,0.0,0.18181818181818182,0.7666666666666667,1.0,0.0,0.0,0.0,0.0,0.0,1.0,0.0,0.0,0.0,0.0,1.0,0.0,0.0,0.0,0.0,0.0,1.0,0.0,0.0,0.0,0.0,0.0,0.0,0.0,0.0,0.0,0.0,0.0,0.0,0.0,0.0,0.0,0.0,0.0,0.0,0.0,0.0,1.0,0.0,0.0,1.0,0.0,0.0,0.0,1.0,0.0,0.0,1.0,0.0,0.0
0.59375,0.0,0.0,1.0,0.553304141906081,0.2,0.5,0.75,1.0,1.0,1.0,0.0,0.1111111111111111,0.3333333333333333,0.0,1.0,0.15384615384615385,0.2727272727272727,0.8666666666666667,0.8333333333333334,0.0,0.0,0.0,0.0,0.0,1.0,0.0,0.0,1.0,0.0,0.0,0.0,0.0,0.0,0.0,0.0,0.0,0.0,1.0,0.0,0.0,0.0,0.0,0.0,0.0,0.0,0.0,0.0,0.0,0.0,0.0,0.0,0.0,0.0,0.0,0.0,0.0,1.0,0.0,0.0,0.0,1.0,1.0,0.0,0.0,0.0,0.0,0.0,0.0,1.0
0.5625,1.0,0.0,1.0,0.13625396541709486,0.4,0.75,1.0,0.0,0.6666666666666666,0.5,1.0,0.4444444444444444,1.0,0.0,0.0,0.46153846153846156,0.9090909090909091,0.2,0.5,0.0,0.0,0.0,0.0,0.0,1.0,0.0,0.0,1.0,0.0,0.0,0.0,0.0,0.0,0.0,0.0,0.0,1.0,0.0,0.0,0.0,0.0,0.0,0.0,0.0,0.0,0.0,0.0,0.0,0.0,0.0,0.0,0.0,0.0,0.0,0.0,0.0,0.0,1.0,0.0,0.0,1.0,0.0,1.0,0.0,0.0,0.0,0.0,0.0,1.0
0.5,0.0,0.5,0.0,0.7215495286180242,0.8,0.5,0.25,1.0,0.6666666666666666,0.0,0.5,0.7777777777777778,0.0,0.0,1.0,1.0,1.0,0.1,0.3333333333333333,0.0,0.0,0.0,0.0,0.0,1.0,0.0,0.0,0.0,1.0,0.0,0.0,0.0,0.0,0.0,0.0,0.0,1.0,0.0,0.0,0.0,0.0,0.0,0.0,0.0,0.0,0.0,0.0,0.0,0.0,0.0,0.0,0.0,0.0,0.0,0.0,0.0,0.0,1.0,0.0,0.0,1.0,0.0,1.0,0.0,0.0,0.0,1.0,0.0,0.0
0.59375,1.0,1.0,0.0,0.6795049372235379,0.3,0.0,0.0,0.0,0.0,0.0,1.0,0.3333333333333333,0.0,0.0,1.0,0.8461538461538461,0.2727272727272727,0.5666666666666667,0.5,0.0,0.0,0.0,0.0,0.0,1.0,0.0,0.0,0.0,0.0,0.0,1.0,0.0,0.0,0.0,0.0,0.0,0.0,0.0,0.0,0.0,0.0,0.0,0.0,0.0,0.0,0.0,1.0,0.0,0.0,0.0,0.0,0.0,0.0,0.0,0.0,1.0,0.0,0.0,1.0,0.0,0.0,1.0,0.0,0.0,0.0,0.0,1.0,0.0,0.0
0.0,0.0,0.5,1.0,0.3658683704928287,0.0,0.75,0.25,1.0,0.0,1.0,0.5,0.2222222222222222,0.0,1.0,1.0,0.07692307692307693,0.2727272727272727,0.6666666666666666,1.0,0.0,0.0,1.0,0.0,0.0,0.0,0.0,0.0,0.0,0.0,0.0,1.0,0.0,0.0,0.0,0.0,0.0,0.0,0.0,0.0,0.0,0.0,0.0,0.0,0.0,0.0,0.0,0.0,0.0,1.0,0.0,0.0,0.0,0.0,0.0,0.0,0.0,0.0,1.0,0.0,0.0,1.0,1.0,0.0,0.0,0.0,0.0,1.0,0.0,0.0
0.0625,1.0,0.5,0.0,0.779388767257942,0.4,0.5,0.75,0.0,0.0,1.0,0.5,0.7777777777777778,0.3333333333333333,1.0,0.0,0.46153846153846156,0.7272727272727273,0.8,0.3333333333333333,0.0,0.0,0.0,0.0,0.0,1.0,0.0,0.0,1.0,0.0,0.0,0.0,0.0,0.0,0.0,0.0,0.0,0.0,0.0,0.0,0.0,0.0,0.0,0.0,0.0,0.0,0.0,0.0,0.0,0.0,0.0,0.0,1.0,0.0,0.0,0.0,1.0,0.0,0.0,0.0,0.0,1.0,0.0,0.0,0.0,1.0,0.0,0.0,0.0,1.0
0.28125,1.0,0.0,0.0,0.7378580045574372,0.5,0.0,0.25,0.5,0.3333333333333333,0.5,0.0,0.0,0.6666666666666666,1.0,1.0,0.5384615384615384,1.0,0.26666666666666666,0.0,0.0,0.0,1.0,0.0,0.0,0.0,0.0,0.0,0.0,0.0,0.0,1.0,0.0,0.0,0.0,0.0,0.0,0.0,0.0,0.0,0.0,0.0,0.0,0.0,0.0,0.0,0.0,0.0,1.0,0.0,0.0,0.0,0.0,0.0,0.0,0.0,0.0,1.0,0.0,1.0,0.0,0.0,1.0,0.0,0.0,0.0,0.0,0.0,1.0,0.0
0.5625,0.0,0.0,1.0,0.06320092935972477,0.8,0.0,0.25,0.5,0.6666666666666666,1.0,1.0,0.5555555555555556,0.3333333333333333,0.0,1.0,0.46153846153846156,0.7272727272727273,0.43333333333333335,0.8333333333333334,0.0,0.0,0.0,0.0,0.0,1.0,0.0,0.0,0.0,1.0,0.0,0.0,0.0,0.0,0.0,0.0,0.0,0.0,0.0,1.0,0.0,0.0,0.0,0.0,0.0,0.0,0.0,0.0,0.0,0.0,0.0,0.0,0.0,0.0,0.0,0.0,0.0,0.0,1.0,0.0,1.0,0.0,1.0,0.0,0.0,0.0,0.0,0.0,0.0,1.0
0.875,0.0,0.5,0.0,0.14112416782091952,0.0,1.0,0.25,1.0,0.6666666666666666,0.0,1.0,0.3333333333333333,1.0,0.0,0.0,0.6153846153846154,0.18181818181818182,0.9333333333333333,0.6666666666666666,0.0,0.0,1.0,0.0,0.0,0.0,0.0,0.0,0.0,1.0,0.0,0.0,0.0,0.0,0.0,0.0,0.0,0.0,0.0,0.0,0.0,0.0,1.0,0.0,0.0,0.0,0.0,0.0,0.0,0.0,0.0,0.0,0.0,0.0,0.0,0.0,0.0,0.0,1.0,0.0,0.0,1.0,0.0,0.0,0.0,0.0,1.0,1.0,0.0,0.0
0.25,0.0,0.0,0.0,0.15830391850230102,0.2,0.0,1.0,0.0,1.0,0.0,0.0,0.3333333333333333,1.0,0.0,1.0,0.9230769230769231,0.45454545454545453,0.16666666666666666,0.5,0.0,0.0,0.0,0.0,0.0,1.0,0.0,0.0,0.0,1.0,0.0,0.0,0.0,0.0,0.0,0.0,0.0,0.0,0.0,0.0,0.0,0.0,0.0,0.0,0.0,0.0,0.0,0.0,0.0,0.0,0.0,0.0,0.0,0.0,0.0,1.0,0.0,1.0,0.0,1.0,0.0,0.0,0.0,0.0,0.0,1.0,0.0,0.0,1.0,0.0
0.09375,1.0,0.0,0.0,0.36823645056074344,0.9,0.5,0.0,1.0,0.3333333333333333,0.5,1.0,0.5555555555555556,1.0,1.0,1.0,0.6923076923076923,0.2727272727272727,0.23333333333333334,0.0,0.0,0.0,1.0,0.0,0.0,0.0,0.0,0.0,1.0,0.0,0.0,0.0,0.0,0.0,0.0,0.0,0.0,0.0,0.0,0.0,0.0,0.0,0.0,0.0,1.0,0.0,0.0,0.0,0.0,0.0,0.0,0.0,0.0,0.0,0.0,0.0,0.0,0.0,1.0,1.0,0.0,0.0,0.0,1.0,0.0,0.0,0.0,0.0,1.0,0.0
0.78125,1.0,0.5,1.0,0.08114025289307895,0.8,0.0,0.0,0.0,0.3333333333333333,1.0,0.5,0.4444444444444444,1.0,0.0,1.0,0.46153846153846156,0.6363636363636364,0.3333333333333333,1.0,0.0,0.0,0.0,0.0,0.0,1.0,0.0,0.0,0.0,1.0,0.0,0.0,0.0,0.0,0.0,0.0,0.0,0.0,0.0,0.0,1.0,0.0,0.0,0.0,0.0,0.0,0.0,0.0,0.0,0.0,0.0,0.0,0.0,0.0,0.0,0.0,0.0,1.0,0.0,1.0,0.0,0.0,0.0,0.0,0.0,0.0,1.0,0.0,1.0,0.0
0.03125,1.0,0.0,1.0,0.13636566730709082,0.2,0.0,0.75,0.0,1.0,0.0,0.5,0.5555555555555556,1.0,0.0,1.0,0.5384615384615384,0.8181818181818182,0.3,0.5,0.0,0.0,0.0,0.0,0.0,1.0,0.0,0.0,1.0,0.0,0.0,0.0,0.0,0.0,0.0,0.0,0.0,0.0,0.0,0.0,0.0,0.0,0.0,0.0,0.0,0.0,0.0,0.0,0.0,0.0,0.0,0.0,0.0,0.0,0.0,1.0,1.0,0.0,0.0,0.0,0.0,1.0,0.0,0.0,1.0,0.0,0.0,0.0,0.0,1.0
0.71875,1.0,1.0,1.0,0.19098789151512438,0.0,0.5,0.25,1.0,0.3333333333333333,0.0,0.0,0.0,1.0,1.0,1.0,0.6153846153846154,0.45454545454545453,0.4666666666666667,0.8333333333333334,0.0,0.0,1.0,0.0,0.0,0.0,0.0,0.0,0.0,0.0,0.0,1.0,0.0,0.0,0.0,0.0,0.0,0.0,0.0,0.0,0.0,0.0,0.0,0.0,0.0,0.0,0.0,0.0,0.0,0.0,1.0,0.0,0.0,0.0,0.0,0.0,0.0,1.0,0.0,0.0,0.0,1.0,0.0,0.0,0.0,0.0,1.0,1.0,0.0,0.0
0.9375,0.0,0.0,0.0,0.8681470890487467,0.2,0.5,0.25,0.5,0.6666666666666666,1.0,0.0,0.5555555555555556,0.6666666666666666,0.0,1.0,0.46153846153846156,0.6363636363636364,0.3333333333333333,1.0,0.0,0.0,0.0,0.0,0.0,1.0,0.0,0.0,0.0,1.0,0.0,0.0,0.0,0.0,0.0,0.0,0.0,0.0,0.0,1.0,0.0,0.0,0.0,0.0,0.0,0.0,0.0,0.0,0.0,0.0,0.0,0.0,0.0,0.0,0.0,0.0,1.0,0.0,0.0,0.0,1.0,0.0,0.0,0.0,1.0,0.0,0.0,0.0,1.0,0.0
0.03125,0.0,0.5,0.0,0.32219293150440104,0.7,0.75,0.75,0.5,1.0,0.5,0.0,0.3333333333333333,0.0,1.0,1.0,0.3076923076923077,0.18181818181818182,0.9,0.5,0.0,0.0,1.0,0.0,0.0,0.0,0.0,0.0,0.0,1.0,0.0,0.0,0.0,0.0,0.0,0.0,0.0,0.0,0.0,0.0,0.0,0.0,0.0,1.0,0.0,0.0,0.0,0.0,0.0,0.0,0.0,0.0,0.0,0.0,0.0,0.0,0.0,0.0,1.0,0.0,0.0,1.0,0.0,0.0,0.0,1.0,0.0,0.0,1.0,0.0
0.34375,0.0,1.0,1.0,0.7304409990617042,0.6,1.0,0.5,0.0,0.0,1.0,1.0,0.0,1.0,1.0,0.0,1.0,0.36363636363636365,0.4,0.0,0.0,0.0,0.0,0.0,0.0,1.0,0.0,0.0,0.0,0.0,0.0,1.0,0.0,0.0,0.0,0.0,0.0,0.0,0.0,1.0,0.0,0.0,0.0,0.0,0.0,0.0,0.0,0.0,0.0,0.0,0.0,0.0,0.0,0.0,0.0,0.0,0.0,0.0,1.0,1.0,0.0,0.0,0.0,0.0,0.0,0.0,1.0,0.0,1.0,0.0
0.25,1.0,1.0,1.0,0.12935078861534335,0.8,0.5,0.25,0.0,0.0,1.0,0.0,0.2222222222222222,0.3333333333333333,1.0,1.0,1.0,0.9090909090909091,0.7333333333333333,0.8333333333333334,1.0,0.0,0.0,0.0,0.0,0.0,0.0,0.0,0.0,0.0,1.0,0.0,0.0,0.0,0.0,1.0,0.0,0.0,0.0,0.0,0.0,0.0,0.0,0.0,0.0,0.0,0.0,0.0,0.0,0.0,0.0,0.0,0.0,0.0,0.0,0.0,1.0,0.0,0.0,0.0,1.0,0.0,1.0,0.0,0.0,0.0,0.0,0.0,1.0,0.0
0.0625,0.0,0.5,0.0,0.7060899870425807,0.5,0.75,0.5,1.0,0.3333333333333333,0.0,0.0,0.8888888888888888,0.0,0.0,0.0,0.0,0.7272727272727273,0.5666666666666667,0.3333333333333333,0.0,0.0,1.0,0.0,0.0,0.0,0.0,0.0,0.0,1.0,0.0,0.0,0.0,0.0,0.0,0.0,0.0,0.0,0.0,0.0,0.0,0.0,0.0,1.0,0.0,0.0,0.0,0.0,0.0,0.0,0.0,0.0,0.0,0.0,0.0,0.0,0.0,1.0,0.0,0.0,1.0,0.0,0.0,0.0,1.0,0.0,0.0,0.0,0.0,1.0
0.40625,1.0,1.0,0.0,0.2844600330637594,0.3,1.0,0.0,1.0,0.6666666666666666,0.5,0.0,0.4444444444444444,1.0,0.0,0.0,0.8461538461538461,0.5454545454545454,0.5,0.16666666666666666,0.0,0.0,1.0,0.0,0.0,0.0,0.0,0.0,1.0,0.0,0.0,0.0,0.0,0.0,0.0,0.0,0.0,0.0,0.0,0.0,0.0,0.0,0.0,0.0,0.0,0.0,0.0,1.0,0.0,0.0,0.0,0.0,0.0,0.0,0.0,0.0,1.0,0.0,0.0,0.0,0.0,1.0,0.0,1.0,0.0,0.0,0.0,0.0,1.0,0.0
0.15625,1.0,0.0,1.0,0.9168044323309951,0.6,0.75,0.0,0.0,0.6666666666666666,0.5,0.0,0.3333333333333333,0.6666666666666666,1.0,0.0,0.5384615384615384,0.6363636363636364,0.06666666666666667,0.8333333333333334,0.0,0.0,1.0,0.0,0.0,0.0,0.0,0.0,1.0,0.0,0.0,0.0,0.0,0.0,0.0,0.0,0.0,0.0,0.0,0.0,0.0,0.0,0.0,0.0,0.0,0.0,0.0,0.0,0.0,0.0,0.0,0.0,0.0,0.0,1.0,0.0,0.0,0.0,1.0,0.0,1.0,0.0,0.0,0.0,1.0,0.0,0.0,0.0,1.0,0.0
0.03125,1.0,0.0,0.0,0.35845136499709573,0.3,0.25,0.5,0.5,1.0,1.0,0.0,0.2222222222222222,0.0,0.0,0.0,0.07692307692307693,0.45454545454545453,0.9,0.6666666666666666,0.0,0.0,1.0,0.0,0.0,0.0,0.0,0.0,0.0,0.0,1.0,0.0,0.0,0.0,0.0,0.0,0.0,0.0,0.0,0.0,0.0,0.0,0.0,0.0,0.0,0.0,1.0,0.0,0.0,0.0,0.0,0.0,0.0,0.0,0.0,0.0,1.0,0.0,0.0,0.0,1.0,0.0,0.0,0.0,0.0,0.0,1.0,0.0,0.0,1.0
0.15625,0.0,0.5,1.0,0.8293641928421429,0.6,0.5,1.0,0.0,0.6666666666666666,0.0,0.5,0.0,0.0,0.0,1.0,0.46153846153846156,0.18181818181818182,0.5666666666666667,0.0,0.0,0.0,1.0,0.0,0.0,0.0,0.0,0.0,0.0,0.0,0.0,1.0,1.0,0.0,0.0,0.0,0.0,0.0,0.0,0.0,0.0,0.0,0.0,0.0,0.0,0.0,0.0,0.0,0.0,0.0,0.0,0.0,0.0,0.0,0.0,0.0,0.0,1.0,0.0,0.0,1.0,0.0,0.0,0.0,0.0,1.0,0.0,0.0,1.0,0.0
0.96875,0.0,0.5,1.0,0.7324963138376301,0.3,0.25,0.0,0.0,0.0,0.5,0.0,0.3333333333333333,1.0,0.0,0.0,1.0,0.8181818181818182,0.4666666666666667,0.16666666666666666,0.0,0.0,1.0,0.0,0.0,0.0,0.0,0.0,1.0,0.0,0.0,0.0,0.0,0.0,0.0,0.0,0.0,0.0,0.0,0.0,1.0,0.0,0.0,0.0,0.0,0.0,0.0,0.0,0.0,0.0,0.0,0.0,0.0,0.0,0.0,0.0,0.0,0.0,1.0,1.0,0.0,0.0,0.0,0.0,0.0,1.0,0.0,0.0,1.0,0.0
0.15625,1.0,0.0,1.0,0.48751172869844955,0.0,1.0,1.0,0.5,0.6666666666666666,1.0,0.5,0.2222222222222222,0.0,0.0,0.0,0.5384615384615384,0.9090909090909091,0.7333333333333333,0.8333333333333334,0.0,0.0,0.0,0.0,0.0,0.0,1.0,0.0,1.0,0.0,0.0,0.0,0.0,0.0,0.0,0.0,0.0,0.0,0.0,0.0,0.0,0.0,0.0,0.0,0.0,0.0,0.0,0.0,0.0,0.0,1.0,0.0,0.0,0.0,0.0,0.0,0.0,1.0,0.0,0.0,0.0,1.0,0.0,0.0,1.0,0.0,0.0,1.0,0.0,0.0
0.75,0.0,0.5,1.0,0.8805683392162996,0.9,1.0,0.75,0.0,0.6666666666666666,0.0,0.5,0.7777777777777778,0.3333333333333333,0.0,0.0,0.46153846153846156,0.9090909090909091,0.9333333333333333,0.6666666666666666,0.0,0.0,0.0,0.0,0.0,1.0,0.0,0.0,1.0,0.0,0.0,0.0,0.0,0.0,0.0,0.0,0.0,0.0,0.0,0.0,0.0,0.0,0.0,1.0,0.0,0.0,0.0,0.0,0.0,0.0,0.0,0.0,0.0,0.0,0.0,0.0,0.0,0.0,1.0,1.0,0.0,0.0,0.0,0.0,0.0,1.0,0.0,0.0,1.0,0.0
0.0,1.0,0.5,1.0,0.24598990214914432,0.5,0.5,0.0,0.5,1.0,0.5,0.0,0.0,1.0,1.0,1.0,0.15384615384615385,0.5454545454545454,0.26666666666666666,0.16666666666666666,0.0,0.0,1.0,0.0,0.0,0.0,0.0,0.0,0.0,0.0,0.0,1.0,0.0,0.0,0.0,1.0,0.0,0.0,0.0,0.0,0.0,0.0,0.0,0.0,0.0,0.0,0.0,0.0,0.0,0.0,0.0,0.0,0.0,0.0,0.0,0.0,1.0,0.0,0.0,0.0,1.0,0.0,1.0,0.0,0.0,0.0,0.0,0.0,1.0,0.0
0.53125,1.0,1.0,0.0,0.9907287431303338,0.4,0.75,1.0,0.5,0.6666666666666666,0.0,0.5,0.1111111111111111,0.0,0.0,0.0,1.0,0.6363636363636364,0.06666666666666667,0.8333333333333334,0.0,0.0,0.0,0.0,0.0,1.0,0.0,0.0,0.0,0.0,1.0,0.0,0.0,0.0,0.0,0.0,0.0,0.0,0.0,0.0,0.0,0.0,0.0,0.0,0.0,0.0,1.0,0.0,0.0,0.0,0.0,0.0,0.0,0.0,0.0,0.0,0.0,1.0,0.0,1.0,0.0,0.0,1.0,0.0,0.0,0.0,0.0,0.0,0.0,1.0
0.125,0.0,0.5,0.0,0.28224833564183904,0.3,0.5,0.0,0.5,0.0,0.5,1.0,0.0,0.3333333333333333,1.0,1.0,0.0,1.0,0.1,0.3333333333333333,0.0,0.0,0.0,0.0,0.0,1.0,0.0,0.0,0.0,0.0,1.0,0.0,0.0,0.0,0.0,0.0,0.0,0.0,0.0,0.0,0.0,0.0,0.0,0.0,0.0,1.0,0.0,0.0,0.0,0.0,0.0,0.0,0.0,0.0,0.0,0.0,0.0,0.0,1.0,0.0,0.0,1.0,1.0,0.0,0.0,0.0,0.0,0.0,0.0,1.0
0.3125,0.0,1.0,1.0,0.893503418077834,0.5,0.25,1.0,0.0,1.0,0.5,1.0,0.3333333333333333,0.6666666666666666,0.0,1.0,0.6153846153846154,0.45454545454545453,0.4,0.5,0.0,0.0,1.0,0.0,0.0,0.0,0.0,0.0,0.0,1.0,0.0,0.0,0.0,0.0,0.0,0.0,0.0,0.0,0.0,1.0,0.0,0.0,0.0,0.0,0.0,0.0,0.0,0.0,0.0,0.0,0.0,0.0,0.0,0.0,0.0,0.0,1.0,0.0,0.0,0.0,0.0,1.0,0.0,1.0,0.0,0.0,0.0,0.0,1.0,0.0
0.75,1.0,0.5,0.0,0.2536973325588669,0.4,1.0,0.5,1.0,1.0,0.0,1.0,0.6666666666666666,0.3333333333333333,1.0,0.0,1.0,0.5454545454545454,0.4,0.8333333333333334,0.0,0.0,1.0,0.0,0.0,0.0,0.0,0.0,0.0,1.0,0.0,0.0,0.0,1.0,0.0,0.0,0.0,0.0,0.0,0.0,0.0,0.0,0.0,0.0,0.0,0.0,0.0,0.0,0.0,0.0,0.0,0.0,0.0,0.0,0.0,0.0,0.0,0.0,1.0,1.0,0.0,0.0,0.0,0.0,0.0,0.0,1.0,0.0,1.0,0.0
0.59375,0.0,1.0,1.0,0.6604932755462223,1.0,0.75,1.0,0.0,0.6666666666666666,0.5,0.0,0.6666666666666666,0.6666666666666666,0.0,0.0,1.0,0.7272727272727273,0.1,0.3333333333333333,0.0,0.0,1.0,0.0,0.0,0.0,0.0,0.0,0.0,0.0,0.0,1.0,0.0,0.0,0.0,0.0,0.0,0.0,0.0,1.0,0.0,0.0,0.0,0.0,0.0,0.0,0.0,0.0,0.0,0.0,0.0,0.0,0.0,0.0,0.0,0.0,0.0,1.0,0.0,0.0,1.0,0.0,0.0,1.0,0.0,0.0,0.0,0.0,0.0,1.0
0.46875,0.0,0.0,1.0,0.7306644028416961,0.7,0.75,0.25,0.5,0.6666666666666666,0.0,0.5,0.4444444444444444,0.6666666666666666,1.0,1.0,0.15384615384615385,0.6363636363636364,0.8333333333333334,0.0,0.0,0.0,1.0,0.0,0.0,0.0,0.0,0.0,0.0,0.0,0.0,1.0,1.0,0.0,0.0,0.0,0.0,0.0,0.0,0.0,0.0,0.0,0.0,0.0,0.0,0.0,0.0,0.0,0.0,0.0,0.0,0.0,0.0,0.0,0.0,0.0,0.0,1.0,0.0,0.0,0.0,1.0,0.0,1.0,0.0,0.0,0.0,0.0,0.0,1.0
0.875,0.0,0.0,0.0,0.25177606005093606,0.0,1.0,1.0,1.0,0.3333333333333333,0.0,0.5,0.7777777777777778,1.0,1.0,1.0,0.23076923076923078,0.09090909090909091,0.8,1.0,0.0,0.0,1.0,0.0,0.0,0.0,0.0,0.0,0.0,0.0,0.0,1.0,0.0,0.0,0.0,0.0,0.0,0.0,0.0,0.0,0.0,0.0,0.0,0.0,0.0,0.0,0.0,0.0,0.0,0.0,0.0,0.0,0.0,0.0,0.0,1.0,1.0,0.0,0.0,1.0,0.0,0.0,0.0,0.0,0.0,1.0,0.0,1.0,0.0,0.0
0.375,0.0,1.0,0.0,0.9313033376524731,0.8,0.0,0.25,0.0,0.0,0.5,0.5,0.5555555555555556,0.3333333333333333,1.0,1.0,0.46153846153846156,0.2727272727272727,0.4666666666666667,0.0,0.0,0.0,1.0,0.0,0.0,0.0,0.0,0.0,1.0,0.0,0.0,0.0,0.0,0.0,0.0,0.0,0.0,0.0,0.0,0.0,0.0,0.0,0.0,0.0,0.0,0.0,1.0,0.0,0.0,0.0,0.0,0.0,0.0,0.0,0.0,0.0,0.0,1.0,0.0,1.0,0.0,0.0,0.0,0.0,0.0,0.0,1.0,0.0,0.0,1.0
0.65625,0.0,0.5,1.0,0.43965863902417224,0.8,0.25,0.0,1.0,0.3333333333333333,0.5,0.5,0.7777777777777778,0.3333333333333333,1.0,0.0,0.07692307692307693,0.5454545454545454,0.0,0.0,0.0,0.0,1.0,0.0,0.0,0.0,0.0,0.0,0.0,0.0,0.0,1.0,0.0,0.0,0.0,0.0,1.0,0.0,0.0,0.0,0.0,0.0,0.0,0.0,0.0,0.0,0.0,0.0,0.0,0.0,0.0,0.0,0.0,0.0,0.0,0.0,0.0,1.0,0.0,0.0,0.0,1.0,0.0,1.0,0.0,0.0,0.0,0.0,0.0,1.0
0.21875,0.0,0.0,1.0,0.7023591439167152,0.1,0.25,0.5,0.0,0.0,0.0,0.5,0.2222222222222222,1.0,0.0,1.0,0.0,0.6363636363636364,0.9666666666666667,0.6666666666666666,0.0,0.0,1.0,0.0,0.0,0.0,0.0,0.0,0.0,0.0,1.0,0.0,0.0,0.0,0.0,0.0,0.0,0.0,0.0,0.0,0.0,0.0,0.0,0.0,0.0,0.0,0.0,0.0,0.0,0.0,1.0,0.0,0.0,0.0,0.0,0.0,1.0,0.0,0.0,1.0,0.0,0.0,0.0,0.0,1.0,0.0,0.0,0.0,1.0,0.0
0.625,1.0,1.0,0.0,0.9711585720030383,0.3,0.0,0.25,1.0,1.0,0.5,0.5,0.5555555555555556,1.0,1.0,0.0,0.23076923076923078,0.9090909090909091,0.4,0.3333333333333333,0.0,0.0,1.0,0.0,0.0,0.0,0.0,0.0,0.0,0.0,1.0,0.0,0.0,0.0,0.0,0.0,0.0,0.0,0.0,0.0,0.0,0.0,0.0,1.0,0.0,0.0,0.0,0.0,0.0,0.0,0.0,0.0,0.0,0.0,0.0,0.0,0.0,0.0,1.0,1.0,0.0,0.0,0.0,0.0,0.0,1.0,0.0,0.0,1.0,0.0
0.71875,0.0,0.5,1.0,0.44642777355792856,0.2,0.5,0.5,0.5,1.0,0.0,1.0,1.0,0.0,0.0,0.0,0.15384615384615385,1.0,0.8666666666666667,0.6666666666666666,0.0,0.0,1.0,0.0,0.0,0.0,0.0,0.0,0.0,0.0,0.0,1.0,0.0,0.0,0.0,0.0,0.0,0.0,0.0,0.0,0.0,0.0,0.0,1.0,0.0,0.0,0.0,0.0,0.0,0.0,0.0,0.0,0.0,0.0,0.0,0.0,1.0,0.0,0.0,1.0,0.0,0.0,0.0,1.0,0.0,0.0,0.0,0.0,1.0,0.0
0.96875,0.0,0.0,1.0,0.25117286984495774,0.3,1.0,0.75,0.0,0.3333333333333333,0.5,0.5,0.1111111111111111,0.0,1.0,1.0,0.0,0.6363636363636364,0.2,0.3333333333333333,0.0,0.0,1.0,0.0,0.0,0.0,0.0,0.0,1.0,0.0,0.0,0.0,0.0,0.0,0.0,0.0,0.0,0.0,0.0,0.0,0.0,0.0,0.0,0.0,0.0,0.0,0.0,1.0,0.0,0.0,0.0,0.0,0.0,0.0,0.0,0.0,0.0,1.0,0.0,1.0,0.0,0.0,0.0,0.0,1.0,0.0,0.0,0.0,1.0,0.0
0.09375,1.0,0.5,0.0,0.24931861847102452,0.6,1.0,0.0,0.5,1.0,1.0,0.5,0.1111111111111111,0.6666666666666666,0.0,0.0,0.7692307692307693,0.8181818181818182,0.13333333333333333,0.8333333333333334,0.0,0.0,0.0,0.0,0.0,1.0,0.0,0.0,1.0,0.0,0.0,0.0,0.0,0.0,0.0,0.0,0.0,0.0,0.0,0.0,0.0,1.0,0.0,0.0,0.0,0.0,0.0,0.0,0.0,0.0,0.0,0.0,0.0,0.0,0.0,0.0,1.0,0.0,0.0,0.0,0.0,1.0,0.0,1.0,0.0,0.0,0.0,0.0,1.0,0.0
0.59375,0.0,1.0,1.0,0.6199454894776819,0.5,1.0,1.0,1.0,0.3333333333333333,0.0,1.0,0.1111111111111111,0.3333333333333333,0.0,0.0,0.8461538461538461,0.09090909090909091,0.43333333333333335,0.3333333333333333,0.0,0.0,0.0,0.0,0.0,1.0,0.0,0.0,0.0,0.0,0.0,1.0,0.0,0.0,0.0,0.0,0.0,0.0,0.0,0.0,0.0,0.0,0.0,0.0,0.0,0.0,0.0,0.0,0.0,0.0,1.0,0.0,0.0,0.0,0.0,0.0,0.0,1.0,0.0,0.0,1.0,0.0,0.0,1.0,0.0,0.0,0.0,0.0,1.0,0.0
0.375,1.0,1.0,1.0,0.48675215584647685,0.2,0.5,0.5,0.5,1.0,1.0,0.5,0.0,0.6666666666666666,1.0,1.0,0.15384615384615385,0.2727272727272727,0.13333333333333333,0.6666666666666666,0.0,0.0,1.0,0.0,0.0,0.0,0.0,0.0,0.0,1.0,0.0,0.0,0.0,0.0,0.0,0.0,0.0,0.0,0.0,0.0,0.0,0.0,0.0,0.0,0.0,0.0,0.0,0.0,0.0,0.0,0.0,0.0,0.0,1.0,0.0,0.0,0.0,0.0,1.0,1.0,0.0,0.0,0.0,0.0,1.0,0.0,0.0,0.0,0.0,1.0
0.0,1.0,0.0,1.0,0.4616862517313793,0.5,0.5,0.5,0.0,0.6666666666666666,1.0,1.0,0.4444444444444444,0.6666666666666666,1.0,0.0,0.9230769230769231,0.09090909090909091,0.0,0.5,0.0,0.0,1.0,0.0,0.0,0.0,0.0,0.0,1.0,0.0,0.0,0.0,0.0,0.0,0.0,0.0,0.0,0.0,1.0,0.0,0.0,0.0,0.0,0.0,0.0,0.0,0.0,0.0,0.0,0.0,0.0,0.0,0.0,0.0,0.0,0.0,0.0,0.0,1.0,0.0,1.0,0.0,0.0,0.0,0.0,0.0,1.0,1.0,0.0,0.0
0.71875,0.0,0.0,1.0,0.34578437067155177,0.2,1.0,0.5,1.0,0.3333333333333333,0.5,1.0,0.1111111111111111,1.0,1.0,0.0,0.7692307692307693,0.9090909090909091,0.26666666666666666,0.8333333333333334,0.0,0.0,1.0,0.0,0.0,0.0,0.0,0.0,0.0,0.0,1.0,0.0,0.0,0.0,0.0,0.0,0.0,0.0,0.0,0.0,0.0,0.0,0.0,0.0,0.0,0.0,0.0,0.0,0.0,0.0,1.0,0.0,0.0,0.0,0.0,0.0,1.0,0.0,0.0,0.0,0.0,1.0,1.0,0.0,0.0,0.0,0.0,1.0,0.0,0.0
0.6875,1.0,1.0,1.0,0.7979983021312722,0.5,0.25,1.0,0.0,0.3333333333333333,0.0,0.0,0.4444444444444444,0.3333333333333333,1.0,1.0,1.0,0.45454545454545453,0.5333333333333333,0.0,0.0,0.0,0.0,0.0,0.0,1.0,0.0,0.0,1.0,0.0,0.0,0.0,0.0,0.0,0.0,0.0,0.0,0.0,0.0,0.0,0.0,0.0,0.0,0.0,0.0,0.0,0.0,0.0,0.0,1.0,0.0,0.0,0.0,0.0,0.0,0.0,1.0,0.0,0.0,0.0,0.0,1.0,0.0,0.0,0.0,1.0,0.0,0.0,0.0,1.0
0.46875,1.0,0.5,1.0,0.4557883919395916,0.4,0.75,0.5,0.0,0.6666666666666666,1.0,0.0,0.2222222222222222,0.3333333333333333,1.0,1.0,0.15384615384615385,0.45454545454545453,0.0,0.8333333333333334,0.0,0.0,1.0,0.0,0.0,0.0,0.0,0.0,1.0,0.0,0.0,0.0,0.0,0.0,0.0,0.0,0.0,0.0,0.0,1.0,0.0,0.0,0.0,0.0,0.0,0.0,0.0,0.0,0.0,0.0,0.0,0.0,0.0,0.0,0.0,0.0,0.0,0.0,1.0,0.0,1.0,0.0,0.0,0.0,0.0,1.0,0.0,1.0,0.0,0.0
0.375,0.0,0.5,1.0,0.7753674992180868,1.0,0.5,0.5,0.5,0.6666666666666666,0.0,1.0,0.6666666666666666,0.6666666666666666,0.0,1.0,0.7692307692307693,0.7272727272727273,0.7666666666666667,0.16666666666666666,0.0,0.0,1.0,0.0,0.0,0.0,0.0,0.0,1.0,0.0,0.0,0.0,0.0,0.0,0.0,0.0,0.0,1.0,0.0,0.0,0.0,0.0,0.0,0.0,0.0,0.0,0.0,0.0,0.0,0.0,0.0,0.0,0.0,0.0,0.0,0.0,0.0,0.0,1.0,0.0,1.0,0.0,0.0,0.0,0.0,0.0,1.0,0.0,1.0,0.0
0.46875,1.0,0.5,1.0,0.5687413431035253,0.1,0.25,0.5,0.5,0.6666666666666666,1.0,0.5,0.7777777777777778,0.6666666666666666,1.0,1.0,0.6923076923076923,0.7272727272727273,0.13333333333333333,0.5,0.0,0.0,1.0,0.0,0.0,0.0,0.0,0.0,0.0,1.0,0.0,0.0,0.0,0.0,0.0,0.0,0.0,0.0,1.0,0.0,0.0,0.0,0.0,0.0,0.0,0.0,0.0,0.0,0.0,0.0,0.0,0.0,0.0,0.0,0.0,0.0,0.0,0.0,1.0,1.0,0.0,0.0,0.0,0.0,1.0,0.0,0.0,0.0,0.0,1.0
0.84375,0.0,0.0,1.0,0.4627809302533399,0.4,0.25,0.25,0.0,0.0,0.5,0.0,0.3333333333333333,1.0,1.0,1.0,0.0,0.45454545454545453,0.36666666666666664,0.3333333333333333,0.0,0.0,0.0,0.0,0.0,1.0,0.0,0.0,1.0,0.0,0.0,0.0,0.0,0.0,0.0,0.0,0.0,0.0,0.0,1.0,0.0,0.0,0.0,0.0,0.0,0.0,0.0,0.0,0.0,0.0,0.0,0.0,0.0,0.0,0.0,0.0,0.0,0.0,1.0,0.0,0.0,1.0,0.0,0.0,0.0,0.0,1.0,1.0,0.0,0.0
0.75,1.0,0.0,0.0,0.765694115544435,1.0,0.5,0.0,0.0,0.3333333333333333,0.5,1.0,1.0,0.6666666666666666,0.0,0.0,0.8461538461538461,0.8181818181818182,0.16666666666666666,1.0,0.0,0.0,1.0,0.0,0.0,0.0,0.0,0.0,0.0,0.0,1.0,0.0,0.0,0.0,0.0,0.0,0.0,0.0,0.0,0.0,0.0,0.0,0.0,0.0,0.0,0.0,0.0,1.0,0.0,0.0,0.0,0.0,0.0,0.0,0.0,0.0,1.0,0.0,0.0,1.0,0.0,0.0,0.0,1.0,0.0,0.0,0.0,1.0,0.0,0.0
0.375,1.0,0.5,0.0,0.01738081408337429,0.4,0.25,0.25,0.0,0.6666666666666666,1.0,0.0,0.7777777777777778,1.0,1.0,1.0,0.46153846153846156,0.5454545454545454,0.9333333333333333,0.0,0.0,0.0,0.0,0.0,0.0,1.0,0.0,0.0,0.0,1.0,0.0,0.0,0.0,0.0,0.0,0.0,0.0,0.0,0.0,0.0,0.0,0.0,0.0,0.0,1.0,0.0,0.0,0.0,0.0,0.0,0.0,0.0,0.0,0.0,0.0,0.0,0.0,0.0,1.0,0.0,0.0,1.0,0.0,0.0,0.0,1.0,0.0,1.0,0.0,0.0
0.75,0.0,0.0,0.0,0.3926768240918636,0.9,1.0,0.5,1.0,0.0,0.0,1.0,0.6666666666666666,1.0,1.0,0.0,0.7692307692307693,0.8181818181818182,0.5666666666666667,0.6666666666666666,0.0,0.0,0.0,0.0,0.0,1.0,0.0,0.0,0.0,0.0,1.0,0.0,0.0,0.0,0.0,1.0,0.0,0.0,0.0,0.0,0.0,0.0,0.0,0.0,0.0,0.0,0.0,0.0,0.0,0.0,0.0,0.0,0.0,0.0,0.0,0.0,1.0,0.0,0.0,0.0,0.0,1.0,0.0,0.0,1.0,0.0,0.0,1.0,0.0,0.0
0.25,1.0,1.0,0.0,0.9349671596443413,0.4,0.0,0.0,0.5,1.0,0.0,0.0,0.0,0.3333333333333333,0.0,0.0,0.46153846153846156,0.6363636363636364,0.2,0.3333333333333333,0.0,0.0,1.0,0.0,0.0,0.0,0.0,0.0,0.0,0.0,1.0,0.0,0.0,0.0,0.0,0.0,0.0,0.0,0.0,0.0,0.0,0.0,0.0,1.0,0.0,0.0,0.0,0.0,0.0,0.0,0.0,0.0,0.0,0.0,0.0,0.0,1.0,0.0,0.0,0.0,0.0,1.0,0.0,1.0,0.0,0.0,0.0,0.0,1.0,0.0
0.75,1.0,0.0,1.0,0.6358294982351101,0.4,0.5,0.5,0.5,0.0,0.0,0.0,0.0,0.3333333333333333,1.0,0.0,0.6923076923076923,0.6363636363636364,0.36666666666666664,0.0,0.0,0.0,1.0,0.0,0.0,0.0,0.0,0.0,1.0,0.0,0.0,0.0,0.0,0.0,0.0,0.0,0.0,0.0,0.0,0.0,0.0,0.0,0.0,0.0,0.0,0.0,0.0,1.0,0.0,0.0,0.0,0.0,0.0,0.0,0.0,0.0,0.0,1.0,0.0,1.0,0.0,0.0,0.0,0.0,0.0,1.0,0.0,0.0,1.0,0.0
0.40625,1.0,0.0,0.0,0.2994280863232206,0.3,0.75,0.75,0.0,0.6666666666666666,1.0,0.5,0.4444444444444444,1.0,0.0,1.0,0.6923076923076923,0.9090909090909091,0.8666666666666667,0.3333333333333333,0.0,0.0,0.0,0.0,0.0,1.0,0.0,0.0,1.0,0.0,0.0,0.0,1.0,0.0,0.0,0.0,0.0,0.0,0.0,0.0,0.0,0.0,0.0,0.0,0.0,0.0,0.0,0.0,0.0,0.0,0.0,0.0,0.0,0.0,0.0,0.0,1.0,0.0,0.0,0.0,0.0,1.0,0.0,0.0,1.0,0.0,0.0,0.0,1.0,0.0
0.59375,1.0,0.5,0.0,0.8745587775345159,0.3,0.75,0.5,0.5,0.0,1.0,1.0,1.0,1.0,0.0,0.0,0.8461538461538461,0.0,0.8,0.5,0.0,0.0,0.0,0.0,1.0,0.0,0.0,0.0,1.0,0.0,0.0,0.0,0.0,0.0,0.0,0.0,0.0,0.0,0.0,0.0,0.0,0.0,0.0,0.0,0.0,0.0,0.0,0.0,0.0,0.0,0.0,0.0,0.0,0.0,0.0,1.0,1.0,0.0,0.0,0.0,1.0,0.0,0.0,0.0,0.0,0.0,1.0,1.0,0.0,0.0
0.96875,1.0,0.0,0.0,0.8408694875117287,0.6,0.0,0.25,0.5,1.0,0.5,0.0,0.1111111111111111,0.6666666666666666,0.0,1.0,0.3076923076923077,0.36363636363636365,0.3,0.6666666666666666,0.0,0.0,0.0,0.0,0.0,1.0,0.0,0.0,0.0,1.0,0.0,0.0,0.0,0.0,0.0,0.0,0.0,0.0,0.0,0.0,0.0,0.0,0.0,0.0,1.0,0.0,0.0,0.0,0.0,0.0,0.0,0.0,0.0,0.0,0.0,0.0,0.0,1.0,0.0,1.0,0.0,0.0,0.0,0.0,0.0,0.0,1.0,0.0,1.0,0.0
0.5,1.0,0.0,1.0,0.6168401769357937,0.2,0.5,0.25,0.5,1.0,0.5,1.0,0.4444444444444444,0.6666666666666666,1.0,0.0,0.23076923076923078,0.2727272727272727,0.7,0.0,0.0,0.0,0.0,0.0,0.0,1.0,0.0,0.0,0.0,0.0,0.0,1.0,0.0,0.0,0.0,0.0,0.0,0.0,0.0,0.0,0.0,0.0,0.0,0.0,0.0,1.0,0.0,0.0,0.0,0.0,0.0,0.0,0.0,0.0,0.0,0.0,0.0,1.0,0.0,0.0,0.0,1.0,0.0,1.0,0.0,0.0,0.0,0.0,0.0,1.0
0.71875,1.0,0.0,0.0,0.10781466422411867,1.0,0.25,1.0,1.0,0.0,1.0,0.5,0.6666666666666666,1.0,1.0,1.0,0.7692307692307693,0.18181818181818182,0.6,0.16666666666666666,0.0,0.0,0.0,0.0,0.0,1.0,0.0,0.0,0.0,0.0,0.0,1.0,0.0,0.0,0.0,0.0,0.0,0.0,0.0,0.0,0.0,0.0,0.0,0.0,0.0,0.0,1.0,0.0,0.0,0.0,0.0,0.0,0.0,0.0,0.0,0.0,1.0,0.0,0.0,0.0,0.0,1.0,0.0,0.0,0.0,1.0,0.0,0.0,1.0,0.0
0.46875,1.0,0.0,1.0,0.06018497832983335,0.4,0.0,0.75,0.5,0.6666666666666666,0.5,1.0,0.2222222222222222,0.0,1.0,1.0,0.0,0.0,0.7666666666666667,0.3333333333333333,0.0,0.0,0.0,0.0,0.0,1.0,0.0,0.0,0.0,0.0,1.0,0.0,0.0,0.0,0.0,0.0,0.0,0.0,0.0,0.0,0.0,0.0,0.0,1.0,0.0,0.0,0.0,0.0,0.0,0.0,0.0,0.0,0.0,0.0,0.0,0.0,0.0,0.0,1.0,0.0,0.0,1.0,1.0,0.0,0.0,0.0,0.0,0.0,1.0,0.0
0.90625,0.0,1.0,1.0,0.07796791921719315,0.0,0.75,0.25,0.5,1.0,0.0,0.5,0.2222222222222222,0.3333333333333333,1.0,1.0,0.3076923076923077,0.8181818181818182,0.1,0.6666666666666666,0.0,0.0,1.0,0.0,0.0,0.0,0.0,0.0,0.0,0.0,0.0,1.0,0.0,0.0,0.0,0.0,0.0,0.0,1.0,0.0,0.0,0.0,0.0,0.0,0.0,0.0,0.0,0.0,0.0,0.0,0.0,0.0,0.0,0.0,0.0,0.0,0.0,0.0,1.0,1.0,0.0,0.0,0.0,0.0,0.0,1.0,0.0,0.0,0.0,1.0
0.90625,1.0,0.0,1.0,0.25485903221482503,0.2,0.5,0.25,0.0,0.0,0.5,1.0,0.4444444444444444,1.0,1.0,1.0,0.0,0.36363636363636365,0.7333333333333333,0.5,0.0,0.0,0.0,0.0,0.0,1.0,0.0,0.0,0.0,0.0,0.0,1.0,0.0,0.0,0.0,0.0,0.0,0.0,0.0,1.0,0.0,0.0,0.0,0.0,0.0,0.0,0.0,0.0,0.0,0.0,0.0,0.0,0.0,0.0,0.0,0.0,1.0,0.0,0.0,0.0,0.0,1.0,0.0,1.0,0.0,0.0,0.0,0.0,1.0,0.0
0.34375,1.0,0.0,1.0,0.4127384835351414,0.8,0.5,0.75,1.0,0.0,0.0,0.0,0.6666666666666666,0.0,0.0,1.0,0.07692307692307693,0.9090909090909091,0.4,0.3333333333333333,0.0,0.0,1.0,0.0,0.0,0.0,0.0,0.0,0.0,0.0,0.0,1.0,0.0,0.0,0.0,0.0,0.0,0.0,0.0,0.0,0.0,0.0,0.0,0.0,1.0,0.0,0.0,0.0,0.0,0.0,0.0,0.0,0.0,0.0,0.0,0.0,1.0,0.0,0.0,1.0,0.0,0.0,0.0,1.0,0.0,0.0,0.0,0.0,1.0,0.0
0.5625,1.0,1.0,0.0,0.43436396943836286,0.2,0.75,1.0,0.5,1.0,1.0,0.5,0.3333333333333333,0.6666666666666666,1.0,0.0,0.15384615384615385,0.18181818181818182,0.06666666666666667,1.0,0.0,0.0,1.0,0.0,0.0,0.0,0.0,0.0,0.0,0.0,0.0,1.0,0.0,0.0,0.0,0.0,1.0,0.0,0.0,0.0,0.0,0.0,0.0,0.0,0.0,0.0,0.0,0.0,0.0,0.0,0.0,0.0,0.0,0.0,0.0,0.0,0.0,0.0,1.0,0.0,1.0,0.0,0.0,0.0,0.0,0.0,1.0,0.0,0.0,1.0
0.78125,1.0,0.5,0.0,0.8694875117286985,0.3,0.0,0.75,1.0,0.3333333333333333,0.5,0.0,0.8888888888888888,0.6666666666666666,0.0,0.0,0.6923076923076923,0.18181818181818182,0.06666666666666667,1.0,0.0,0.0,0.0,0.0,0.0,1.0,0.0,0.0,1.0,0.0,0.0,0.0,0.0,0.0,0.0,0.0,0.0,0.0,0.0,0.0,0.0,0.0,0.0,0.0,0.0,0.0,0.0,0.0,0.0,0.0,0.0,0.0,0.0,0.0,1.0,0.0,0.0,0.0,1.0,0.0,1.0,0.0,0.0,0.0,0.0,1.0,0.0,1.0,0.0,0.0
0.40625,1.0,0.0,1.0,0.5775211116572093,0.3,0.5,1.0,1.0,0.3333333333333333,0.0,1.0,0.3333333333333333,0.0,0.0,0.0,0.6923076923076923,0.18181818181818182,0.7666666666666667,1.0,0.0,0.0,0.0,0.0,0.0,1.0,0.0,0.0,0.0,0.0,0.0,1.0,0.0,0.0,0.0,0.0,0.0,0.0,0.0,0.0,0.0,0.0,0.0,0.0,0.0,1.0,0.0,0.0,0.0,0.0,0.0,0.0,0.0,0.0,0.0,0.0,0.0,1.0,0.0,0.0,0.0,1.0,1.0,0.0,0.0,0.0,0.0,0.0,0.0,1.0
0.28125,0.0,1.0,0.0,0.21419954425628882,0.8,1.0,0.0,1.0,0.3333333333333333,1.0,0.0,0.1111111111111111,0.0,0.0,1.0,0.15384615384615385,0.0,0.7,0.0,0.0,0.0,0.0,0.0,0.0,1.0,0.0,0.0,0.0,0.0,0.0,1.0,0.0,0.0,0.0,0.0,0.0,0.0,0.0,0.0,0.0,0.0,1.0,0.0,0.0,0.0,0.0,0.0,0.0,0.0,0.0,0.0,0.0,0.0,0.0,0.0,0.0,1.0,0.0,0.0,1.0,0.0,1.0,0.0,0.0,0.0,0.0,0.0,1.0,0.0
0.9375,0.0,0.0,0.0,0.5540860551360529,0.2,0.0,1.0,0.5,1.0,0.0,0.0,0.1111111111111111,0.3333333333333333,0.0,1.0,0.23076923076923078,0.9090909090909091,0.03333333333333333,0.8333333333333334,0.0,0.0,0.0,0.0,0.0,1.0,0.0,0.0,0.0,0.0,1.0,0.0,0.0,0.0,0.0,0.0,0.0,0.0,0.0,0.0,0.0,0.0,0.0,0.0,0.0,0.0,1.0,0.0,0.0,0.0,0.0,0.0,0.0,0.0,0.0,0.0,0.0,0.0,1.0,0.0,0.0,1.0,0.0,0.0,1.0,0.0,0.0,0.0,1.0,0.0
0.03125,1.0,0.5,1.0,0.7691792145123095,0.0,0.0,0.25,1.0,0.6666666666666666,1.0,0.0,0.5555555555555556,0.6666666666666666,1.0,0.0,0.15384615384615385,0.2727272727272727,0.5666666666666667,0.5,0.0,0.0,0.0,0.0,1.0,0.0,0.0,0.0,0.0,0.0,1.0,0.0,0.0,0.0,0.0,0.0,0.0,0.0,0.0,1.0,0.0,0.0,0.0,0.0,0.0,0.0,0.0,0.0,0.0,0.0,0.0,0.0,0.0,0.0,0.0,0.0,0.0,1.0,0.0,1.0,0.0,0.0,0.0,1.0,0.0,0.0,0.0,0.0,0.0,1.0
0.71875,0.0,0.5,1.0,0.7159644341182253,0.8,0.0,0.25,1.0,1.0,0.5,0.5,0.7777777777777778,0.6666666666666666,0.0,0.0,0.0,0.6363636363636364,0.8666666666666667,0.16666666666666666,0.0,0.0,0.0,0.0,0.0,1.0,0.0,0.0,0.0,1.0,0.0,0.0,0.0,0.0,0.0,0.0,0.0,0.0,1.0,0.0,0.0,0.0,0.0,0.0,0.0,0.0,0.0,0.0,0.0,0.0,0.0,0.0,0.0,0.0,0.0,0.0,0.0,1.0,0.0,1.0,0.0,0.0,0.0,1.0,0.0,0.0,0.0,1.0,0.0,0.0
0.46875,0.0,1.0,1.0,0.3195791072784951,0.8,0.75,0.5,0.5,0.6666666666666666,0.0,0.0,0.1111111111111111,0.3333333333333333,0.0,0.0,0.8461538461538461,0.09090909090909091,0.06666666666666667,0.8333333333333334,0.0,0.0,1.0,0.0,0.0,0.0,0.0,0.0,0.0,1.0,0.0,0.0,0.0,0.0,0.0,0.0,0.0,0.0,1.0,0.0,0.0,0.0,0.0,0.0,0.0,0.0,0.0,0.0,0.0,0.0,0.0,0.0,0.0,0.0,0.0,0.0,0.0,1.0,0.0,1.0,0.0,0.0,0.0,0.0,1.0,0.0,0.0,0.0,1.0,0.0
0.78125,0.0,1.0,1.0,0.8345471605379563,0.4,0.0,0.75,1.0,0.0,0.0,1.0,0.7777777777777778,0.3333333333333333,1.0,1.0,0.8461538461538461,0.7272727272727273,0.4666666666666667,1.0,0.0,0.0,0.0,0.0,0.0,1.0,0.0,0.0,1.0,0.0,0.0,0.0,0.0,0.0,1.0,0.0,0.0,0.0,0.0,0.0,0.0,0.0,0.0,0.0,0.0,0.0,0.0,0.0,0.0,0.0,0.0,0.0,0.0,0.0,0.0,0.0,0.0,0.0,1.0,0.0,0.0,1.0,1.0,0.0,0.0,0.0,0.0,0.0,0.0,1.0
0.625,1.0,0.5,1.0,0.9950404360841786,0.0,0.25,0.5,0.5,1.0,0.5,1.0,0.7777777777777778,1.0,1.0,0.0,0.8461538461538461,0.45454545454545453,0.23333333333333334,0.8333333333333334,0.0,0.0,0.0,0.0,0.0,1.0,0.0,0.0,0.0,0.0,1.0,0.0,0.0,0.0,0.0,0.0,0.0,0.0,0.0,0.0,0.0,0.0,0.0,0.0,0.0,0.0,0.0,1.0,0.0,0.0,0.0,0.0,0.0,0.0,0.0,0.0,0.0,1.0,0.0,0.0,1.0,0.0,0.0,0.0,0.0,0.0,1.0,0.0,0.0,1.0
0.71875,1.0,0.5,0.0,0.6505518073365802,0.1,0.75,0.75,0.0,0.3333333333333333,0.0,0.5,0.8888888888888888,0.0,0.0,0.0,0.46153846153846156,0.36363636363636365,1.0,0.6666666666666666,0.0,0.0,0.0,0.0,0.0,1.0,0.0,0.0,0.0,0.0,0.0,1.0,0.0,0.0,1.0,0.0,0.0,0.0,0.0,0.0,0.0,0.0,0.0,0.0,0.0,0.0,0.0,0.0,0.0,0.0,0.0,0.0,0.0,0.0,0.0,0.0,0.0,0.0,1.0,0.0,0.0,1.0,1.0,0.0,0.0,0.0,0.0,1.0,0.0,0.0
0.6875,1.0,1.0,1.0,0.17190920870381124,0.9,0.0,0.25,1.0,0.3333333333333333,0.0,1.0,0.6666666666666666,0.0,0.0,1.0,0.46153846153846156,0.09090909090909091,0.7333333333333333,0.6666666666666666,0.0,0.0,0.0,0.0,0.0,1.0,0.0,0.0,0.0,1.0,0.0,0.0,0.0,0.0,0.0,0.0,0.0,0.0,0.0,0.0,0.0,1.0,0.0,0.0,0.0,0.0,0.0,0.0,0.0,0.0,0.0,0.0,0.0,0.0,0.0,0.0,0.0,0.0,1.0,0.0,1.0,0.0,0.0,1.0,0.0,0.0,0.0,0.0,0.0,1.0
0.90625,0.0,0.5,0.0,0.394888521513784,0.0,0.25,0.25,1.0,0.3333333333333333,1.0,0.5,0.3333333333333333,1.0,1.0,0.0,0.6153846153846154,0.8181818181818182,0.9666666666666667,0.3333333333333333,0.0,0.0,0.0,1.0,0.0,0.0,0.0,0.0,0.0,0.0,1.0,0.0,0.0,0.0,0.0,0.0,0.0,0.0,0.0,0.0,0.0,0.0,0.0,0.0,0.0,0.0,0.0,0.0,0.0,0.0,0.0,0.0,1.0,0.0,0.0,0.0,0.0,0.0,1.0,0.0,0.0,1.0,0.0,0.0,0.0,1.0,0.0,1.0,0.0,0.0
0.53125,1.0,0.5,1.0,0.6529645681604933,0.1,0.75,0.25,1.0,0.3333333333333333,1.0,0.0,0.5555555555555556,0.6666666666666666,0.0,1.0,0.38461538461538464,0.9090909090909091,0.7,0.6666666666666666,0.0,0.0,0.0,0.0,0.0,1.0,0.0,0.0,0.0,0.0,0.0,1.0,0.0,0.0,0.0,0.0,0.0,0.0,0.0,0.0,0.0,0.0,0.0,0.0,1.0,0.0,0.0,0.0,0.0,0.0,0.0,0.0,0.0,0.0,0.0,0.0,1.0,0.0,0.0,0.0,1.0,0.0,0.0,0.0,0.0,1.0,0.0,1.0,0.0,0.0
0.96875,1.0,1.0,0.0,0.5713998480854297,0.3,0.0,0.5,0.0,0.6666666666666666,1.0,0.0,0.8888888888888888,0.3333333333333333,0.0,1.0,1.0,0.7272727272727273,0.4666666666666667,1.0,0.0,0.0,0.0,0.0,0.0,0.0,1.0,0.0,0.0,1.0,0.0,0.0,0.0,0.0,0.0,0.0,0.0,0.0,0.0,0.0,0.0,0.0,0.0,0.0,0.0,0.0,0.0,0.0,0.0,0.0,0.0,1.0,0.0,0.0,0.0,0.0,0.0,1.0,0.0,0.0,0.0,1.0,0.0,1.0,0.0,0.0,0.0,0.0,0.0,1.0
0.125,0.0,1.0,1.0,0.576001965953264,0.1,0.0,0.5,0.0,1.0,0.0,0.5,0.4444444444444444,1.0,0.0,1.0,0.46153846153846156,0.7272727272727273,0.9333333333333333,1.0,0.0,0.0,0.0,0.0,0.0,1.0,0.0,0.0,1.0,0.0,0.0,0.0,0.0,0.0,0.0,0.0,0.0,0.0,0.0,0.0,0.0,0.0,0.0,0.0,0.0,1.0,0.0,0.0,0.0,0.0,0.0,0.0,0.0,0.0,0.0,0.0,0.0,1.0,0.0,1.0,0.0,0.0,0.0,1.0,0.0,0.0,0.0,0.0,0.0,1.0
0.96875,1.0,1.0,0.0,0.16411241678209196,1.0,1.0,0.25,1.0,1.0,1.0,1.0,0.3333333333333333,1.0,1.0,1.0,0.38461538461538464,0.9090909090909091,0.5,0.8333333333333334,0.0,0.0,0.0,0.0,0.0,1.0,0.0,0.0,0.0,0.0,1.0,0.0,0.0,0.0,0.0,0.0,0.0,0.0,0.0,0.0,0.0,0.0,0.0,0.0,0.0,0.0,0.0,0.0,0.0,0.0,0.0,0.0,0.0,0.0,0.0,1.0,0.0,1.0,0.0,0.0,1.0,0.0,0.0,0.0,1.0,0.0,0.0,0.0,0.0,1.0
0.28125,0.0,1.0,0.0,0.06096689155980519,0.3,0.0,1.0,0.0,0.0,0.0,0.5,0.0,0.3333333333333333,1.0,0.0,0.7692307692307693,0.9090909090909091,0.26666666666666666,0.8333333333333334,0.0,0.0,1.0,0.0,0.0,0.0,0.0,0.0,0.0,1.0,0.0,0.0,0.0,0.0,0.0,0.0,0.0,0.0,0.0,0.0,0.0,0.0,0.0,0.0,0.0,0.0,0.0,0.0,0.0,0.0,0.0,0.0,0.0,0.0,0.0,1.0,0.0,0.0,1.0,1.0,0.0,0.0,0.0,0.0,1.0,0.0,0.0,0.0,1.0,0.0
0.28125,1.0,0.5,0.0,0.7647558196684687,0.2,0.75,0.75,0.0,1.0,0.5,0.5,0.2222222222222222,0.6666666666666666,1.0,1.0,0.46153846153846156,0.7272727272727273,0.06666666666666667,0.16666666666666666,0.0,0.0,1.0,0.0,0.0,0.0,0.0,0.0,0.0,1.0,0.0,0.0,0.0,0.0,0.0,0.0,0.0,0.0,0.0,0.0,0.0,0.0,0.0,1.0,0.0,0.0,0.0,0.0,0.0,0.0,0.0,0.0,0.0,0.0,0.0,0.0,0.0,1.0,0.0,0.0,1.0,0.0,1.0,0.0,0.0,0.0,0.0,0.0,0.0,1.0
0.59375,1.0,1.0,0.0,0.11478486215986775,0.1,0.0,0.75,0.0,0.0,1.0,0.5,0.8888888888888888,0.6666666666666666,0.0,1.0,0.0,0.18181818181818182,0.4,0.3333333333333333,0.0,0.0,1.0,0.0,0.0,0.0,0.0,0.0,0.0,0.0,1.0,0.0,0.0,0.0,0.0,0.0,0.0,0.0,0.0,0.0,0.0,0.0,0.0,0.0,0.0,0.0,1.0,0.0,0.0,0.0,0.0,0.0,0.0,0.0,0.0,0.0,0.0,1.0,0.0,0.0,0.0,1.0,0.0,0.0,0.0,0.0,1.0,1.0,0.0,0.0
0.4375,0.0,0.5,1.0,0.8388811938698003,0.1,0.0,0.75,1.0,1.0,0.5,1.0,0.4444444444444444,1.0,0.0,1.0,0.07692307692307693,0.2727272727272727,0.5666666666666667,0.5,0.0,0.0,0.0,0.0,0.0,1.0,0.0,0.0,0.0,1.0,0.0,0.0,0.0,0.0,0.0,0.0,0.0,0.0,0.0,0.0,0.0,0.0,0.0,1.0,0.0,0.0,0.0,0.0,0.0,0.0,0.0,0.0,0.0,0.0,0.0,0.0,0.0,1.0,0.0,0.0,1.0,0.0,0.0,0.0,0.0,1.0,0.0,0.0,0.0,1.0
0.75,0.0,1.0,1.0,0.20016978687279388,0.0,0.25,0.75,0.5,0.3333333333333333,1.0,1.0,0.4444444444444444,0.0,1.0,1.0,0.5384615384615384,0.36363636363636365,0.6666666666666666,0.16666666666666666,0.0,0.0,0.0,0.0,0.0,1.0,0.0,0.0,0.0,0.0,0.0,1.0,0.0,1.0,0.0,0.0,0.0,0.0,0.0,0.0,0.0,0.0,0.0,0.0,0.0,0.0,0.0,0.0,0.0,0.0,0.0,0.0,0.0,0.0,0.0,0.0,0.0,0.0,1.0,1.0,0.0,0.0,1.0,0.0,0.0,0.0,0.0,1.0,0.0,0.0
0.0,1.0,1.0,0.0,0.8109333809928064,0.6,0.5,0.5,0.15,0.3333333333333333,1.0,0.0,0.8888888888888888,1.0,0.0,1.0,0.38461538461538464,0.45454545454545453,0.5333333333333333,0.0,0.0,0.0,1.0,0.0,0.0,0.0,0.0,0.0,0.0,0.0,0.0,1.0,0.0,0.0,0.0,0.0,0.0,0.0,0.0,0.0,0.0,0.0,0.0,0.0,0.0,0.0,0.0,0.0,0.0,0.0,0.0,0.0,1.0,0.0,0.0,0.0,0.0,1.0,0.0,1.0,0.0,0.0,0.0,0.0,0.0,1.0,0.0,0.0,1.0,0.0
0.96875,1.0,1.0,0.0,0.6655645413520397,0.2,1.0,0.25,0.0,1.0,0.5,0.0,0.6666666666666666,0.0,0.0,0.0,0.38461538461538464,0.2727272727272727,0.0,0.0,0.0,0.0,0.0,0.0,0.0,1.0,0.0,0.0,0.0,0.0,0.0,1.0,0.0,1.0,0.0,0.0,0.0,0.0,0.0,0.0,0.0,0.0,0.0,0.0,0.0,0.0,0.0,0.0,0.0,0.0,0.0,0.0,0.0,0.0,0.0,0.0,0.0,0.0,1.0,0.0,1.0,0.0,0.0,0.0,1.0,0.0,0.0,0.0,1.0,0.0
0.15625,0.0,0.0,0.0,0.09061257316473793,0.5,1.0,0.0,0.0,1.0,0.0,1.0,0.5555555555555556,0.0,1.0,1.0,0.9230769230769231,0.45454545454545453,0.6666666666666666,0.6666666666666666,0.0,0.0,1.0,0.0,0.0,0.0,0.0,0.0,0.0,0.0,0.0,1.0,1.0,0.0,0.0,0.0,0.0,0.0,0.0,0.0,0.0,0.0,0.0,0.0,0.0,0.0,0.0,0.0,0.0,0.0,0.0,0.0,0.0,0.0,0.0,0.0,1.0,0.0,0.0,0.0,0.0,1.0,1.0,0.0,0.0,0.0,0.0,1.0,0.0,0.0
0.34375,1.0,0.5,1.0,0.6908315088691301,0.9,0.25,1.0,1.0,0.0,1.0,0.5,0.7777777777777778,0.3333333333333333,0.0,1.0,0.6153846153846154,1.0,0.6,0.5,0.0,0.0,1.0,0.0,0.0,0.0,0.0,0.0,1.0,0.0,0.0,0.0,0.0,0.0,0.0,0.0,0.0,0.0,0.0,0.0,0.0,0.0,0.0,0.0,0.0,0.0,0.0,0.0,1.0,0.0,0.0,0.0,0.0,0.0,0.0,0.0,0.0,1.0,0.0,0.0,1.0,0.0,1.0,0.0,0.0,0.0,0.0,1.0,0.0,0.0
0.21875,0.0,0.0,0.0,0.19545596711496355,0.6,0.0,0.25,1.0,1.0,0.0,0.0,0.5555555555555556,0.3333333333333333,0.0,1.0,0.8461538461538461,0.18181818181818182,0.03333333333333333,0.8333333333333334,0.0,0.0,0.0,0.0,0.0,1.0,0.0,0.0,1.0,0.0,0.0,0.0,0.0,0.0,0.0,0.0,0.0,0.0,0.0,0.0,0.0,1.0,0.0,0.0,0.0,0.0,0.0,0.0,0.0,0.0,0.0,0.0,0.0,0.0,0.0,0.0,1.0,0.0,0.0,1.0,0.0,0.0,0.0,0.0,1.0,0.0,0.0,0.0,1.0,0.0
0.625,1.0,0.0,1.0,0.32532058442428846,0.9,0.75,0.5,0.5,0.6666666666666666,0.0,0.0,0.4444444444444444,0.0,1.0,1.0,0.7692307692307693,0.45454545454545453,0.9333333333333333,0.8333333333333334,1.0,0.0,0.0,0.0,0.0,0.0,0.0,0.0,1.0,0.0,0.0,0.0,0.0,0.0,0.0,0.0,0.0,0.0,0.0,0.0,0.0,0.0,0.0,0.0,0.0,1.0,0.0,0.0,0.0,0.0,0.0,0.0,0.0,0.0,0.0,0.0,0.0,0.0,1.0,1.0,0.0,0.0,0.0,0.0,1.0,0.0,0.0,0.0,0.0,1.0
0.4375,0.0,0.5,0.0,0.44352352441803317,0.6,0.75,0.5,0.5,0.6666666666666666,0.5,1.0,0.2222222222222222,1.0,0.0,1.0,0.46153846153846156,0.6363636363636364,0.9333333333333333,0.5,0.0,0.0,1.0,0.0,0.0,0.0,0.0,0.0,0.0,0.0,0.0,1.0,0.0,0.0,0.0,0.0,0.0,0.0,0.0,0.0,0.0,0.0,0.0,0.0,0.0,0.0,0.0,0.0,0.0,0.0,0.0,1.0,0.0,0.0,0.0,0.0,1.0,0.0,0.0,0.0,1.0,0.0,1.0,0.0,0.0,0.0,0.0,0.0,0.0,1.0
0.84375,1.0,0.0,1.0,0.17512622313569542,1.0,1.0,0.5,1.0,0.3333333333333333,0.0,0.0,0.7777777777777778,1.0,1.0,0.0,0.46153846153846156,0.2727272727272727,0.4666666666666667,0.0,0.0,0.0,0.0,0.0,0.0,1.0,0.0,0.0,1.0,0.0,0.0,0.0,0.0,0.0,0.0,0.0,0.0,0.0,0.0,0.0,1.0,0.0,0.0,0.0,0.0,0.0,0.0,0.0,0.0,0.0,0.0,0.0,0.0,0.0,0.0,0.0,0.0,1.0,0.0,1.0,0.0,0.0,0.0,1.0,0.0,0.0,0.0,0.0,1.0,0.0
0.84375,1.0,1.0,1.0,0.13846566283901524,0.8,0.0,0.75,0.0,1.0,0.0,0.0,0.6666666666666666,0.6666666666666666,0.0,1.0,0.0,0.6363636363636364,0.8666666666666667,0.16666666666666666,0.0,0.0,1.0,0.0,0.0,0.0,0.0,0.0,0.0,1.0,0.0,0.0,0.0,0.0,1.0,0.0,0.0,0.0,0.0,0.0,0.0,0.0,0.0,0.0,0.0,0.0,0.0,0.0,0.0,0.0,0.0,0.0,0.0,0.0,0.0,0.0,1.0,0.0,0.0,0.0,1.0,0.0,0.0,0.0,1.0,0.0,0.0,0.0,0.0,1.0
0.875,0.0,0.5,1.0,0.4850989678745365,0.3,1.0,0.25,1.0,0.6666666666666666,0.5,0.5,0.4444444444444444,1.0,0.0,1.0,0.46153846153846156,0.18181818181818182,0.6333333333333333,0.3333333333333333,0.0,0.0,0.0,0.0,0.0,1.0,0.0,0.0,0.0,0.0,0.0,1.0,0.0,0.0,0.0,1.0,0.0,0.0,0.0,0.0,0.0,0.0,0.0,0.0,0.0,0.0,0.0,0.0,0.0,0.0,0.0,0.0,0.0,0.0,0.0,0.0,0.0,0.0,1.0,0.0,1.0,0.0,0.0,1.0,0.0,0.0,0.0,0.0,0.0,1.0
0.1875,0.0,0.0,0.0,0.3454939457575622,1.0,0.0,1.0,1.0,1.0,1.0,0.0,0.0,0.3333333333333333,0.0,0.0,0.3076923076923077,0.2727272727272727,0.8666666666666667,0.8333333333333334,0.0,0.0,0.0,0.0,0.0,1.0,0.0,0.0,1.0,0.0,0.0,0.0,0.0,0.0,0.0,0.0,0.0,0.0,0.0,0.0,0.0,0.0,0.0,0.0,0.0,1.0,0.0,0.0,0.0,0.0,0.0,0.0,0.0,0.0,0.0,0.0,0.0,0.0,1.0,0.0,0.0,1.0,0.0,1.0,0.0,0.0,0.0,1.0,0.0,0.0
0.9375,1.0,1.0,1.0,0.06342433313971671,0.8,1.0,0.5,0.5,0.0,0.0,0.0,0.8888888888888888,0.6666666666666666,1.0,0.0,0.23076923076923078,0.36363636363636365,0.13333333333333333,1.0,0.0,0.0,0.0,0.0,0.0,0.0,0.0,1.0,1.0,0.0,0.0,0.0,0.0,0.0,0.0,0.0,0.0,0.0,0.0,0.0,0.0,0.0,0.0,0.0,1.0,0.0,0.0,0.0,0.0,0.0,0.0,0.0,0.0,0.0,0.0,0.0,1.0,0.0,0.0,0.0,0.0,1.0,0.0,0.0,1.0,0.0,0.0,1.0,0.0,0.0
0.53125,1.0,0.0,0.0,0.46003306375943875,1.0,0.0,0.75,0.0,1.0,0.5,1.0,0.1111111111111111,0.0,1.0,1.0,0.6923076923076923,0.45454545454545453,0.5,1.0,0.0,0.0,0.0,0.0,0.0,1.0,0.0,0.0,0.0,0.0,0.0,1.0,0.0,0.0,0.0,0.0,0.0,0.0,0.0,0.0,0.0,0.0,0.0,1.0,0.0,0.0,0.0,0.0,0.0,0.0,0.0,0.0,0.0,0.0,0.0,0.0,1.0,0.0,0.0,0.0,1.0,0.0,0.0,0.0,1.0,0.0,0.0,0.0,0.0,1.0
1.0,1.0,0.0,0.0,0.8026227603771057,1.0,1.0,0.75,0.0,0.0,0.0,1.0,0.0,0.6666666666666666,1.0,0.0,0.5384615384615384,0.8181818181818182,0.4666666666666667,0.16666666666666666,0.0,0.0,1.0,0.0,0.0,0.0,0.0,0.0,1.0,0.0,0.0,0.0,0.0,0.0,0.0,0.0,1.0,0.0,0.0,0.0,0.0,0.0,0.0,0.0,0.0,0.0,0.0,0.0,0.0,0.0,0.0,0.0,0.0,0.0,0.0,0.0,0.0,1.0,0.0,1.0,0.0,0.0,0.0,0.0,0.0,0.0,1.0,1.0,0.0,0.0
0.5,0.0,0.0,1.0,0.5381573656226264,0.0,0.5,0.5,1.0,1.0,0.5,0.0,0.6666666666666666,0.0,0.0,1.0,0.15384615384615385,0.6363636363636364,0.0,0.5,0.0,0.0,0.0,0.0,0.0,1.0,0.0,0.0,0.0,0.0,0.0,1.0,0.0,0.0,0.0,0.0,0.0,0.0,0.0,0.0,0.0,0.0,0.0,0.0,0.0,0.0,0.0,0.0,0.0,0.0,0.0,0.0,0.0,1.0,0.0,0.0,1.0,0.0,0.0,1.0,0.0,0.0,1.0,0.0,0.0,0.0,0.0,0.0,0.0,1.0
1.0,0.0,0.5,0.0,0.11391358741789911,0.5,0.5,0.75,1.0,0.6666666666666666,0.0,1.0,0.1111111111111111,0.0,0.0,1.0,0.23076923076923078,0.45454545454545453,0.8,0.16666666666666666,0.0,0.0,1.0,0.0,0.0,0.0,0.0,0.0,0.0,0.0,1.0,0.0,0.0,0.0,0.0,0.0,0.0,0.0,0.0,0.0,0.0,0.0,0.0,0.0,0.0,1.0,0.0,0.0,0.0,0.0,0.0,0.0,0.0,0.0,0.0,0.0,0.0,0.0,1.0,0.0,0.0,1.0,0.0,0.0,1.0,0.0,0.0,0.0,0.0,1.0
1.0,0.0,0.0,0.0,0.7127027389303427,0.0,0.0,0.25,1.0,0.0,0.0,0.0,0.2222222222222222,0.0,1.0,1.0,0.8461538461538461,0.09090909090909091,0.1,1.0,0.0,0.0,1.0,0.0,0.0,0.0,0.0,0.0,0.0,0.0,1.0,0.0,0.0,0.0,0.0,0.0,0.0,0.0,0.0,0.0,0.0,0.0,0.0,1.0,0.0,0.0,0.0,0.0,0.0,0.0,0.0,0.0,0.0,0.0,0.0,0.0,0.0,0.0,1.0,0.0,0.0,1.0,0.0,0.0,1.0,0.0,0.0,0.0,1.0,0.0
0.875,0.0,0.5,1.0,0.045328626960368164,1.0,0.0,1.0,1.0,1.0,0.0,1.0,0.8888888888888888,0.3333333333333333,0.0,0.0,0.9230769230769231,0.45454545454545453,0.8333333333333334,0.3333333333333333,0.0,0.0,0.0,0.0,0.0,1.0,0.0,0.0,0.0,0.0,1.0,0.0,0.0,0.0,1.0,0.0,0.0,0.0,0.0,0.0,0.0,0.0,0.0,0.0,0.0,0.0,0.0,0.0,0.0,0.0,0.0,0.0,0.0,0.0,0.0,0.0,0.0,0.0,1.0,0.0,1.0,0.0,1.0,0.0,0.0,0.0,0.0,0.0,1.0,0.0
0.90625,0.0,1.0,0.0,0.5123542290335552,0.8,0.75,0.0,1.0,0.6666666666666666,1.0,0.5,0.1111111111111111,1.0,1.0,0.0,0.7692307692307693,0.5454545454545454,0.16666666666666666,0.8333333333333334,0.0,0.0,0.0,0.0,0.0,1.0,0.0,0.0,0.0,0.0,1.0,0.0,0.0,0.0,0.0,0.0,0.0,0.0,0.0,0.0,0.0,0.0,0.0,0.0,0.0,0.0,0.0,0.0,0.0,0.0,0.0,1.0,0.0,0.0,0.0,0.0,1.0,0.0,0.0,0.0,1.0,0.0,0.0,1.0,0.0,0.0,0.0,0.0,1.0,0.0
0.53125,1.0,1.0,0.0,0.008936151199678298,0.2,1.0,0.25,0.5,0.3333333333333333,1.0,0.5,0.2222222222222222,0.0,1.0,1.0,0.15384615384615385,0.8181818181818182,0.8333333333333334,0.8333333333333334,0.0,0.0,0.0,0.0,0.0,1.0,0.0,0.0,0.0,0.0,0.0,1.0,0.0,0.0,0.0,0.0,0.0,0.0,0.0,0.0,0.0,0.0,0.0,0.0,0.0,0.0,0.0,1.0,0.0,0.0,0.0,0.0,0.0,0.0,0.0,0.0,0.0,1.0,0.0,1.0,0.0,0.0,0.0,0.0,0.0,0.0,1.0,1.0,0.0,0.0
0.28125,1.0,0.5,0.0,0.15370180063446676,0.9,1.0,1.0,1.0,0.3333333333333333,1.0,1.0,0.7777777777777778,0.3333333333333333,0.0,0.0,0.0,0.36363636363636365,0.2,0.16666666666666666,0.0,0.0,0.0,0.0,0.0,1.0,0.0,0.0,0.0,0.0,0.0,1.0,0.0,0.0,0.0,0.0,0.0,0.0,0.0,0.0,0.0,0.0,0.0,0.0,0.0,0.0,0.0,0.0,0.0,0.0,0.0,1.0,0.0,0.0,0.0,0.0,0.0,1.0,0.0,1.0,0.0,0.0,0.0,0.0,0.0,0.0,1.0,0.0,1.0,0.0
0.59375,1.0,1.0,1.0,0.01516911666145391,1.0,1.0,0.0,0.5,0.0,0.0,0.0,0.2222222222222222,0.0,1.0,1.0,0.9230769230769231,1.0,0.23333333333333334,1.0,0.0,0.0,1.0,0.0,0.0,0.0,0.0,0.0,0.0,0.0,1.0,0.0,0.0,1.0,0.0,0.0,0.0,0.0,0.0,0.0,0.0,0.0,0.0,0.0,0.0,0.0,0.0,0.0,0.0,0.0,0.0,0.0,0.0,0.0,0.0,0.0,0.0,0.0,1.0,1.0,0.0,0.0,1.0,0.0,0.0,0.0,0.0,0.0,1.0,0.0
0.625,1.0,0.5,1.0,0.38948215003797865,0.3,0.25,0.0,0.5,1.0,0.5,0.5,0.0,0.3333333333333333,0.0,0.0,0.6923076923076923,0.45454545454545453,0.8666666666666667,0.5,0.0,0.0,1.0,0.0,0.0,0.0,0.0,0.0,0.0,1.0,0.0,0.0,0.0,0.0,0.0,0.0,1.0,0.0,0.0,0.0,0.0,0.0,0.0,0.0,0.0,0.0,0.0,0.0,0.0,0.0,0.0,0.0,0.0,0.0,0.0,0.0,0.0,1.0,0.0,1.0,0.0,0.0,0.0,1.0,0.0,0.0,0.0,0.0,1.0,0.0
0.71875,1.0,0.0,1.0,0.8722577186005988,0.5,0.5,0.0,0.5,0.3333333333333333,0.5,0.5,0.0,0.0,0.0,0.0,0.5384615384615384,0.6363636363636364,1.0,0.8333333333333334,0.0,0.0,1.0,0.0,0.0,0.0,0.0,0.0,1.0,0.0,0.0,0.0,0.0,0.0,0.0,0.0,0.0,0.0,0.0,1.0,0.0,0.0,0.0,0.0,0.0,0.0,0.0,0.0,0.0,0.0,0.0,0.0,0.0,0.0,0.0,0.0,0.0,0.0,1.0,0.0,1.0,0.0,0.0,0.0,1.0,0.0,0.0,0.0,1.0,0.0
0.9375,0.0,0.0,0.0,0.9617532728653768,0.1,0.0,0.25,0.5,1.0,0.0,0.0,0.0,0.0,0.0,0.0,0.7692307692307693,0.9090909090909091,0.4,0.3333333333333333,0.0,0.0,0.0,0.0,0.0,1.0,0.0,0.0,1.0,0.0,0.0,0.0,1.0,0.0,0.0,0.0,0.0,0.0,0.0,0.0,0.0,0.0,0.0,0.0,0.0,0.0,0.0,0.0,0.0,0.0,0.0,0.0,0.0,0.0,0.0,0.0,0.0,1.0,0.0,1.0,0.0,0.0,0.0,1.0,0.0,0.0,0.0,0.0,1.0,0.0
0.9375,1.0,0.5,0.0,0.11672847504579775,0.1,0.0,0.0,0.5,0.3333333333333333,1.0,0.0,0.6666666666666666,0.3333333333333333,0.0,1.0,0.23076923076923078,1.0,0.6,0.5,0.0,0.0,1.0,0.0,0.0,0.0,0.0,0.0,0.0,1.0,0.0,0.0,0.0,1.0,0.0,0.0,0.0,0.0,0.0,0.0,0.0,0.0,0.0,0.0,0.0,0.0,0.0,0.0,0.0,0.0,0.0,0.0,0.0,0.0,0.0,0.0,0.0,1.0,0.0,1.0,0.0,0.0,0.0,0.0,0.0,0.0,1.0,0.0,0.0,1.0
0.84375,1.0,0.5,1.0,0.6274518564854118,0.9,0.5,0.0,0.0,0.3333333333333333,0.5,0.5,0.5555555555555556,0.6666666666666666,0.0,0.0,1.0,0.36363636363636365,0.16666666666666666,0.0,0.0,0.0,1.0,0.0,0.0,0.0,0.0,0.0,1.0,0.0,0.0,0.0,0.0,0.0,0.0,0.0,0.0,0.0,1.0,0.0,0.0,0.0,0.0,0.0,0.0,0.0,0.0,0.0,0.0,0.0,0.0,0.0,0.0,0.0,0.0,0.0,0.0,1.0,0.0,1.0,0.0,0.0,0.0,0.0,1.0,0.0,0.0,1.0,0.0,0.0
0.25,0.0,0.0,0.0,0.11299763191993209,0.9,0.0,0.0,1.0,0.6666666666666666,0.0,1.0,0.6666666666666666,0.6666666666666666,0.0,1.0,0.23076923076923078,0.8181818181818182,0.9666666666666667,0.3333333333333333,0.0,0.0,0.0,0.0,0.0,0.0,1.0,0.0,0.0,0.0,0.0,1.0,0.0,0.0,0.0,0.0,0.0,0.0,1.0,0.0,0.0,0.0,0.0,0.0,0.0,0.0,0.0,0.0,0.0,0.0,0.0,0.0,0.0,0.0,0.0,0.0,1.0,0.0,0.0,0.0,1.0,0.0,1.0,0.0,0.0,0.0,0.0,0.0,1.0,0.0
1.0,0.0,1.0,1.0,0.20734104821053573,0.7,0.25,1.0,0.5,0.6666666666666666,0.5,1.0,0.2222222222222222,0.0,1.0,0.0,0.8461538461538461,0.2727272727272727,0.3333333333333333,0.5,0.0,0.0,1.0,0.0,0.0,0.0,0.0,0.0,0.0,0.0,1.0,0.0,0.0,0.0,0.0,0.0,0.0,0.0,0.0,0.0,0.0,0.0,0.0,0.0,0.0,0.0,0.0,0.0,0.0,0.0,0.0,1.0,0.0,0.0,0.0,0.0,1.0,0.0,0.0,0.0,0.0,1.0,0.0,1.0,0.0,0.0,0.0,1.0,0.0,0.0
0.65625,0.0,0.5,0.0,0.5043787140878424,0.1,0.0,0.25,0.5,0.0,0.5,0.0,0.3333333333333333,0.3333333333333333,0.0,0.0,0.46153846153846156,0.36363636363636365,0.13333333333333333,1.0,0.0,0.0,0.0,0.0,0.0,1.0,0.0,0.0,0.0,0.0,0.0,1.0,0.0,0.0,0.0,0.0,0.0,0.0,0.0,0.0,0.0,0.0,0.0,0.0,0.0,0.0,0.0,0.0,0.0,0.0,0.0,0.0,0.0,1.0,0.0,0.0,0.0,1.0,0.0,1.0,0.0,0.0,1.0,0.0,0.0,0.0,0.0,1.0,0.0,0.0
0.0625,1.0,0.0,1.0,0.6750368616236987,0.9,1.0,0.5,0.0,1.0,0.0,0.0,0.5555555555555556,1.0,0.0,0.0,0.8461538461538461,0.09090909090909091,0.6,0.0,0.0,0.0,0.0,0.0,0.0,1.0,0.0,0.0,0.0,0.0,0.0,1.0,0.0,0.0,0.0,0.0,0.0,0.0,0.0,0.0,0.0,0.0,0.0,0.0,0.0,0.0,0.0,0.0,0.0,0.0,0.0,0.0,0.0,0.0,1.0,0.0,1.0,0.0,0.0,0.0,0.0,1.0,0.0,0.0,0.0,0.0,1.0,0.0,0.0,1.0
0.9375,0.0,1.0,0.0,0.3975917072516867,0.1,0.25,0.0,1.0,0.3333333333333333,1.0,0.5,0.3333333333333333,0.0,1.0,0.0,0.23076923076923078,0.8181818181818182,0.26666666666666666,0.3333333333333333,0.0,0.0,0.0,0.0,0.0,1.0,0.0,0.0,0.0,1.0,0.0,0.0,0.0,0.0,0.0,0.0,0.0,0.0,0.0,0.0,0.0,0.0,0.0,0.0,0.0,0.0,0.0,0.0,0.0,1.0,0.0,0.0,0.0,0.0,0.0,0.0,0.0,1.0,0.0,0.0,0.0,1.0,0.0,0.0,1.0,0.0,0.0,0.0,0.0,1.0
0.40625,0.0,1.0,1.0,0.5600285956838389,0.4,0.25,0.0,0.0,0.0,1.0,0.5,0.3333333333333333,0.3333333333333333,0.0,0.0,0.7692307692307693,0.2727272727272727,0.6666666666666666,1.0,0.0,0.0,1.0,0.0,0.0,0.0,0.0,0.0,1.0,0.0,0.0,0.0,0.0,0.0,0.0,0.0,0.0,0.0,0.0,1.0,0.0,0.0,0.0,0.0,0.0,0.0,0.0,0.0,0.0,0.0,0.0,0.0,0.0,0.0,0.0,0.0,0.0,0.0,1.0,1.0,0.0,0.0,0.0,0.0,1.0,0.0,0.0,0.0,1.0,0.0
0.21875,0.0,0.5,1.0,0.944528841427997,0.9,0.25,0.75,0.5,0.3333333333333333,0.5,1.0,0.2222222222222222,1.0,0.0,1.0,0.6923076923076923,0.5454545454545454,0.7666666666666667,0.3333333333333333,0.0,0.0,1.0,0.0,0.0,0.0,0.0,0.0,0.0,1.0,0.0,0.0,0.0,0.0,0.0,0.0,1.0,0.0,0.0,0.0,0.0,0.0,0.0,0.0,0.0,0.0,0.0,0.0,0.0,0.0,0.0,0.0,0.0,0.0,0.0,0.0,0.0,1.0,0.0,0.0,0.0,1.0,0.0,0.0,0.0,1.0,0.0,1.0,0.0,0.0
0.0,0.0,0.5,1.0,0.049349895000223395,0.9,0.25,0.75,0.5,1.0,0.5,1.0,1.0,1.0,1.0,0.0,0.15384615384615385,0.6363636363636364,0.6333333333333333,0.16666666666666666,1.0,0.0,0.0,0.0,0.0,0.0,0.0,0.0,0.0,0.0,1.0,0.0,0.0,0.0,0.0,0.0,0.0,0.0,0.0,0.0,0.0,0.0,0.0,0.0,0.0,1.0,0.0,0.0,0.0,0.0,0.0,0.0,0.0,0.0,0.0,0.0,1.0,0.0,0.0,1.0,0.0,0.0,0.0,0.0,0.0,0.0,1.0,1.0,0.0,0.0
0.0,0.0,0.5,1.0,0.2703409141682677,0.1,1.0,0.5,0.5,0.3333333333333333,1.0,0.5,0.1111111111111111,0.0,0.0,1.0,0.8461538461538461,0.18181818181818182,0.7666666666666667,1.0,0.0,0.0,0.0,0.0,0.0,1.0,0.0,0.0,1.0,0.0,0.0,0.0,0.0,0.0,0.0,0.0,0.0,0.0,0.0,0.0,0.0,0.0,0.0,0.0,0.0,0.0,0.0,0.0,0.0,0.0,0.0,1.0,0.0,0.0,0.0,0.0,0.0,0.0,1.0,1.0,0.0,0.0,0.0,0.0,0.0,0.0,1.0,0.0,0.0,1.0
0.40625,0.0,0.0,0.0,0.9311246146284795,0.4,0.25,0.0,0.0,0.0,0.5,0.5,0.0,1.0,0.0,0.0,0.38461538461538464,0.2727272727272727,0.1,0.5,0.0,0.0,0.0,0.0,0.0,1.0,0.0,0.0,0.0,0.0,0.0,1.0,0.0,0.0,0.0,0.0,0.0,0.0,0.0,0.0,0.0,0.0,0.0,0.0,0.0,0.0,0.0,0.0,0.0,0.0,0.0,0.0,1.0,0.0,0.0,0.0,1.0,0.0,0.0,1.0,0.0,0.0,0.0,0.0,0.0,0.0,1.0,0.0,1.0,0.0
0.78125,1.0,0.5,1.0,0.3553907332112059,0.4,1.0,0.0,1.0,1.0,0.0,0.5,0.8888888888888888,0.3333333333333333,1.0,1.0,0.6923076923076923,0.7272727272727273,0.4,0.6666666666666666,0.0,0.0,0.0,0.0,1.0,0.0,0.0,0.0,0.0,1.0,0.0,0.0,0.0,0.0,0.0,0.0,0.0,0.0,0.0,0.0,1.0,0.0,0.0,0.0,0.0,0.0,0.0,0.0,0.0,0.0,0.0,0.0,0.0,0.0,0.0,0.0,0.0,1.0,0.0,0.0,0.0,1.0,0.0,0.0,0.0,1.0,0.0,0.0,0.0,1.0
0.15625,0.0,0.0,0.0,0.22255484562798802,0.7,0.75,0.75,1.0,0.0,0.5,1.0,0.8888888888888888,0.6666666666666666,1.0,0.0,0.38461538461538464,0.2727272727272727,0.7666666666666667,0.3333333333333333,0.0,0.0,0.0,0.0,0.0,1.0,0.0,0.0,0.0,0.0,1.0,0.0,0.0,0.0,0.0,0.0,0.0,0.0,0.0,0.0,0.0,0.0,0.0,0.0,0.0,0.0,0.0,0.0,0.0,0.0,1.0,0.0,0.0,0.0,0.0,0.0,1.0,0.0,0.0,1.0,0.0,0.0,0.0,0.0,1.0,0.0,0.0,1.0,0.0,0.0
0.34375,1.0,0.5,1.0,0.107055091372146,0.5,0.75,1.0,1.0,1.0,0.5,0.5,0.2222222222222222,0.3333333333333333,0.0,1.0,0.38461538461538464,0.0,0.26666666666666666,0.16666666666666666,0.0,0.0,0.0,0.0,0.0,1.0,0.0,0.0,0.0,1.0,0.0,0.0,0.0,0.0,0.0,0.0,0.0,0.0,0.0,0.0,0.0,0.0,0.0,0.0,0.0,0.0,0.0,0.0,1.0,0.0,0.0,0.0,0.0,0.0,0.0,0.0,0.0,0.0,1.0,0.0,0.0,1.0,0.0,0.0,0.0,1.0,0.0,0.0,0.0,1.0
0.09375,0.0,1.0,0.0,0.31855144989053213,0.9,0.75,0.25,1.0,0.0,1.0,1.0,0.0,0.6666666666666666,1.0,1.0,0.8461538461538461,0.45454545454545453,0.06666666666666667,0.0,0.0,0.0,1.0,0.0,0.0,0.0,0.0,0.0,1.0,0.0,0.0,0.0,0.0,0.0,0.0,1.0,0.0,0.0,0.0,0.0,0.0,0.0,0.0,0.0,0.0,0.0,0.0,0.0,0.0,0.0,0.0,0.0,0.0,0.0,0.0,0.0,0.0,1.0,0.0,0.0,0.0,1.0,0.0,0.0,0.0,1.0,0.0,0.0,1.0,0.0
0.96875,0.0,0.0,0.0,0.2106921049104151,0.5,0.5,0.25,0.0,1.0,1.0,0.5,0.0,0.6666666666666666,1.0,1.0,0.6153846153846154,0.45454545454545453,0.7333333333333333,1.0,0.0,0.0,1.0,0.0,0.0,0.0,0.0,0.0,0.0,0.0,1.0,0.0,0.0,0.0,0.0,0.0,0.0,0.0,0.0,0.0,0.0,0.0,0.0,0.0,0.0,0.0,0.0,0.0,1.0,0.0,0.0,0.0,0.0,0.0,0.0,0.0,1.0,0.0,0.0,1.0,0.0,0.0,0.0,1.0,0.0,0.0,0.0,1.0,0.0,0.0
0.375,0.0,1.0,0.0,0.5457307537643536,0.2,0.5,1.0,1.0,0.3333333333333333,0.5,0.5,0.3333333333333333,1.0,0.0,0.0,0.3076923076923077,0.9090909090909091,0.9666666666666667,0.8333333333333334,0.0,0.0,1.0,0.0,0.0,0.0,0.0,0.0,1.0,0.0,0.0,0.0,0.0,0.0,0.0,0.0,0.0,0.0,0.0,0.0,0.0,0.0,0.0,0.0,1.0,0.0,0.0,0.0,0.0,0.0,0.0,0.0,0.0,0.0,0.0,0.0,0.0,0.0,1.0,1.0,0.0,0.0,0.0,0.0,0.0,0.0,1.0,0.0,0.0,1.0
0.40625,0.0,0.0,0.0,0.5690987891515124,0.0,1.0,1.0,0.5,0.0,1.0,0.5,0.0,1.0,0.0,1.0,0.6153846153846154,0.8181818181818182,0.7666666666666667,0.5,0.0,0.0,0.0,0.0,0.0,0.0,0.0,1.0,1.0,0.0,0.0,0.0,0.0,0.0,0.0,0.0,0.0,0.0,0.0,0.0,0.0,0.0,0.0,0.0,0.0,0.0,0.0,0.0,0.0,0.0,1.0,0.0,0.0,0.0,0.0,0.0,0.0,1.0,0.0,0.0,1.0,0.0,0.0,0.0,0.0,0.0,1.0,1.0,0.0,0.0
1.0,0.0,0.0,0.0,0.8527545686073009,0.0,0.75,0.75,0.0,0.6666666666666666,0.0,0.0,0.7777777777777778,0.0,0.0,1.0,0.9230769230769231,0.2727272727272727,0.6666666666666666,1.0,0.0,0.0,1.0,0.0,0.0,0.0,0.0,0.0,0.0,0.0,0.0,1.0,0.0,0.0,0.0,0.0,0.0,0.0,0.0,0.0,0.0,0.0,0.0,0.0,0.0,0.0,0.0,0.0,0.0,0.0,0.0,0.0,0.0,0.0,1.0,0.0,1.0,0.0,0.0,0.0,0.0,1.0,0.0,0.0,0.0,0.0,1.0,1.0,0.0,0.0
0.53125,0.0,0.5,1.0,0.3951342656717752,0.9,0.5,0.0,0.5,0.0,0.0,0.5,0.7777777777777778,1.0,0.0,1.0,0.38461538461538464,0.0,0.7333333333333333,0.16666666666666666,0.0,0.0,1.0,0.0,0.0,0.0,0.0,0.0,0.0,0.0,1.0,0.0,0.0,0.0,0.0,0.0,0.0,0.0,0.0,0.0,0.0,1.0,0.0,0.0,0.0,0.0,0.0,0.0,0.0,0.0,0.0,0.0,0.0,0.0,0.0,0.0,0.0,1.0,0.0,0.0,1.0,0.0,0.0,1.0,0.0,0.0,0.0,1.0,0.0,0.0
0.5625,0.0,0.0,1.0,0.24614628479513867,0.8,1.0,1.0,1.0,0.0,0.5,1.0,0.5555555555555556,0.6666666666666666,1.0,1.0,0.9230769230769231,0.45454545454545453,0.7333333333333333,1.0,0.0,0.0,0.0,0.0,0.0,1.0,0.0,0.0,0.0,0.0,1.0,0.0,0.0,0.0,0.0,0.0,0.0,0.0,0.0,0.0,0.0,0.0,0.0,0.0,0.0,0.0,0.0,0.0,0.0,0.0,0.0,0.0,0.0,0.0,1.0,0.0,0.0,0.0,1.0,1.0,0.0,0.0,0.0,0.0,0.0,0.0,1.0,0.0,1.0,0.0
0.1875,0.0,1.0,1.0,0.19746660113489117,0.5,0.25,1.0,0.0,0.3333333333333333,0.5,1.0,0.2222222222222222,0.6666666666666666,0.0,0.0,0.5384615384615384,0.18181818181818182,0.6333333333333333,0.3333333333333333,0.0,0.0,1.0,0.0,0.0,0.0,0.0,0.0,0.0,1.0,0.0,0.0,0.0,0.0,0.0,0.0,0.0,0.0,0.0,0.0,0.0,0.0,0.0,0.0,0.0,0.0,0.0,0.0,1.0,0.0,0.0,0.0,0.0,0.0,0.0,0.0,0.0,0.0,1.0,1.0,0.0,0.0,0.0,0.0,0.0,0.0,1.0,0.0,1.0,0.0
0.5625,1.0,1.0,0.0,0.48605960412850174,0.7,1.0,0.25,1.0,1.0,1.0,1.0,0.1111111111111111,1.0,0.0,1.0,0.5384615384615384,0.2727272727272727,0.26666666666666666,0.16666666666666666,0.0,0.0,0.0,1.0,0.0,0.0,0.0,0.0,0.0,1.0,0.0,0.0,0.0,0.0,0.0,0.0,0.0,0.0,0.0,0.0,1.0,0.0,0.0,0.0,0.0,0.0,0.0,0.0,0.0,0.0,0.0,0.0,0.0,0.0,0.0,0.0,0.0,1.0,0.0,0.0,1.0,0.0,0.0,1.0,0.0,0.0,0.0,0.0,0.0,1.0
0.84375,0.0,1.0,1.0,0.030785040882891725,0.4,0.25,0.0,0.0,0.0,1.0,0.5,1.0,0.0,0.0,0.0,0.46153846153846156,0.8181818181818182,0.6,0.8333333333333334,0.0,0.0,1.0,0.0,0.0,0.0,0.0,0.0,0.0,0.0,1.0,0.0,0.0,0.0,0.0,0.0,0.0,0.0,0.0,0.0,0.0,0.0,0.0,0.0,0.0,0.0,0.0,0.0,0.0,0.0,0.0,0.0,0.0,1.0,0.0,0.0,0.0,0.0,1.0,0.0,0.0,1.0,0.0,0.0,0.0,1.0,0.0,1.0,0.0,0.0
0.8125,0.0,0.0,0.0,0.06581475358563067,0.8,0.0,0.0,0.5,1.0,0.0,0.5,0.7777777777777778,0.0,1.0,1.0,0.38461538461538464,0.36363636363636365,0.3,0.6666666666666666,0.0,0.0,0.0,0.0,0.0,1.0,0.0,0.0,0.0,0.0,0.0,1.0,0.0,1.0,0.0,0.0,0.0,0.0,0.0,0.0,0.0,0.0,0.0,0.0,0.0,0.0,0.0,0.0,0.0,0.0,0.0,0.0,0.0,0.0,0.0,0.0,0.0,0.0,1.0,0.0,0.0,1.0,0.0,1.0,0.0,0.0,0.0,0.0,1.0,0.0
0.3125,1.0,1.0,1.0,0.5067021133997587,0.9,0.75,0.0,0.0,0.0,0.0,0.5,0.6666666666666666,0.6666666666666666,1.0,0.0,0.7692307692307693,0.36363636363636365,0.43333333333333335,0.16666666666666666,0.0,0.0,0.0,0.0,0.0,1.0,0.0,0.0,0.0,1.0,0.0,0.0,0.0,0.0,0.0,0.0,0.0,0.0,0.0,0.0,0.0,0.0,1.0,0.0,0.0,0.0,0.0,0.0,0.0,0.0,0.0,0.0,0.0,0.0,0.0,0.0,1.0,0.0,0.0,0.0,1.0,0.0,0.0,0.0,0.0,0.0,1.0,0.0,0.0,1.0
0.6875,1.0,1.0,0.0,0.006612751887761943,0.5,0.5,1.0,0.5,1.0,0.0,0.0,0.1111111111111111,1.0,0.0,0.0,0.7692307692307693,0.2727272727272727,0.4,0.8333333333333334,0.0,0.0,0.0,0.0,0.0,1.0,0.0,0.0,0.0,0.0,0.0,1.0,0.0,0.0,0.0,0.0,0.0,0.0,0.0,0.0,0.0,0.0,0.0,0.0,1.0,0.0,0.0,0.0,0.0,0.0,0.0,0.0,0.0,0.0,0.0,0.0,0.0,0.0,1.0,1.0,0.0,0.0,0.0,0.0,0.0,0.0,1.0,1.0,0.0,0.0
0.96875,0.0,0.5,1.0,0.6091774272820696,0.8,0.25,0.5,1.0,0.0,1.0,0.0,0.6666666666666666,1.0,1.0,1.0,0.7692307692307693,0.0,0.1,0.5,0.0,0.0,1.0,0.0,0.0,0.0,0.0,0.0,0.0,0.0,0.0,1.0,0.0,0.0,0.0,0.0,0.0,0.0,0.0,0.0,0.0,0.0,0.0,0.0,0.0,0.0,0.0,0.0,0.0,0.0,1.0,0.0,0.0,0.0,0.0,0.0,1.0,0.0,0.0,0.0,0.0,1.0,1.0,0.0,0.0,0.0,0.0,0.0,1.0,0.0
1.0,1.0,0.5,1.0,0.10569232831419506,0.3,0.5,0.5,0.5,0.3333333333333333,0.0,0.0,0.2222222222222222,1.0,1.0,0.0,0.6923076923076923,0.45454545454545453,0.9666666666666667,1.0,0.0,0.0,1.0,0.0,0.0,0.0,0.0,0.0,0.0,0.0,1.0,0.0,0.0,0.0,0.0,0.0,0.0,0.0,0.0,0.0,0.0,0.0,0.0,0.0,0.0,0.0,0.0,0.0,0.0,0.0,0.0,0.0,0.0,1.0,0.0,0.0,1.0,0.0,0.0,1.0,0.0,0.0,0.0,0.0,1.0,0.0,0.0,0.0,1.0,0.0
0.1875,1.0,0.5,1.0,0.40335552477547915,0.8,1.0,0.0,1.0,0.3333333333333333,1.0,1.0,0.4444444444444444,0.3333333333333333,0.0,1.0,0.6923076923076923,0.2727272727272727,0.9666666666666667,0.16666666666666666,0.0,0.0,0.0,0.0,0.0,1.0,0.0,0.0,1.0,0.0,0.0,0.0,0.0,0.0,0.0,0.0,0.0,0.0,0.0,0.0,0.0,0.0,0.0,0.0,0.0,0.0,0.0,0.0,0.0,0.0,0.0,0.0,0.0,0.0,0.0,1.0,1.0,0.0,0.0,1.0,0.0,0.0,1.0,0.0,0.0,0.0,0.0,0.0,1.0,0.0
0.25,1.0,1.0,0.0,0.7412090612573166,0.4,0.75,0.25,1.0,0.0,1.0,1.0,0.2222222222222222,0.6666666666666666,1.0,0.0,0.0,0.09090909090909091,0.0,0.5,0.0,0.0,0.0,0.0,0.0,1.0,0.0,0.0,0.0,0.0,1.0,0.0,0.0,0.0,0.0,0.0,0.0,0.0,0.0,1.0,0.0,0.0,0.0,0.0,0.0,0.0,0.0,0.0,0.0,0.0,0.0,0.0,0.0,0.0,0.0,0.0,1.0,0.0,0.0,0.0,0.0,1.0,0.0,0.0,1.0,0.0,0.0,0.0,1.0,0.0
0.3125,0.0,1.0,1.0,0.4573298780215361,0.7,1.0,1.0,1.0,0.0,0.5,0.5,0.8888888888888888,0.0,1.0,1.0,0.7692307692307693,0.5454545454545454,0.0,0.0,0.0,0.0,0.0,0.0,0.0,1.0,0.0,0.0,1.0,0.0,0.0,0.0,0.0,0.0,0.0,0.0,0.0,0.0,0.0,0.0,0.0,0.0,0.0,0.0,0.0,0.0,0.0,0.0,0.0,0.0,0.0,0.0,0.0,0.0,0.0,1.0,0.0,1.0,0.0,0.0,0.0,1.0,0.0,0.0,0.0,0.0,1.0,0.0,0.0,1.0
0.9375,0.0,0.0,1.0,0.83222376122604,1.0,0.5,0.5,1.0,1.0,0.5,0.0,0.6666666666666666,0.3333333333333333,0.0,0.0,0.38461538461538464,0.9090909090909091,0.13333333333333333,0.16666666666666666,0.0,0.0,1.0,0.0,0.0,0.0,0.0,0.0,0.0,0.0,1.0,0.0,0.0,0.0,0.0,0.0,0.0,0.0,0.0,0.0,0.0,0.0,0.0,0.0,0.0,0.0,0.0,0.0,0.0,0.0,0.0,0.0,0.0,0.0,1.0,0.0,1.0,0.0,0.0,0.0,0.0,1.0,0.0,0.0,1.0,0.0,0.0,0.0,0.0,1.0
0.90625,0.0,0.0,1.0,0.5034850989678745,0.2,0.75,1.0,0.15,1.0,0.5,1.0,1.0,0.3333333333333333,0.0,1.0,0.6923076923076923,0.0,0.9333333333333333,0.0,0.0,0.0,0.0,0.0,0.0,1.0,0.0,0.0,0.0,0.0,1.0,0.0,0.0,0.0,0.0,1.0,0.0,0.0,0.0,0.0,0.0,0.0,0.0,0.0,0.0,0.0,0.0,0.0,0.0,0.0,0.0,0.0,0.0,0.0,0.0,0.0,0.0,1.0,0.0,0.0,1.0,0.0,0.0,1.0,0.0,0.0,0.0,0.0,1.0,0.0
0.21875,0.0,0.5,0.0,0.6318975917072517,0.1,0.75,1.0,0.5,0.3333333333333333,0.0,1.0,0.1111111111111111,1.0,1.0,1.0,1.0,0.8181818181818182,0.8,0.6666666666666666,0.0,0.0,0.0,0.0,0.0,1.0,0.0,0.0,0.0,0.0,0.0,1.0,0.0,0.0,0.0,0.0,1.0,0.0,0.0,0.0,0.0,0.0,0.0,0.0,0.0,0.0,0.0,0.0,0.0,0.0,0.0,0.0,0.0,0.0,0.0,0.0,0.0,1.0,0.0,0.0,1.0,0.0,0.0,0.0,0.0,1.0,0.0,0.0,1.0,0.0
0.65625,1.0,0.5,0.0,0.1767347303516375,1.0,0.0,0.25,0.0,1.0,0.0,1.0,0.0,1.0,0.0,0.0,0.5384615384615384,0.45454545454545453,0.06666666666666667,0.0,0.0,0.0,0.0,0.0,0.0,1.0,0.0,0.0,1.0,0.0,0.0,0.0,0.0,0.0,0.0,0.0,0.0,0.0,0.0,0.0,0.0,0.0,1.0,0.0,0.0,0.0,0.0,0.0,0.0,0.0,0.0,0.0,0.0,0.0,0.0,0.0,0.0,1.0,0.0,0.0,0.0,1.0,1.0,0.0,0.0,0.0,0.0,0.0,0.0,1.0
0.71875,1.0,0.0,1.0,0.5095170010276573,0.1,1.0,0.25,0.0,0.6666666666666666,0.0,0.0,0.0,0.3333333333333333,1.0,0.0,0.07692307692307693,0.45454545454545453,0.43333333333333335,0.6666666666666666,0.0,0.0,1.0,0.0,0.0,0.0,0.0,0.0,0.0,0.0,0.0,1.0,0.0,0.0,0.0,0.0,0.0,1.0,0.0,0.0,0.0,0.0,0.0,0.0,0.0,0.0,0.0,0.0,0.0,0.0,0.0,0.0,0.0,0.0,0.0,0.0,0.0,1.0,0.0,1.0,0.0,0.0,0.0,1.0,0.0,0.0,0.0,0.0,0.0,1.0
0.59375,0.0,0.5,1.0,0.13815289754702648,0.3,0.0,0.75,1.0,0.0,1.0,1.0,0.0,0.3333333333333333,1.0,0.0,0.07692307692307693,0.8181818181818182,0.7,0.16666666666666666,0.0,0.0,0.0,0.0,0.0,1.0,0.0,0.0,0.0,1.0,0.0,0.0,0.0,0.0,0.0,0.0,0.0,0.0,0.0,0.0,0.0,1.0,0.0,0.0,0.0,0.0,0.0,0.0,0.0,0.0,0.0,0.0,0.0,0.0,0.0,0.0,1.0,0.0,0.0,1.0,0.0,0.0,0.0,1.0,0.0,0.0,0.0,0.0,0.0,1.0
1.0,0.0,0.5,1.0,0.20398999151065636,0.5,0.0,1.0,0.0,0.3333333333333333,1.0,0.5,0.8888888888888888,0.6666666666666666,1.0,0.0,0.15384615384615385,0.5454545454545454,0.26666666666666666,0.16666666666666666,0.0,0.0,1.0,0.0,0.0,0.0,0.0,0.0,1.0,0.0,0.0,0.0,0.0,0.0,0.0,0.0,0.0,0.0,0.0,0.0,0.0,0.0,0.0,0.0,0.0,0.0,0.0,0.0,0.0,0.0,0.0,0.0,0.0,0.0,1.0,0.0,1.0,0.0,0.0,1.0,0.0,0.0,1.0,0.0,0.0,0.0,0.0,0.0,0.0,1.0
0.46875,1.0,0.0,1.0,0.9631607166793262,0.8,0.0,0.75,1.0,1.0,0.5,0.5,0.0,0.6666666666666666,0.0,0.0,0.6153846153846154,0.6363636363636364,0.43333333333333335,0.3333333333333333,0.0,0.0,1.0,0.0,0.0,0.0,0.0,0.0,0.0,0.0,0.0,1.0,0.0,0.0,0.0,0.0,0.0,0.0,0.0,0.0,0.0,0.0,0.0,0.0,0.0,0.0,0.0,0.0,0.0,0.0,0.0,1.0,0.0,0.0,0.0,0.0,1.0,0.0,0.0,0.0,0.0,1.0,1.0,0.0,0.0,0.0,0.0,1.0,0.0,0.0
1.0,1.0,1.0,0.0,0.25535052053080737,0.8,0.0,0.25,0.5,0.6666666666666666,0.5,0.5,0.4444444444444444,0.6666666666666666,1.0,0.0,0.6923076923076923,0.2727272727272727,0.5333333333333333,0.3333333333333333,1.0,0.0,0.0,0.0,0.0,0.0,0.0,0.0,1.0,0.0,0.0,0.0,0.0,0.0,0.0,0.0,0.0,0.0,0.0,0.0,0.0,0.0,0.0,0.0,0.0,0.0,0.0,0.0,0.0,0.0,0.0,1.0,0.0,0.0,0.0,0.0,0.0,1.0,0.0,1.0,0.0,0.0,0.0,0.0,0.0,0.0,1.0,0.0,1.0,0.0
0.21875,0.0,0.0,0.0,0.013716992091506189,0.3,0.25,0.0,1.0,0.0,1.0,0.0,0.0,1.0,1.0,0.0,1.0,0.9090909090909091,0.5,0.8333333333333334,0.0,0.0,0.0,0.0,0.0,1.0,0.0,0.0,1.0,0.0,0.0,0.0,0.0,0.0,1.0,0.0,0.0,0.0,0.0,0.0,0.0,0.0,0.0,0.0,0.0,0.0,0.0,0.0,0.0,0.0,0.0,0.0,0.0,0.0,0.0,0.0,0.0,0.0,1.0,0.0,1.0,0.0,1.0,0.0,0.0,0.0,0.0,0.0,0.0,1.0
0.5,1.0,0.5,1.0,0.2952951163933693,0.0,1.0,0.5,0.5,0.3333333333333333,0.0,0.5,0.8888888888888888,0.3333333333333333,0.0,0.0,0.3076923076923077,0.6363636363636364,0.36666666666666664,0.0,1.0,0.0,0.0,0.0,0.0,0.0,0.0,0.0,0.0,0.0,1.0,0.0,0.0,0.0,0.0,0.0,0.0,0.0,0.0,0.0,0.0,0.0,0.0,0.0,0.0,0.0,1.0,0.0,0.0,0.0,0.0,0.0,0.0,0.0,0.0,0.0,0.0,1.0,0.0,0.0,1.0,0.0,0.0,0.0,0.0,0.0,1.0,1.0,0.0,0.0
0.65625,1.0,0.0,1.0,0.720030382914079,0.3,1.0,1.0,0.5,0.3333333333333333,0.5,0.5,0.3333333333333333,0.6666666666666666,0.0,1.0,0.5384615384615384,0.5454545454545454,0.8666666666666667,0.8333333333333334,0.0,0.0,0.0,0.0,0.0,1.0,0.0,0.0,0.0,0.0,0.0,1.0,0.0,0.0,0.0,0.0,1.0,0.0,0.0,0.0,0.0,0.0,0.0,0.0,0.0,0.0,0.0,0.0,0.0,0.0,0.0,0.0,0.0,0.0,0.0,0.0,1.0,0.0,0.0,0.0,1.0,0.0,0.0,0.0,0.0,0.0,1.0,1.0,0.0,0.0
0.71875,0.0,1.0,0.0,0.37992046825432285,0.5,0.75,0.25,1.0,0.3333333333333333,0.0,1.0,0.0,0.0,1.0,1.0,0.7692307692307693,0.2727272727272727,0.4666666666666667,0.0,0.0,0.0,0.0,0.0,0.0,1.0,0.0,0.0,0.0,0.0,1.0,0.0,0.0,0.0,0.0,0.0,0.0,0.0,0.0,0.0,0.0,0.0,0.0,0.0,0.0,1.0,0.0,0.0,0.0,0.0,0.0,0.0,0.0,0.0,0.0,0.0,0.0,0.0,1.0,0.0,1.0,0.0,0.0,0.0,1.0,0.0,0.0,0.0,0.0,1.0
0.28125,0.0,1.0,1.0,0.5370180063446672,0.9,0.25,0.25,1.0,0.0,0.5,0.0,0.8888888888888888,1.0,1.0,0.0,0.0,0.8181818181818182,0.16666666666666666,1.0,0.0,0.0,0.0,0.0,0.0,1.0,0.0,0.0,0.0,1.0,0.0,0.0,0.0,0.0,0.0,0.0,0.0,0.0,0.0,0.0,0.0,0.0,0.0,0.0,0.0,0.0,1.0,0.0,0.0,0.0,0.0,0.0,0.0,0.0,0.0,0.0,0.0,0.0,1.0,0.0,1.0,0.0,0.0,0.0,0.0,0.0,1.0,0.0,1.0,0.0
0.15625,1.0,0.5,0.0,0.8117376346007775,0.7,0.0,0.75,1.0,0.6666666666666666,0.5,1.0,0.3333333333333333,1.0,1.0,0.0,0.07692307692307693,0.9090909090909091,0.8333333333333334,0.16666666666666666,1.0,0.0,0.0,0.0,0.0,0.0,0.0,0.0,0.0,1.0,0.0,0.0,0.0,0.0,0.0,0.0,0.0,0.0,0.0,0.0,0.0,0.0,0.0,0.0,0.0,0.0,0.0,0.0,0.0,0.0,0.0,0.0,1.0,0.0,0.0,0.0,0.0,1.0,0.0,1.0,0.0,0.0,0.0,0.0,0.0,0.0,1.0,1.0,0.0,0.0
0.59375,0.0,0.5,0.0,0.7993387248112238,0.7,0.25,0.0,1.0,1.0,1.0,0.0,0.6666666666666666,0.6666666666666666,1.0,0.0,0.0,0.36363636363636365,0.8333333333333334,1.0,0.0,0.0,0.0,0.0,0.0,1.0,0.0,0.0,0.0,0.0,0.0,1.0,1.0,0.0,0.0,0.0,0.0,0.0,0.0,0.0,0.0,0.0,0.0,0.0,0.0,0.0,0.0,0.0,0.0,0.0,0.0,0.0,0.0,0.0,0.0,0.0,0.0,0.0,1.0,0.0,1.0,0.0,0.0,1.0,0.0,0.0,0.0,1.0,0.0,0.0
0.09375,0.0,0.0,1.0,0.1177114516777624,0.7,0.75,0.0,1.0,1.0,0.0,0.5,0.8888888888888888,0.6666666666666666,1.0,0.0,0.6153846153846154,0.9090909090909091,0.1,0.0,0.0,0.0,0.0,0.0,0.0,1.0,0.0,0.0,0.0,1.0,0.0,0.0,0.0,0.0,0.0,0.0,0.0,0.0,0.0,0.0,1.0,0.0,0.0,0.0,0.0,0.0,0.0,0.0,0.0,0.0,0.0,0.0,0.0,0.0,0.0,0.0,1.0,0.0,0.0,0.0,1.0,0.0,0.0,0.0,1.0,0.0,0.0,0.0,0.0,1.0
0.90625,0.0,0.0,1.0,0.03844779053661588,0.1,0.0,0.5,0.0,0.3333333333333333,0.0,0.5,0.7777777777777778,0.3333333333333333,0.0,1.0,0.6923076923076923,0.8181818181818182,0.5666666666666667,0.6666666666666666,0.0,0.0,0.0,0.0,0.0,1.0,0.0,0.0,0.0,0.0,1.0,0.0,0.0,0.0,0.0,0.0,0.0,0.0,0.0,0.0,1.0,0.0,0.0,0.0,0.0,0.0,0.0,0.0,0.0,0.0,0.0,0.0,0.0,0.0,0.0,0.0,1.0,0.0,0.0,0.0,0.0,1.0,1.0,0.0,0.0,0.0,0.0,1.0,0.0,0.0
0.75,0.0,0.0,0.0,0.677918770385595,0.6,0.0,0.0,0.5,0.3333333333333333,0.0,1.0,0.2222222222222222,0.3333333333333333,1.0,0.0,0.3076923076923077,0.45454545454545453,0.4,0.5,1.0,0.0,0.0,0.0,0.0,0.0,0.0,0.0,0.0,0.0,1.0,0.0,0.0,0.0,0.0,0.0,0.0,0.0,0.0,0.0,0.0,0.0,0.0,0.0,1.0,0.0,0.0,0.0,0.0,0.0,0.0,0.0,0.0,0.0,0.0,0.0,1.0,0.0,0.0,1.0,0.0,0.0,0.0,1.0,0.0,0.0,0.0,1.0,0.0,0.0
0.375,0.0,0.5,0.0,0.505026585049819,0.0,0.0,0.0,1.0,0.3333333333333333,1.0,0.5,0.1111111111111111,1.0,1.0,1.0,0.23076923076923078,0.18181818181818182,0.06666666666666667,1.0,0.0,0.0,0.0,0.0,0.0,1.0,0.0,0.0,0.0,0.0,0.0,1.0,0.0,0.0,0.0,0.0,1.0,0.0,0.0,0.0,0.0,0.0,0.0,0.0,0.0,0.0,0.0,0.0,0.0,0.0,0.0,0.0,0.0,0.0,0.0,0.0,0.0,1.0,0.0,0.0,1.0,0.0,1.0,0.0,0.0,0.0,0.0,0.0,1.0,0.0
0.96875,0.0,0.0,0.0,0.3117376346007774,0.4,0.75,0.25,1.0,0.0,1.0,1.0,0.8888888888888888,0.0,0.0,0.0,0.9230769230769231,0.45454545454545453,0.06666666666666667,0.0,0.0,0.0,0.0,0.0,0.0,1.0,0.0,0.0,0.0,0.0,1.0,0.0,0.0,0.0,0.0,0.0,0.0,0.0,0.0,0.0,0.0,0.0,0.0,1.0,0.0,0.0,0.0,0.0,0.0,0.0,0.0,0.0,0.0,0.0,0.0,0.0,0.0,1.0,0.0,0.0,0.0,1.0,0.0,0.0,0.0,0.0,1.0,1.0,0.0,0.0
0.3125,0.0,1.0,0.0,0.3413162950717126,0.5,0.75,0.0,1.0,0.6666666666666666,0.0,0.5,0.7777777777777778,1.0,0.0,1.0,0.7692307692307693,0.6363636363636364,0.3,0.8333333333333334,0.0,0.0,1.0,0.0,0.0,0.0,0.0,0.0,0.0,1.0,0.0,0.0,1.0,0.0,0.0,0.0,0.0,0.0,0.0,0.0,0.0,0.0,0.0,0.0,0.0,0.0,0.0,0.0,0.0,0.0,0.0,0.0,0.0,0.0,0.0,0.0,1.0,0.0,0.0,0.0,0.0,1.0,1.0,0.0,0.0,0.0,0.0,1.0,0.0,0.0
0.1875,0.0,0.0,1.0,0.47538090344488626,0.4,0.5,0.25,1.0,0.0,0.0,0.0,0.7777777777777778,0.3333333333333333,0.0,0.0,0.0,0.9090909090909091,0.5666666666666667,0.0,0.0,0.0,0.0,0.0,0.0,1.0,0.0,0.0,0.0,0.0,1.0,0.0,0.0,0.0,0.0,0.0,0.0,0.0,0.0,0.0,0.0,0.0,0.0,0.0,1.0,0.0,0.0,0.0,0.0,0.0,0.0,0.0,0.0,0.0,0.0,0.0,0.0,1.0,0.0,0.0,0.0,1.0,0.0,0.0,1.0,0.0,0.0,0.0,0.0,1.0
0.6875,1.0,0.5,0.0,0.43918949108618915,0.0,0.75,0.75,1.0,0.3333333333333333,1.0,0.0,0.0,0.6666666666666666,1.0,1.0,0.7692307692307693,0.09090909090909091,0.23333333333333334,0.5,0.0,0.0,1.0,0.0,0.0,0.0,0.0,0.0,1.0,0.0,0.0,0.0,0.0,1.0,0.0,0.0,0.0,0.0,0.0,0.0,0.0,0.0,0.0,0.0,0.0,0.0,0.0,0.0,0.0,0.0,0.0,0.0,0.0,0.0,0.0,0.0,1.0,0.0,0.0,1.0,0.0,0.0,0.0,1.0,0.0,0.0,0.0,0.0,1.0,0.0
0.0,1.0,0.5,0.0,0.0,1.0,0.75,0.5,0.15,0.0,0.0,0.0,0.8888888888888888,0.6666666666666666,1.0,1.0,0.5384615384615384,0.18181818181818182,0.5333333333333333,1.0,0.0,0.0,0.0,0.0,0.0,1.0,0.0,0.0,0.0,1.0,0.0,0.0,0.0,0.0,0.0,0.0,0.0,0.0,0.0,0.0,0.0,0.0,0.0,0.0,0.0,0.0,0.0,0.0,0.0,0.0,0.0,0.0,0.0,0.0,1.0,0.0,0.0,0.0,1.0,0.0,1.0,0.0,0.0,0.0,1.0,0.0,0.0,0.0,1.0,0.0
0.75,1.0,0.0,0.0,0.18126982708547426,0.2,1.0,0.75,1.0,0.3333333333333333,0.5,0.5,0.4444444444444444,0.6666666666666666,1.0,0.0,0.38461538461538464,0.0,0.1,0.5,0.0,0.0,0.0,0.0,0.0,1.0,0.0,0.0,0.0,1.0,0.0,0.0,0.0,0.0,0.0,0.0,0.0,0.0,0.0,0.0,0.0,0.0,0.0,0.0,0.0,0.0,0.0,0.0,0.0,0.0,1.0,0.0,0.0,0.0,0.0,0.0,0.0,1.0,0.0,0.0,1.0,0.0,0.0,0.0,1.0,0.0,0.0,0.0,1.0,0.0
0.03125,1.0,1.0,1.0,0.9130065680711318,0.4,0.25,0.25,0.15,0.3333333333333333,1.0,1.0,0.3333333333333333,1.0,0.0,0.0,1.0,0.7272727272727273,0.9333333333333333,1.0,0.0,0.0,0.0,0.0,0.0,1.0,0.0,0.0,0.0,1.0,0.0,0.0,0.0,0.0,0.0,1.0,0.0,0.0,0.0,0.0,0.0,0.0,0.0,0.0,0.0,0.0,0.0,0.0,0.0,0.0,0.0,0.0,0.0,0.0,0.0,0.0,0.0,1.0,0.0,0.0,0.0,1.0,0.0,1.0,0.0,0.0,0.0,0.0,1.0,0.0
0.5625,1.0,0.0,0.0,0.7430856530092489,0.4,0.5,0.75,1.0,0.6666666666666666,1.0,0.5,0.2222222222222222,0.0,0.0,0.0,0.8461538461538461,0.6363636363636364,0.13333333333333333,0.0,0.0,0.0,1.0,0.0,0.0,0.0,0.0,0.0,1.0,0.0,0.0,0.0,0.0,0.0,0.0,0.0,0.0,0.0,0.0,0.0,0.0,0.0,0.0,0.0,0.0,0.0,0.0,0.0,0.0,0.0,1.0,0.0,0.0,0.0,0.0,0.0,0.0,0.0,1.0,0.0,1.0,0.0,0.0,1.0,0.0,0.0,0.0,0.0,0.0,1.0
0.25,1.0,0.5,1.0,0.36050667977302175,0.6,1.0,1.0,1.0,0.3333333333333333,1.0,0.5,0.8888888888888888,0.0,0.0,0.0,0.9230769230769231,0.36363636363636365,0.2,0.16666666666666666,0.0,0.0,1.0,0.0,0.0,0.0,0.0,0.0,0.0,0.0,0.0,1.0,0.0,0.0,0.0,0.0,0.0,0.0,0.0,0.0,0.0,0.0,0.0,0.0,0.0,0.0,0.0,0.0,0.0,0.0,0.0,0.0,0.0,0.0,1.0,0.0,1.0,0.0,0.0,0.0,0.0,1.0,0.0,1.0,0.0,0.0,0.0,0.0,0.0,1.0
0.53125,1.0,1.0,1.0,0.7149367767302623,0.5,0.5,0.25,0.5,1.0,0.0,0.0,0.8888888888888888,1.0,0.0,1.0,0.46153846153846156,0.6363636363636364,0.5666666666666667,1.0,0.0,0.0,1.0,0.0,0.0,0.0,0.0,0.0,0.0,1.0,0.0,0.0,0.0,1.0,0.0,0.0,0.0,0.0,0.0,0.0,0.0,0.0,0.0,0.0,0.0,0.0,0.0,0.0,0.0,0.0,0.0,0.0,0.0,0.0,0.0,0.0,0.0,0.0,1.0,0.0,1.0,0.0,0.0,0.0,1.0,0.0,0.0,0.0,1.0,0.0
0.65625,1.0,1.0,0.0,0.6008444662883697,0.5,0.75,0.25,0.5,1.0,0.0,0.5,1.0,0.0,0.0,0.0,0.15384615384615385,0.09090909090909091,0.5666666666666667,1.0,0.0,0.0,0.0,0.0,0.0,1.0,0.0,0.0,1.0,0.0,0.0,0.0,0.0,0.0,0.0,0.0,0.0,1.0,0.0,0.0,0.0,0.0,0.0,0.0,0.0,0.0,0.0,0.0,0.0,0.0,0.0,0.0,0.0,0.0,0.0,0.0,0.0,1.0,0.0,1.0,0.0,0.0,0.0,0.0,1.0,0.0,0.0,1.0,0.0,0.0
0.8125,0.0,0.5,1.0,0.7201197444260757,0.1,0.5,0.75,0.15,0.3333333333333333,0.0,0.5,1.0,0.6666666666666666,0.0,1.0,0.46153846153846156,0.18181818181818182,0.43333333333333335,0.5,0.0,0.0,1.0,0.0,0.0,0.0,0.0,0.0,0.0,0.0,0.0,1.0,0.0,0.0,0.0,0.0,0.0,0.0,0.0,0.0,0.0,0.0,0.0,0.0,0.0,0.0,0.0,1.0,0.0,0.0,0.0,0.0,0.0,0.0,0.0,0.0,1.0,0.0,0.0,0.0,0.0,1.0,1.0,0.0,0.0,0.0,0.0,0.0,0.0,1.0
0.03125,1.0,0.5,1.0,0.7664313480184084,0.4,0.5,0.75,0.5,0.6666666666666666,1.0,0.0,0.4444444444444444,0.3333333333333333,1.0,0.0,1.0,0.18181818181818182,0.8,0.0,0.0,0.0,1.0,0.0,0.0,0.0,0.0,0.0,0.0,1.0,0.0,0.0,0.0,0.0,0.0,0.0,0.0,0.0,0.0,0.0,0.0,0.0,0.0,0.0,0.0,0.0,0.0,0.0,0.0,0.0,0.0,0.0,0.0,1.0,0.0,0.0,0.0,0.0,1.0,0.0,0.0,1.0,0.0,0.0,0.0,1.0,0.0,0.0,1.0,0.0
0.28125,1.0,1.0,1.0,0.4341405656583709,0.2,0.5,0.25,0.0,1.0,0.0,1.0,0.5555555555555556,1.0,1.0,1.0,0.6923076923076923,1.0,0.06666666666666667,0.16666666666666666,0.0,0.0,1.0,0.0,0.0,0.0,0.0,0.0,0.0,0.0,0.0,1.0,0.0,0.0,0.0,0.0,0.0,1.0,0.0,0.0,0.0,0.0,0.0,0.0,0.0,0.0,0.0,0.0,0.0,0.0,0.0,0.0,0.0,0.0,0.0,0.0,0.0,0.0,1.0,0.0,0.0,1.0,0.0,0.0,0.0,1.0,0.0,0.0,0.0,1.0
0.25,1.0,1.0,0.0,0.13529332916312942,0.1,0.0,0.5,0.5,1.0,1.0,1.0,1.0,0.0,0.0,0.0,0.8461538461538461,0.36363636363636365,0.4,0.0,0.0,0.0,1.0,0.0,0.0,0.0,0.0,0.0,1.0,0.0,0.0,0.0,0.0,0.0,0.0,1.0,0.0,0.0,0.0,0.0,0.0,0.0,0.0,0.0,0.0,0.0,0.0,0.0,0.0,0.0,0.0,0.0,0.0,0.0,0.0,0.0,0.0,0.0,1.0,0.0,1.0,0.0,0.0,0.0,0.0,0.0,1.0,0.0,1.0,0.0
0.25,1.0,0.5,0.0,0.0951253295205755,0.9,0.25,0.25,0.0,1.0,1.0,0.0,0.6666666666666666,0.3333333333333333,1.0,0.0,0.6153846153846154,0.5454545454545454,0.8,0.5,0.0,0.0,1.0,0.0,0.0,0.0,0.0,0.0,0.0,0.0,1.0,0.0,0.0,0.0,1.0,0.0,0.0,0.0,0.0,0.0,0.0,0.0,0.0,0.0,0.0,0.0,0.0,0.0,0.0,0.0,0.0,0.0,0.0,0.0,0.0,0.0,0.0,0.0,1.0,0.0,0.0,1.0,0.0,0.0,0.0,1.0,0.0,0.0,1.0,0.0
0.28125,1.0,0.0,0.0,0.2363388588534918,0.3,0.0,0.0,0.5,1.0,1.0,0.0,0.2222222222222222,1.0,1.0,0.0,1.0,0.0,0.3,0.3333333333333333,0.0,0.0,1.0,0.0,0.0,0.0,0.0,0.0,0.0,1.0,0.0,0.0,0.0,0.0,0.0,0.0,0.0,0.0,0.0,0.0,0.0,0.0,0.0,0.0,0.0,0.0,1.0,0.0,0.0,0.0,0.0,0.0,0.0,0.0,0.0,0.0,0.0,1.0,0.0,1.0,0.0,0.0,0.0,0.0,0.0,1.0,0.0,0.0,0.0,1.0
0.59375,0.0,1.0,0.0,0.5348286493007461,0.6,0.75,0.75,0.5,0.6666666666666666,1.0,0.5,0.3333333333333333,0.6666666666666666,0.0,0.0,1.0,0.8181818181818182,0.9666666666666667,0.3333333333333333,0.0,0.0,0.0,0.0,0.0,1.0,0.0,0.0,0.0,0.0,1.0,0.0,0.0,0.0,0.0,0.0,0.0,0.0,0.0,0.0,0.0,0.0,0.0,0.0,0.0,0.0,0.0,0.0,0.0,0.0,0.0,1.0,0.0,0.0,0.0,0.0,0.0,1.0,0.0,0.0,1.0,0.0,0.0,0.0,0.0,0.0,1.0,0.0,1.0,0.0
0.15625,0.0,0.5,0.0,0.6804208927215049,0.1,1.0,1.0,0.0,0.3333333333333333,1.0,0.5,0.3333333333333333,0.3333333333333333,1.0,1.0,0.3076923076923077,0.7272727272727273,0.5333333333333333,0.16666666666666666,0.0,0.0,1.0,0.0,0.0,0.0,0.0,0.0,0.0,0.0,1.0,0.0,0.0,0.0,0.0,0.0,0.0,0.0,0.0,0.0,0.0,0.0,0.0,0.0,0.0,0.0,0.0,0.0,0.0,0.0,0.0,0.0,1.0,0.0,0.0,0.0,0.0,1.0,0.0,0.0,1.0,0.0,0.0,1.0,0.0,0.0,0.0,0.0,1.0,0.0
0.40625,0.0,0.5,1.0,0.05144989053214779,0.5,0.75,0.25,0.15,1.0,0.0,0.5,0.2222222222222222,0.6666666666666666,0.0,0.0,0.9230769230769231,0.6363636363636364,0.5333333333333333,0.8333333333333334,0.0,1.0,0.0,0.0,0.0,0.0,0.0,0.0,0.0,0.0,1.0,0.0,0.0,0.0,0.0,0.0,0.0,0.0,0.0,0.0,0.0,1.0,0.0,0.0,0.0,0.0,0.0,0.0,0.0,0.0,0.0,0.0,0.0,0.0,0.0,0.0,0.0,0.0,1.0,0.0,1.0,0.0,0.0,0.0,0.0,1.0,0.0,0.0,0.0,1.0
0.09375,0.0,1.0,0.0,0.2672802823823779,0.8,0.25,0.0,0.5,0.6666666666666666,1.0,0.5,1.0,0.3333333333333333,1.0,1.0,0.0,0.45454545454545453,0.06666666666666667,0.0,0.0,0.0,1.0,0.0,0.0,0.0,0.0,0.0,0.0,0.0,0.0,1.0,0.0,0.0,0.0,0.0,0.0,0.0,0.0,0.0,0.0,0.0,0.0,0.0,0.0,0.0,0.0,0.0,0.0,0.0,0.0,0.0,0.0,1.0,0.0,0.0,1.0,0.0,0.0,1.0,0.0,0.0,1.0,0.0,0.0,0.0,0.0,0.0,0.0,1.0
0.5625,1.0,1.0,0.0,0.16306241901612978,0.4,0.25,1.0,0.0,1.0,1.0,0.5,0.4444444444444444,0.0,0.0,0.0,0.07692307692307693,0.5454545454545454,0.9,1.0,0.0,0.0,1.0,0.0,0.0,0.0,0.0,0.0,0.0,0.0,1.0,0.0,0.0,0.0,0.0,0.0,0.0,0.0,0.0,0.0,0.0,0.0,0.0,0.0,0.0,1.0,0.0,0.0,0.0,0.0,0.0,0.0,0.0,0.0,0.0,0.0,0.0,0.0,1.0,0.0,1.0,0.0,0.0,0.0,0.0,1.0,0.0,1.0,0.0,0.0
0.09375,0.0,1.0,1.0,0.3370939636298646,0.7,0.0,0.75,1.0,0.6666666666666666,1.0,0.5,0.3333333333333333,1.0,0.0,0.0,1.0,0.8181818181818182,0.7666666666666667,0.5,0.0,0.0,1.0,0.0,0.0,0.0,0.0,0.0,0.0,0.0,1.0,0.0,0.0,0.0,0.0,0.0,0.0,0.0,0.0,0.0,0.0,1.0,0.0,0.0,0.0,0.0,0.0,0.0,0.0,0.0,0.0,0.0,0.0,0.0,0.0,0.0,1.0,0.0,0.0,0.0,1.0,0.0,0.0,0.0,0.0,0.0,1.0,1.0,0.0,0.0
0.28125,0.0,1.0,1.0,0.14617309324873778,0.9,0.0,0.75,0.5,1.0,0.5,0.0,0.7777777777777778,0.6666666666666666,0.0,1.0,1.0,0.2727272727272727,0.0,0.0,0.0,0.0,1.0,0.0,0.0,0.0,0.0,0.0,0.0,0.0,1.0,0.0,0.0,0.0,0.0,0.0,0.0,0.0,0.0,0.0,1.0,0.0,0.0,0.0,0.0,0.0,0.0,0.0,0.0,0.0,0.0,0.0,0.0,0.0,0.0,0.0,0.0,1.0,0.0,1.0,0.0,0.0,0.0,1.0,0.0,0.0,0.0,1.0,0.0,0.0
0.34375,0.0,1.0,1.0,0.9666011348912024,0.7,0.25,0.0,0.0,1.0,0.5,1.0,0.2222222222222222,1.0,0.0,1.0,0.5384615384615384,0.45454545454545453,0.26666666666666666,1.0,0.0,0.0,1.0,0.0,0.0,0.0,0.0,0.0,0.0,0.0,1.0,0.0,0.0,0.0,0.0,0.0,0.0,0.0,0.0,0.0,0.0,0.0,0.0,0.0,0.0,0.0,0.0,1.0,0.0,0.0,0.0,0.0,0.0,0.0,0.0,0.0,0.0,0.0,1.0,1.0,0.0,0.0,0.0,0.0,0.0,1.0,0.0,0.0,0.0,1.0
0.1875,0.0,0.0,0.0,0.8219248469684107,0.7,0.0,0.25,0.0,0.3333333333333333,0.0,0.0,0.8888888888888888,0.0,1.0,0.0,0.7692307692307693,0.9090909090909091,0.43333333333333335,0.5,0.0,0.0,0.0,0.0,0.0,1.0,0.0,0.0,0.0,0.0,1.0,0.0,0.0,0.0,0.0,0.0,0.0,0.0,0.0,0.0,0.0,0.0,0.0,0.0,1.0,0.0,0.0,0.0,0.0,0.0,0.0,0.0,0.0,0.0,0.0,0.0,1.0,0.0,0.0,0.0,1.0,0.0,0.0,0.0,0.0,1.0,0.0,0.0,0.0,1.0
0.46875,0.0,0.5,0.0,0.1990974487288325,1.0,0.25,0.75,1.0,0.0,0.0,0.0,0.0,0.0,0.0,0.0,0.6923076923076923,0.8181818181818182,0.23333333333333334,0.16666666666666666,0.0,0.0,1.0,0.0,0.0,0.0,0.0,0.0,1.0,0.0,0.0,0.0,0.0,0.0,0.0,0.0,1.0,0.0,0.0,0.0,0.0,0.0,0.0,0.0,0.0,0.0,0.0,0.0,0.0,0.0,0.0,0.0,0.0,0.0,0.0,0.0,0.0,0.0,1.0,0.0,0.0,1.0,1.0,0.0,0.0,0.0,0.0,1.0,0.0,0.0
0.625,1.0,1.0,0.0,0.00772977078772173,0.2,0.75,1.0,0.0,0.6666666666666666,0.5,1.0,0.1111111111111111,0.6666666666666666,0.0,1.0,0.46153846153846156,0.0,0.3333333333333333,0.5,0.0,0.0,1.0,0.0,0.0,0.0,0.0,0.0,0.0,1.0,0.0,0.0,0.0,1.0,0.0,0.0,0.0,0.0,0.0,0.0,0.0,0.0,0.0,0.0,0.0,0.0,0.0,0.0,0.0,0.0,0.0,0.0,0.0,0.0,0.0,0.0,0.0,1.0,0.0,1.0,0.0,0.0,0.0,1.0,0.0,0.0,0.0,0.0,1.0,0.0
0.90625,1.0,1.0,1.0,0.864304544032885,0.8,0.0,0.75,0.0,0.0,1.0,0.0,0.3333333333333333,1.0,1.0,1.0,0.6153846153846154,0.09090909090909091,0.8333333333333334,0.0,0.0,0.0,0.0,0.0,0.0,1.0,0.0,0.0,1.0,0.0,0.0,0.0,0.0,0.0,0.0,0.0,0.0,0.0,0.0,0.0,0.0,0.0,0.0,0.0,0.0,0.0,0.0,1.0,0.0,0.0,0.0,0.0,0.0,0.0,0.0,0.0,1.0,0.0,0.0,0.0,0.0,1.0,0.0,1.0,0.0,0.0,0.0,1.0,0.0,0.0
0.4375,0.0,0.5,1.0,0.14043161610294444,0.3,0.75,0.75,1.0,0.6666666666666666,1.0,0.5,0.0,1.0,0.0,1.0,0.5384615384615384,0.9090909090909091,0.0,0.6666666666666666,0.0,0.0,0.0,0.0,0.0,1.0,0.0,0.0,0.0,0.0,0.0,1.0,0.0,0.0,0.0,0.0,0.0,0.0,0.0,0.0,0.0,0.0,0.0,0.0,0.0,0.0,1.0,0.0,0.0,0.0,0.0,0.0,0.0,0.0,0.0,0.0,0.0,0.0,1.0,0.0,0.0,1.0,1.0,0.0,0.0,0.0,0.0,0.0,0.0,1.0
0.09375,1.0,0.0,1.0,0.5692998525535052,0.4,0.5,1.0,0.0,0.6666666666666666,0.5,0.0,0.4444444444444444,0.6666666666666666,1.0,0.0,0.46153846153846156,0.18181818181818182,0.9,0.5,0.0,1.0,0.0,0.0,0.0,0.0,0.0,0.0,0.0,0.0,1.0,0.0,0.0,0.0,0.0,0.0,0.0,0.0,0.0,0.0,0.0,0.0,0.0,0.0,0.0,0.0,0.0,0.0,0.0,0.0,0.0,1.0,0.0,0.0,0.0,0.0,1.0,0.0,0.0,0.0,1.0,0.0,0.0,0.0,0.0,1.0,0.0,0.0,1.0,0.0
0.15625,1.0,0.0,1.0,0.6443188418748046,0.0,0.75,0.75,0.0,0.6666666666666666,0.0,0.0,0.4444444444444444,0.3333333333333333,0.0,0.0,0.0,0.0,0.23333333333333334,0.0,0.0,0.0,1.0,0.0,0.0,0.0,0.0,0.0,1.0,0.0,0.0,0.0,0.0,0.0,0.0,0.0,0.0,0.0,0.0,1.0,0.0,0.0,0.0,0.0,0.0,0.0,0.0,0.0,0.0,0.0,0.0,0.0,0.0,0.0,0.0,0.0,1.0,0.0,0.0,0.0,1.0,0.0,0.0,0.0,0.0,0.0,1.0,0.0,1.0,0.0
0.84375,0.0,0.5,1.0,0.6091997676600688,0.9,0.25,0.5,1.0,0.3333333333333333,1.0,0.0,0.7777777777777778,0.0,1.0,1.0,0.6923076923076923,0.09090909090909091,0.9,0.3333333333333333,0.0,0.0,0.0,0.0,0.0,0.0,1.0,0.0,1.0,0.0,0.0,0.0,0.0,0.0,0.0,0.0,0.0,0.0,0.0,0.0,0.0,0.0,0.0,0.0,0.0,0.0,0.0,1.0,0.0,0.0,0.0,0.0,0.0,0.0,0.0,0.0,0.0,1.0,0.0,0.0,1.0,0.0,0.0,1.0,0.0,0.0,0.0,0.0,0.0,1.0
0.1875,0.0,0.0,0.0,0.9425405477860687,0.7,1.0,1.0,1.0,0.0,1.0,0.5,0.3333333333333333,0.0,1.0,1.0,0.3076923076923077,0.7272727272727273,0.4666666666666667,1.0,0.0,0.0,0.0,1.0,0.0,0.0,0.0,0.0,0.0,1.0,0.0,0.0,0.0,0.0,0.0,0.0,0.0,1.0,0.0,0.0,0.0,0.0,0.0,0.0,0.0,0.0,0.0,0.0,0.0,0.0,0.0,0.0,0.0,0.0,0.0,0.0,1.0,0.0,0.0,0.0,1.0,0.0,0.0,0.0,0.0,0.0,1.0,1.0,0.0,0.0
0.0625,0.0,0.0,0.0,0.03867119431660783,0.8,0.5,0.25,0.5,0.0,1.0,0.5,0.5555555555555556,0.0,1.0,1.0,0.38461538461538464,0.9090909090909091,0.0,0.6666666666666666,0.0,0.0,1.0,0.0,0.0,0.0,0.0,0.0,0.0,0.0,0.0,1.0,0.0,0.0,0.0,0.0,0.0,0.0,0.0,0.0,1.0,0.0,0.0,0.0,0.0,0.0,0.0,0.0,0.0,0.0,0.0,0.0,0.0,0.0,0.0,0.0,0.0,0.0,1.0,0.0,0.0,1.0,0.0,1.0,0.0,0.0,0.0,1.0,0.0,0.0
0.28125,1.0,1.0,0.0,0.3322684419820383,0.5,0.25,0.0,1.0,0.0,1.0,0.0,0.2222222222222222,0.0,0.0,1.0,0.0,0.5454545454545454,0.43333333333333335,1.0,0.0,0.0,0.0,0.0,0.0,1.0,0.0,0.0,0.0,0.0,1.0,0.0,0.0,0.0,0.0,0.0,0.0,0.0,0.0,0.0,0.0,0.0,0.0,0.0,0.0,0.0,0.0,0.0,0.0,0.0,0.0,0.0,0.0,0.0,1.0,0.0,0.0,0.0,1.0,0.0,0.0,1.0,1.0,0.0,0.0,0.0,0.0,0.0,0.0,1.0
0.90625,1.0,0.0,0.0,0.44685224073991325,0.2,0.5,0.25,0.5,0.3333333333333333,0.5,0.5,1.0,0.0,0.0,1.0,0.6923076923076923,0.2727272727272727,0.7666666666666667,0.3333333333333333,0.0,0.0,0.0,0.0,0.0,1.0,0.0,0.0,1.0,0.0,0.0,0.0,0.0,0.0,0.0,0.0,0.0,0.0,0.0,0.0,0.0,0.0,0.0,0.0,0.0,0.0,0.0,0.0,0.0,0.0,0.0,0.0,0.0,1.0,0.0,0.0,0.0,0.0,1.0,1.0,0.0,0.0,1.0,0.0,0.0,0.0,0.0,0.0,1.0,0.0
0.5,0.0,0.0,0.0,0.7188686832581208,1.0,0.75,0.5,0.0,1.0,1.0,0.0,0.4444444444444444,0.6666666666666666,1.0,0.0,0.46153846153846156,0.6363636363636364,0.7,0.5,0.0,0.0,0.0,0.0,0.0,1.0,0.0,0.0,0.0,0.0,1.0,0.0,0.0,0.0,0.0,0.0,0.0,1.0,0.0,0.0,0.0,0.0,0.0,0.0,0.0,0.0,0.0,0.0,0.0,0.0,0.0,0.0,0.0,0.0,0.0,0.0,0.0,0.0,1.0,1.0,0.0,0.0,0.0,0.0,1.0,0.0,0.0,0.0,1.0,0.0
0.71875,1.0,0.0,1.0,0.30414190608105085,0.0,0.5,0.0,1.0,1.0,0.0,1.0,0.7777777777777778,0.3333333333333333,1.0,0.0,0.8461538461538461,0.09090909090909091,0.6333333333333333,0.16666666666666666,0.0,0.0,0.0,0.0,0.0,1.0,0.0,0.0,0.0,0.0,0.0,1.0,0.0,0.0,0.0,0.0,1.0,0.0,0.0,0.0,0.0,0.0,0.0,0.0,0.0,0.0,0.0,0.0,0.0,0.0,0.0,0.0,0.0,0.0,0.0,0.0,0.0,0.0,1.0,0.0,1.0,0.0,0.0,0.0,0.0,1.0,0.0,1.0,0.0,0.0
0.25,1.0,1.0,0.0,0.05051159465618157,0.8,1.0,0.0,0.5,0.0,0.0,0.5,0.0,0.6666666666666666,1.0,0.0,1.0,0.0,0.8666666666666667,0.8333333333333334,0.0,0.0,0.0,0.0,0.0,1.0,0.0,0.0,0.0,0.0,0.0,1.0,0.0,0.0,0.0,0.0,0.0,0.0,0.0,0.0,0.0,0.0,0.0,0.0,0.0,0.0,0.0,0.0,0.0,0.0,0.0,0.0,0.0,1.0,0.0,0.0,1.0,0.0,0.0,0.0,1.0,0.0,0.0,0.0,1.0,0.0,0.0,0.0,0.0,1.0
0.96875,0.0,0.5,0.0,0.3661141146508199,0.4,0.0,0.0,0.0,0.0,0.5,0.5,0.7777777777777778,0.3333333333333333,1.0,0.0,0.6153846153846154,0.09090909090909091,0.26666666666666666,0.6666666666666666,0.0,0.0,0.0,0.0,0.0,1.0,0.0,0.0,0.0,0.0,0.0,1.0,0.0,0.0,0.0,0.0,0.0,1.0,0.0,0.0,0.0,0.0,0.0,0.0,0.0,0.0,0.0,0.0,0.0,0.0,0.0,0.0,0.0,0.0,0.0,0.0,0.0,0.0,1.0,0.0,0.0,1.0,0.0,0.0,0.0,1.0,0.0,0.0,0.0,1.0
0.90625,0.0,0.0,0.0,0.930722487824494,1.0,0.75,0.75,1.0,0.6666666666666666,0.5,1.0,0.3333333333333333,0.3333333333333333,0.0,1.0,0.7692307692307693,0.0,0.9,1.0,0.0,0.0,1.0,0.0,0.0,0.0,0.0,0.0,0.0,0.0,0.0,1.0,0.0,0.0,0.0,0.0,0.0,0.0,0.0,0.0,1.0,0.0,0.0,0.0,0.0,0.0,0.0,0.0,0.0,0.0,0.0,0.0,0.0,0.0,0.0,0.0,1.0,0.0,0.0,0.0,1.0,0.0,0.0,0.0,0.0,0.0,1.0,0.0,1.0,0.0
0.0,0.0,1.0,0.0,0.949332022697824,0.2,0.75,1.0,0.0,1.0,0.5,1.0,0.5555555555555556,0.3333333333333333,1.0,1.0,1.0,0.45454545454545453,0.7333333333333333,1.0,0.0,0.0,0.0,0.0,0.0,1.0,0.0,0.0,0.0,1.0,0.0,0.0,0.0,0.0,0.0,0.0,0.0,0.0,0.0,0.0,0.0,0.0,0.0,0.0,0.0,0.0,0.0,0.0,0.0,0.0,0.0,0.0,0.0,0.0,0.0,1.0,1.0,0.0,0.0,0.0,1.0,0.0,0.0,0.0,0.0,0.0,1.0,1.0,0.0,0.0
0.9375,0.0,1.0,1.0,0.2472409633170993,0.9,1.0,0.5,0.0,0.0,1.0,0.5,1.0,1.0,1.0,1.0,0.6923076923076923,0.6363636363636364,0.6333333333333333,0.16666666666666666,0.0,0.0,1.0,0.0,0.0,0.0,0.0,0.0,0.0,0.0,0.0,1.0,1.0,0.0,0.0,0.0,0.0,0.0,0.0,0.0,0.0,0.0,0.0,0.0,0.0,0.0,0.0,0.0,0.0,0.0,0.0,0.0,0.0,0.0,0.0,0.0,0.0,1.0,0.0,0.0,0.0,1.0,0.0,0.0,1.0,0.0,0.0,0.0,0.0,1.0
0.03125,0.0,0.5,0.0,0.4447299048299897,0.2,1.0,0.75,0.0,0.3333333333333333,1.0,0.0,0.0,0.0,0.0,0.0,0.7692307692307693,0.9090909090909091,0.7666666666666667,1.0,0.0,0.0,0.0,0.0,0.0,1.0,0.0,0.0,0.0,0.0,1.0,0.0,0.0,0.0,1.0,0.0,0.0,0.0,0.0,0.0,0.0,0.0,0.0,0.0,0.0,0.0,0.0,0.0,0.0,0.0,0.0,0.0,0.0,0.0,0.0,0.0,1.0,0.0,0.0,1.0,0.0,0.0,0.0,0.0,0.0,0.0,1.0,0.0,1.0,0.0
0.65625,0.0,0.0,1.0,0.22154952861802418,0.7,0.5,0.25,0.0,0.3333333333333333,0.5,0.5,1.0,0.3333333333333333,0.0,0.0,0.23076923076923078,0.2727272727272727,0.6,0.6666666666666666,0.0,0.0,1.0,0.0,0.0,0.0,0.0,0.0,1.0,0.0,0.0,0.0,0.0,0.0,0.0,0.0,0.0,1.0,0.0,0.0,0.0,0.0,0.0,0.0,0.0,0.0,0.0,0.0,0.0,0.0,0.0,0.0,0.0,0.0,0.0,0.0,0.0,1.0,0.0,0.0,1.0,0.0,0.0,0.0,1.0,0.0,0.0,0.0,0.0,1.0
0.9375,1.0,1.0,0.0,0.6621241231401636,0.3,1.0,0.25,0.0,0.6666666666666666,0.5,1.0,0.0,0.0,0.0,0.0,0.46153846153846156,0.0,0.8333333333333334,0.6666666666666666,0.0,0.0,1.0,0.0,0.0,0.0,0.0,0.0,1.0,0.0,0.0,0.0,0.0,0.0,0.0,0.0,0.0,0.0,0.0,0.0,0.0,0.0,0.0,0.0,0.0,0.0,0.0,1.0,0.0,0.0,0.0,0.0,0.0,0.0,0.0,0.0,1.0,0.0,0.0,0.0,1.0,0.0,0.0,0.0,0.0,1.0,0.0,0.0,1.0,0.0
0.78125,1.0,1.0,1.0,0.6585496626602922,0.7,0.5,0.0,1.0,1.0,0.0,0.0,1.0,0.6666666666666666,1.0,0.0,0.15384615384615385,0.7272727272727273,0.16666666666666666,0.6666666666666666,0.0,0.0,1.0,0.0,0.0,0.0,0.0,0.0,0.0,0.0,0.0,1.0,0.0,0.0,0.0,0.0,0.0,0.0,0.0,0.0,0.0,0.0,0.0,1.0,0.0,0.0,0.0,0.0,0.0,0.0,0.0,0.0,0.0,0.0,0.0,0.0,0.0,1.0,0.0,0.0,0.0,1.0,0.0,0.0,0.0,0.0,1.0,1.0,0.0,0.0
0.40625,1.0,0.5,1.0,0.5507573388141728,0.0,0.0,0.75,0.0,0.6666666666666666,0.0,0.0,0.8888888888888888,1.0,1.0,1.0,0.46153846153846156,0.45454545454545453,0.9333333333333333,0.8333333333333334,0.0,0.0,1.0,0.0,0.0,0.0,0.0,0.0,1.0,0.0,0.0,0.0,0.0,0.0,0.0,0.0,0.0,0.0,0.0,0.0,0.0,0.0,0.0,1.0,0.0,0.0,0.0,0.0,0.0,0.0,0.0,0.0,0.0,0.0,0.0,0.0,0.0,1.0,0.0,1.0,0.0,0.0,0.0,0.0,0.0,0.0,1.0,1.0,0.0,0.0
0.3125,0.0,0.5,1.0,0.9910861891783209,1.0,1.0,0.5,0.125,1.0,1.0,0.5,0.7777777777777778,0.3333333333333333,0.0,0.0,0.15384615384615385,0.18181818181818182,0.06666666666666667,1.0,0.0,0.0,1.0,0.0,0.0,0.0,0.0,0.0,1.0,0.0,0.0,0.0,0.0,0.0,0.0,0.0,0.0,0.0,0.0,0.0,0.0,0.0,0.0,0.0,0.0,1.0,0.0,0.0,0.0,0.0,0.0,0.0,0.0,0.0,0.0,0.0,0.0,0.0,1.0,1.0,0.0,0.0,0.0,0.0,1.0,0.0,0.0,1.0,0.0,0.0
0.34375,0.0,1.0,1.0,0.8775523881864081,0.3,1.0,0.5,0.0,0.0,0.5,0.0,0.6666666666666666,0.3333333333333333,1.0,0.0,0.6153846153846154,0.36363636363636365,0.3,0.6666666666666666,0.0,0.0,0.0,0.0,1.0,0.0,0.0,0.0,0.0,1.0,0.0,0.0,1.0,0.0,0.0,0.0,0.0,0.0,0.0,0.0,0.0,0.0,0.0,0.0,0.0,0.0,0.0,0.0,0.0,0.0,0.0,0.0,0.0,0.0,0.0,0.0,1.0,0.0,0.0,0.0,0.0,1.0,1.0,0.0,0.0,0.0,0.0,0.0,0.0,1.0
0.84375,0.0,0.0,1.0,0.9080693445333096,0.5,0.75,0.5,1.0,1.0,1.0,1.0,0.5555555555555556,0.6666666666666666,1.0,1.0,0.6923076923076923,0.6363636363636364,0.6333333333333333,0.16666666666666666,0.0,0.0,0.0,1.0,0.0,0.0,0.0,0.0,1.0,0.0,0.0,0.0,0.0,0.0,0.0,0.0,0.0,0.0,0.0,0.0,0.0,0.0,0.0,0.0,0.0,0.0,0.0,1.0,0.0,0.0,0.0,0.0,0.0,0.0,0.0,0.0,1.0,0.0,0.0,0.0,1.0,0.0,0.0,0.0,0.0,1.0,0.0,1.0,0.0,0.0
0.625,0.0,1.0,1.0,0.7979312809972745,0.2,0.0,0.5,0.5,0.0,1.0,0.5,1.0,0.6666666666666666,0.0,0.0,1.0,0.9090909090909091,0.3333333333333333,0.0,0.0,0.0,0.0,0.0,0.0,1.0,0.0,0.0,0.0,0.0,1.0,0.0,0.0,0.0,0.0,0.0,1.0,0.0,0.0,0.0,0.0,0.0,0.0,0.0,0.0,0.0,0.0,0.0,0.0,0.0,0.0,0.0,0.0,0.0,0.0,0.0,1.0,0.0,0.0,0.0,0.0,1.0,1.0,0.0,0.0,0.0,0.0,0.0,0.0,1.0
0.375,0.0,0.5,0.0,0.8890800232339932,0.6,0.75,0.75,1.0,1.0,0.5,0.5,0.2222222222222222,0.6666666666666666,1.0,0.0,0.5384615384615384,0.36363636363636365,0.8,0.8333333333333334,0.0,0.0,0.0,0.0,0.0,1.0,0.0,0.0,0.0,0.0,0.0,1.0,0.0,0.0,0.0,0.0,1.0,0.0,0.0,0.0,0.0,0.0,0.0,0.0,0.0,0.0,0.0,0.0,0.0,0.0,0.0,0.0,0.0,0.0,0.0,0.0,1.0,0.0,0.0,0.0,0.0,1.0,0.0,0.0,1.0,0.0,0.0,1.0,0.0,0.0
0.6875,1.0,0.5,1.0,0.4585362584334927,0.5,1.0,0.0,0.5,1.0,1.0,0.0,1.0,0.0,0.0,0.0,0.9230769230769231,1.0,0.7333333333333333,0.0,0.0,0.0,1.0,0.0,0.0,0.0,0.0,0.0,0.0,0.0,0.0,1.0,0.0,0.0,0.0,0.0,0.0,0.0,1.0,0.0,0.0,0.0,0.0,0.0,0.0,0.0,0.0,0.0,0.0,0.0,0.0,0.0,0.0,0.0,0.0,0.0,0.0,0.0,1.0,0.0,0.0,1.0,1.0,0.0,0.0,0.0,0.0,0.0,1.0,0.0
0.84375,0.0,0.0,1.0,0.2130378446003306,0.5,0.75,0.25,0.5,0.3333333333333333,1.0,0.5,0.5555555555555556,0.0,1.0,1.0,0.0,0.5454545454545454,0.2,1.0,0.0,0.0,0.0,0.0,0.0,1.0,0.0,0.0,0.0,1.0,0.0,0.0,0.0,0.0,0.0,0.0,0.0,0.0,0.0,0.0,0.0,0.0,0.0,0.0,0.0,0.0,0.0,0.0,1.0,0.0,0.0,0.0,0.0,0.0,0.0,0.0,1.0,0.0,0.0,0.0,0.0,1.0,0.0,1.0,0.0,0.0,0.0,0.0,0.0,1.0
0.8125,1.0,0.0,0.0,0.5835083329609937,0.2,0.25,0.75,1.0,0.3333333333333333,1.0,0.0,0.5555555555555556,1.0,0.0,1.0,0.07692307692307693,1.0,0.9666666666666667,0.0,0.0,0.0,1.0,0.0,0.0,0.0,0.0,0.0,0.0,0.0,1.0,0.0,0.0,0.0,0.0,0.0,0.0,0.0,0.0,0.0,0.0,0.0,0.0,0.0,1.0,0.0,0.0,0.0,0.0,0.0,0.0,0.0,0.0,0.0,0.0,0.0,1.0,0.0,0.0,0.0,1.0,0.0,0.0,1.0,0.0,0.0,0.0,0.0,1.0,0.0
0.625,0.0,0.0,0.0,0.5604977436218221,0.2,0.75,1.0,0.5,0.3333333333333333,0.0,1.0,1.0,1.0,0.0,0.0,0.9230769230769231,0.18181818181818182,0.3333333333333333,0.0,0.0,0.0,1.0,0.0,0.0,0.0,0.0,0.0,0.0,0.0,0.0,1.0,0.0,0.0,0.0,0.0,0.0,0.0,0.0,0.0,0.0,1.0,0.0,0.0,0.0,0.0,0.0,0.0,0.0,0.0,0.0,0.0,0.0,0.0,0.0,0.0,0.0,1.0,0.0,1.0,0.0,0.0,0.0,1.0,0.0,0.0,0.0,0.0,0.0,1.0
0.15625,0.0,0.5,1.0,0.5512264867521558,0.1,0.0,1.0,0.0,0.6666666666666666,1.0,0.0,0.6666666666666666,0.3333333333333333,0.0,0.0,0.23076923076923078,0.5454545454545454,0.2,1.0,0.0,0.0,0.0,0.0,0.0,0.0,0.0,1.0,0.0,0.0,0.0,1.0,0.0,0.0,0.0,0.0,0.0,0.0,0.0,0.0,0.0,0.0,0.0,0.0,0.0,0.0,0.0,0.0,0.0,0.0,0.0,0.0,1.0,0.0,0.0,0.0,0.0,1.0,0.0,0.0,0.0,1.0,0.0,0.0,1.0,0.0,0.0,0.0,1.0,0.0
0.375,1.0,0.5,1.0,0.23803672758143063,0.1,0.0,0.5,0.5,0.6666666666666666,0.0,0.5,0.0,0.0,0.0,0.0,0.5384615384615384,0.5454545454545454,0.7666666666666667,0.3333333333333333,0.0,0.0,0.0,0.0,1.0,0.0,0.0,0.0,0.0,0.0,0.0,1.0,0.0,0.0,0.0,0.0,0.0,0.0,0.0,0.0,0.0,0.0,0.0,0.0,0.0,0.0,0.0,0.0,0.0,0.0,0.0,0.0,0.0,1.0,0.0,0.0,0.0,0.0,1.0,1.0,0.0,0.0,1.0,0.0,0.0,0.0,0.0,0.0,0.0,1.0
0.75,1.0,1.0,0.0,0.4216746347348197,0.1,0.5,0.0,0.0,0.3333333333333333,0.0,1.0,0.7777777777777778,1.0,1.0,1.0,0.46153846153846156,0.6363636363636364,0.1,1.0,0.0,0.0,0.0,0.0,0.0,1.0,0.0,0.0,0.0,0.0,0.0,1.0,0.0,0.0,0.0,0.0,0.0,0.0,0.0,0.0,0.0,0.0,0.0,0.0,1.0,0.0,0.0,0.0,0.0,0.0,0.0,0.0,0.0,0.0,0.0,0.0,0.0,1.0,0.0,1.0,0.0,0.0,0.0,0.0,0.0,1.0,0.0,0.0,0.0,1.0
0.3125,1.0,0.0,1.0,0.4247129261427103,0.8,0.0,0.5,1.0,1.0,0.5,0.0,0.2222222222222222,0.6666666666666666,1.0,0.0,0.5384615384615384,0.0,0.03333333333333333,0.16666666666666666,0.0,0.0,1.0,0.0,0.0,0.0,0.0,0.0,0.0,0.0,0.0,1.0,0.0,0.0,0.0,0.0,0.0,0.0,0.0,0.0,0.0,1.0,0.0,0.0,0.0,0.0,0.0,0.0,0.0,0.0,0.0,0.0,0.0,0.0,0.0,0.0,0.0,1.0,0.0,0.0,0.0,1.0,0.0,0.0,0.0,0.0,1.0,0.0,1.0,0.0
0.8125,0.0,1.0,1.0,0.5615477413877843,0.4,0.0,1.0,0.5,0.6666666666666666,0.0,1.0,0.4444444444444444,0.6666666666666666,1.0,0.0,0.9230769230769231,0.2727272727272727,0.26666666666666666,0.16666666666666666,0.0,0.0,1.0,0.0,0.0,0.0,0.0,0.0,0.0,0.0,1.0,0.0,0.0,0.0,0.0,0.0,0.0,0.0,0.0,0.0,0.0,0.0,0.0,0.0,0.0,0.0,0.0,0.0,0.0,0.0,0.0,0.0,0.0,1.0,0.0,0.0,0.0,1.0,0.0,1.0,0.0,0.0,0.0,0.0,0.0,1.0,0.0,1.0,0.0,0.0
0.84375,0.0,0.5,0.0,0.7088155131584827,0.0,0.25,1.0,0.5,0.0,0.0,1.0,0.1111111111111111,1.0,0.0,0.0,0.5384615384615384,0.8181818181818182,0.4666666666666667,0.16666666666666666,0.0,0.0,0.0,0.0,0.0,1.0,0.0,0.0,0.0,0.0,0.0,1.0,0.0,0.0,0.0,0.0,0.0,0.0,0.0,0.0,0.0,0.0,0.0,0.0,0.0,0.0,0.0,0.0,0.0,0.0,0.0,0.0,1.0,0.0,0.0,0.0,0.0,0.0,1.0,0.0,1.0,0.0,0.0,0.0,1.0,0.0,0.0,1.0,0.0,0.0
0.875,1.0,1.0,0.0,0.6904070416871454,0.5,1.0,0.0,0.5,1.0,0.0,0.5,0.5555555555555556,0.3333333333333333,0.0,0.0,0.15384615384615385,0.0,0.7333333333333333,0.16666666666666666,0.0,0.0,1.0,0.0,0.0,0.0,0.0,0.0,0.0,1.0,0.0,0.0,0.0,0.0,0.0,0.0,0.0,0.0,0.0,0.0,0.0,0.0,1.0,0.0,0.0,0.0,0.0,0.0,0.0,0.0,0.0,0.0,0.0,0.0,0.0,0.0,1.0,0.0,0.0,0.0,0.0,1.0,0.0,0.0,0.0,1.0,0.0,0.0,0.0,1.0
0.3125,0.0,0.5,1.0,0.3434386309816362,0.0,1.0,0.5,1.0,0.0,0.5,0.5,0.2222222222222222,1.0,0.0,1.0,0.9230769230769231,1.0,0.0,1.0,0.0,0.0,1.0,0.0,0.0,0.0,0.0,0.0,1.0,0.0,0.0,0.0,0.0,0.0,0.0,0.0,0.0,0.0,0.0,0.0,0.0,0.0,0.0,0.0,0.0,0.0,0.0,0.0,0.0,0.0,0.0,1.0,0.0,0.0,0.0,0.0,0.0,1.0,0.0,1.0,0.0,0.0,0.0,0.0,1.0,0.0,0.0,0.0,0.0,1.0
0.28125,1.0,1.0,1.0,0.39815021670166656,0.5,0.0,0.0,1.0,0.3333333333333333,0.0,1.0,0.1111111111111111,0.6666666666666666,1.0,1.0,0.7692307692307693,0.09090909090909091,0.6,0.0,0.0,0.0,0.0,0.0,0.0,1.0,0.0,0.0,0.0,0.0,1.0,0.0,0.0,0.0,0.0,0.0,0.0,0.0,0.0,0.0,0.0,1.0,0.0,0.0,0.0,0.0,0.0,0.0,0.0,0.0,0.0,0.0,0.0,0.0,0.0,0.0,0.0,0.0,1.0,1.0,0.0,0.0,0.0,0.0,0.0,0.0,1.0,1.0,0.0,0.0
0.0625,1.0,0.0,0.0,0.6804879138555024,0.9,0.0,0.0,0.0,1.0,0.0,0.5,0.1111111111111111,0.6666666666666666,0.0,1.0,0.8461538461538461,0.6363636363636364,0.6,0.0,0.0,0.0,1.0,0.0,0.0,0.0,0.0,0.0,0.0,0.0,1.0,0.0,0.0,0.0,0.0,0.0,0.0,0.0,0.0,0.0,0.0,0.0,0.0,0.0,0.0,0.0,0.0,0.0,0.0,0.0,1.0,0.0,0.0,0.0,0.0,0.0,0.0,0.0,1.0,1.0,0.0,0.0,0.0,0.0,1.0,0.0,0.0,1.0,0.0,0.0
0.6875,1.0,0.0,1.0,0.6343773736651624,1.0,0.25,0.0,1.0,0.0,0.5,1.0,0.4444444444444444,0.0,1.0,0.0,0.9230769230769231,0.9090909090909091,0.5666666666666667,0.0,0.0,0.0,0.0,0.0,0.0,1.0,0.0,0.0,0.0,1.0,0.0,0.0,1.0,0.0,0.0,0.0,0.0,0.0,0.0,0.0,0.0,0.0,0.0,0.0,0.0,0.0,0.0,0.0,0.0,0.0,0.0,0.0,0.0,0.0,0.0,0.0,1.0,0.0,0.0,0.0,0.0,1.0,0.0,0.0,1.0,0.0,0.0,0.0,0.0,1.0
0.5625,0.0,1.0,0.0,0.294915329967383,0.3,0.25,0.0,1.0,1.0,1.0,0.5,0.6666666666666666,0.0,0.0,0.0,0.9230769230769231,0.45454545454545453,0.1,0.16666666666666666,0.0,0.0,0.0,0.0,0.0,1.0,0.0,0.0,0.0,0.0,0.0,1.0,0.0,0.0,0.0,0.0,1.0,0.0,0.0,0.0,0.0,0.0,0.0,0.0,0.0,0.0,0.0,0.0,0.0,0.0,0.0,0.0,0.0,0.0,0.0,0.0,0.0,0.0,1.0,1.0,0.0,0.0,0.0,0.0,0.0,1.0,0.0,0.0,1.0,0.0
0.78125,1.0,0.0,0.0,0.4680532594611501,0.9,0.75,0.5,0.0,0.0,0.0,1.0,0.4444444444444444,1.0,0.0,1.0,0.9230769230769231,0.9090909090909091,0.6333333333333333,0.3333333333333333,0.0,0.0,0.0,0.0,0.0,1.0,0.0,0.0,0.0,0.0,0.0,1.0,0.0,0.0,0.0,0.0,0.0,0.0,0.0,0.0,0.0,0.0,0.0,0.0,0.0,0.0,0.0,1.0,0.0,0.0,0.0,0.0,0.0,0.0,0.0,0.0,1.0,0.0,0.0,1.0,0.0,0.0,0.0,1.0,0.0,0.0,0.0,1.0,0.0,0.0
0.25,1.0,0.0,0.0,0.9030427594834906,0.6,0.5,1.0,0.0,0.3333333333333333,0.5,1.0,0.6666666666666666,0.6666666666666666,0.0,0.0,0.7692307692307693,0.2727272727272727,0.6666666666666666,1.0,0.0,0.0,1.0,0.0,0.0,0.0,0.0,0.0,0.0,0.0,1.0,0.0,0.0,0.0,0.0,0.0,0.0,0.0,0.0,1.0,0.0,0.0,0.0,0.0,0.0,0.0,0.0,0.0,0.0,0.0,0.0,0.0,0.0,0.0,0.0,0.0,0.0,0.0,1.0,1.0,0.0,0.0,0.0,0.0,1.0,0.0,0.0,0.0,1.0,0.0
0.34375,0.0,0.5,1.0,0.6137125240159064,0.9,0.25,0.75,1.0,0.3333333333333333,0.0,0.5,0.0,1.0,1.0,0.0,0.46153846153846156,0.8181818181818182,0.6333333333333333,1.0,0.0,0.0,0.0,0.0,0.0,1.0,0.0,0.0,0.0,0.0,0.0,1.0,0.0,0.0,0.0,1.0,0.0,0.0,0.0,0.0,0.0,0.0,0.0,0.0,0.0,0.0,0.0,0.0,0.0,0.0,0.0,0.0,0.0,0.0,0.0,0.0,1.0,0.0,0.0,1.0,0.0,0.0,0.0,0.0,0.0,1.0,0.0,1.0,0.0,0.0
0.5,0.0,0.0,1.0,0.6716634645458202,0.0,1.0,0.5,1.0,1.0,1.0,1.0,0.5555555555555556,0.0,0.0,1.0,0.46153846153846156,0.09090909090909091,0.26666666666666666,0.6666666666666666,0.0,0.0,1.0,0.0,0.0,0.0,0.0,0.0,0.0,0.0,0.0,1.0,0.0,0.0,0.0,0.0,0.0,0.0,0.0,0.0,0.0,0.0,0.0,0.0,0.0,0.0,0.0,1.0,0.0,0.0,0.0,0.0,0.0,0.0,0.0,0.0,1.0,0.0,0.0,1.0,0.0,0.0,0.0,0.0,0.0,1.0,0.0,0.0,0.0,1.0
0.6875,1.0,0.5,0.0,0.6320539743532461,0.6,0.75,1.0,1.0,0.0,1.0,1.0,0.1111111111111111,1.0,0.0,0.0,1.0,1.0,0.13333333333333333,0.5,0.0,0.0,0.0,0.0,0.0,1.0,0.0,0.0,0.0,0.0,1.0,0.0,0.0,0.0,1.0,0.0,0.0,0.0,0.0,0.0,0.0,0.0,0.0,0.0,0.0,0.0,0.0,0.0,0.0,0.0,0.0,0.0,0.0,0.0,0.0,0.0,0.0,1.0,0.0,0.0,1.0,0.0,0.0,0.0,0.0,1.0,0.0,1.0,0.0,0.0
0.75,1.0,0.5,0.0,0.9364863053482865,0.2,0.25,1.0,0.5,0.3333333333333333,0.0,0.5,0.6666666666666666,0.0,0.0,0.0,0.46153846153846156,0.45454545454545453,0.9,0.6666666666666666,0.0,0.0,1.0,0.0,0.0,0.0,0.0,0.0,0.0,1.0,0.0,0.0,0.0,0.0,0.0,1.0,0.0,0.0,0.0,0.0,0.0,0.0,0.0,0.0,0.0,0.0,0.0,0.0,0.0,0.0,0.0,0.0,0.0,0.0,0.0,0.0,0.0,1.0,0.0,1.0,0.0,0.0,1.0,0.0,0.0,0.0,0.0,0.0,1.0,0.0
0.3125,1.0,0.5,1.0,0.3503194674053885,0.2,0.5,0.75,0.5,0.3333333333333333,0.0,0.5,0.7777777777777778,1.0,0.0,0.0,0.07692307692307693,0.6363636363636364,0.16666666666666666,0.16666666666666666,0.0,0.0,0.0,0.0,0.0,1.0,0.0,0.0,0.0,1.0,0.0,0.0,0.0,0.0,0.0,0.0,0.0,0.0,0.0,0.0,0.0,0.0,0.0,0.0,0.0,0.0,0.0,0.0,0.0,1.0,0.0,0.0,0.0,0.0,0.0,0.0,1.0,0.0,0.0,1.0,0.0,0.0,0.0,0.0,1.0,0.0,0.0,0.0,1.0,0.0
0.96875,1.0,0.5,1.0,0.16795496179795363,0.5,0.5,0.5,1.0,0.3333333333333333,0.0,0.5,0.5555555555555556,0.6666666666666666,0.0,0.0,0.9230769230769231,0.9090909090909091,0.7,0.6666666666666666,0.0,0.0,0.0,0.0,0.0,1.0,0.0,0.0,0.0,0.0,1.0,0.0,0.0,0.0,0.0,0.0,0.0,0.0,0.0,0.0,0.0,0.0,0.0,0.0,0.0,0.0,0.0,0.0,0.0,0.0,0.0,0.0,0.0,0.0,1.0,0.0,1.0,0.0,0.0,1.0,0.0,0.0,0.0,0.0,1.0,0.0,0.0,0.0,1.0,0.0
0.875,1.0,1.0,0.0,0.2682185782583441,0.7,1.0,0.25,0.5,0.6666666666666666,0.5,1.0,0.0,0.3333333333333333,0.0,0.0,0.23076923076923078,0.6363636363636364,0.1,1.0,0.0,0.0,1.0,0.0,0.0,0.0,0.0,0.0,0.0,0.0,1.0,0.0,0.0,0.0,0.0,0.0,0.0,0.0,1.0,0.0,0.0,0.0,0.0,0.0,0.0,0.0,0.0,0.0,0.0,0.0,0.0,0.0,0.0,0.0,0.0,0.0,0.0,0.0,1.0,0.0,1.0,0.0,0.0,1.0,0.0,0.0,0.0,0.0,1.0,0.0
0.8125,1.0,1.0,1.0,0.029489298958938374,0.0,0.0,0.75,1.0,0.0,0.0,0.0,0.5555555555555556,0.6666666666666666,0.0,1.0,0.8461538461538461,0.0,0.36666666666666664,0.6666666666666666,0.0,0.0,1.0,0.0,0.0,0.0,0.0,0.0,1.0,0.0,0.0,0.0,0.0,0.0,0.0,0.0,0.0,0.0,1.0,0.0,0.0,0.0,0.0,0.0,0.0,0.0,0.0,0.0,0.0,0.0,0.0,0.0,0.0,0.0,0.0,0.0,0.0,0.0,1.0,0.0,1.0,0.0,1.0,0.0,0.0,0.0,0.0,0.0,1.0,0.0
0.34375,1.0,0.0,0.0,0.6475135159286896,0.5,0.75,1.0,0.0,0.3333333333333333,0.0,0.0,0.6666666666666666,0.0,0.0,1.0,0.0,0.9090909090909091,0.6,0.16666666666666666,0.0,0.0,0.0,0.0,0.0,1.0,0.0,0.0,0.0,1.0,0.0,0.0,0.0,0.0,0.0,0.0,0.0,1.0,0.0,0.0,0.0,0.0,0.0,0.0,0.0,0.0,0.0,0.0,0.0,0.0,0.0,0.0,0.0,0.0,0.0,0.0,1.0,0.0,0.0,1.0,0.0,0.0,0.0,1.0,0.0,0.0,0.0,1.0,0.0,0.0
0.90625,0.0,0.5,1.0,0.7314909968276664,0.4,0.25,0.25,0.5,0.6666666666666666,1.0,0.5,0.5555555555555556,1.0,0.0,0.0,0.46153846153846156,0.7272727272727273,0.1,0.3333333333333333,0.0,0.0,0.0,0.0,0.0,1.0,0.0,0.0,1.0,0.0,0.0,0.0,0.0,0.0,0.0,0.0,0.0,0.0,0.0,0.0,0.0,0.0,0.0,0.0,0.0,0.0,0.0,0.0,0.0,0.0,0.0,0.0,1.0,0.0,0.0,0.0,0.0,1.0,0.0,0.0,1.0,0.0,0.0,0.0,0.0,0.0,1.0,0.0,0.0,1.0
0.59375,0.0,0.5,0.0,0.41358741789911085,0.7,1.0,0.25,0.0,0.0,1.0,1.0,0.2222222222222222,0.0,0.0,0.0,1.0,0.6363636363636364,0.06666666666666667,0.8333333333333334,0.0,0.0,1.0,0.0,0.0,0.0,0.0,0.0,0.0,1.0,0.0,0.0,0.0,0.0,0.0,0.0,0.0,0.0,0.0,0.0,0.0,0.0,0.0,0.0,0.0,0.0,0.0,0.0,0.0,0.0,0.0,0.0,0.0,0.0,1.0,0.0,0.0,1.0,0.0,1.0,0.0,0.0,1.0,0.0,0.0,0.0,0.0,0.0,1.0,0.0
0.90625,1.0,0.0,0.0,0.2540771189848532,0.3,1.0,0.0,1.0,0.3333333333333333,0.5,0.5,1.0,1.0,0.0,0.0,0.3076923076923077,0.2727272727272727,0.23333333333333334,0.0,0.0,0.0,0.0,0.0,0.0,1.0,0.0,0.0,0.0,0.0,0.0,1.0,0.0,1.0,0.0,0.0,0.0,0.0,0.0,0.0,0.0,0.0,0.0,0.0,0.0,0.0,0.0,0.0,0.0,0.0,0.0,0.0,0.0,0.0,0.0,0.0,1.0,0.0,0.0,0.0,1.0,0.0,0.0,0.0,0.0,1.0,0.0,0.0,1.0,0.0
0.1875,1.0,0.5,1.0,0.9050087127474197,0.1,0.25,0.5,0.5,0.3333333333333333,0.5,0.5,0.5555555555555556,0.6666666666666666,0.0,0.0,0.38461538461538464,0.2727272727272727,0.6666666666666666,1.0,0.0,0.0,0.0,0.0,0.0,1.0,0.0,0.0,0.0,1.0,0.0,0.0,0.0,0.0,0.0,0.0,0.0,0.0,0.0,0.0,0.0,0.0,0.0,0.0,0.0,0.0,0.0,0.0,0.0,0.0,0.0,0.0,0.0,1.0,0.0,0.0,0.0,0.0,1.0,0.0,1.0,0.0,0.0,0.0,1.0,0.0,0.0,1.0,0.0,0.0
0.5625,1.0,1.0,1.0,0.5531700996380858,0.5,0.5,1.0,0.5,0.3333333333333333,0.5,1.0,0.7777777777777778,0.0,1.0,0.0,0.8461538461538461,0.45454545454545453,0.5333333333333333,0.0,0.0,0.0,0.0,0.0,0.0,1.0,0.0,0.0,0.0,0.0,0.0,1.0,0.0,0.0,0.0,0.0,0.0,0.0,0.0,0.0,0.0,0.0,0.0,1.0,0.0,0.0,0.0,0.0,0.0,0.0,0.0,0.0,0.0,0.0,0.0,0.0,1.0,0.0,0.0,0.0,0.0,1.0,0.0,0.0,0.0,1.0,0.0,0.0,0.0,1.0
0.5625,1.0,0.5,1.0,0.6724453777757919,0.5,0.25,0.25,0.0,0.6666666666666666,1.0,0.5,0.5555555555555556,0.6666666666666666,1.0,0.0,0.5384615384615384,0.18181818181818182,0.6,0.16666666666666666,0.0,0.0,1.0,0.0,0.0,0.0,0.0,0.0,0.0,0.0,1.0,0.0,0.0,0.0,0.0,0.0,0.0,0.0,0.0,0.0,0.0,0.0,0.0,0.0,0.0,0.0,1.0,0.0,0.0,0.0,0.0,0.0,0.0,0.0,0.0,0.0,1.0,0.0,0.0,0.0,0.0,1.0,0.0,0.0,0.0,1.0,0.0,0.0,0.0,1.0
0.96875,0.0,0.5,0.0,0.7657611366784327,0.9,0.25,0.25,0.0,1.0,1.0,0.5,1.0,0.0,1.0,1.0,0.15384615384615385,0.6363636363636364,0.4,0.16666666666666666,0.0,0.0,0.0,0.0,0.0,1.0,0.0,0.0,1.0,0.0,0.0,0.0,0.0,0.0,0.0,0.0,0.0,0.0,0.0,0.0,0.0,0.0,0.0,0.0,0.0,0.0,0.0,0.0,0.0,0.0,0.0,0.0,0.0,0.0,1.0,0.0,1.0,0.0,0.0,0.0,0.0,1.0,0.0,0.0,0.0,1.0,0.0,0.0,0.0,1.0
0.03125,1.0,0.0,1.0,0.4267235601626379,0.4,1.0,0.25,0.5,0.6666666666666666,0.0,0.0,0.7777777777777778,1.0,0.0,1.0,0.07692307692307693,0.36363636363636365,0.9333333333333333,0.3333333333333333,0.0,0.0,0.0,1.0,0.0,0.0,0.0,0.0,0.0,0.0,1.0,0.0,0.0,0.0,0.0,0.0,0.0,0.0,0.0,0.0,0.0,0.0,0.0,0.0,0.0,0.0,0.0,0.0,0.0,0.0,1.0,0.0,0.0,0.0,0.0,0.0,0.0,1.0,0.0,1.0,0.0,0.0,0.0,0.0,1.0,0.0,0.0,1.0,0.0,0.0
0.28125,1.0,0.5,1.0,0.5126893347035432,0.1,0.75,0.25,0.0,0.6666666666666666,0.5,1.0,0.6666666666666666,0.0,0.0,0.0,0.9230769230769231,1.0,0.06666666666666667,0.16666666666666666,0.0,0.0,1.0,0.0,0.0,0.0,0.0,0.0,0.0,0.0,1.0,0.0,0.0,0.0,0.0,0.0,0.0,0.0,0.0,0.0,0.0,0.0,0.0,0.0,0.0,0.0,0.0,0.0,0.0,0.0,0.0,0.0,1.0,0.0,0.0,0.0,1.0,0.0,0.0,1.0,0.0,0.0,0.0,0.0,0.0,1.0,0.0,0.0,1.0,0.0
0.5625,0.0,1.0,0.0,0.2844600330637594,0.3,0.0,0.0,1.0,0.0,0.5,1.0,1.0,1.0,1.0,1.0,0.7692307692307693,0.7272727272727273,0.6,0.5,0.0,0.0,1.0,0.0,0.0,0.0,0.0,0.0,0.0,0.0,1.0,0.0,0.0,0.0,0.0,0.0,0.0,0.0,0.0,0.0,0.0,0.0,0.0,0.0,1.0,0.0,0.0,0.0,0.0,0.0,0.0,0.0,0.0,0.0,0.0,0.0,0.0,1.0,0.0,0.0,1.0,0.0,0.0,1.0,0.0,0.0,0.0,1.0,0.0,0.0
0.59375,1.0,1.0,0.0,0.6641347571600912,0.3,0.75,0.75,0.5,0.3333333333333333,0.5,0.0,0.0,1.0,1.0,0.0,0.38461538461538464,0.18181818181818182,0.7,0.6666666666666666,0.0,0.0,0.0,0.0,0.0,1.0,0.0,0.0,0.0,1.0,0.0,0.0,0.0,0.0,0.0,0.0,0.0,0.0,0.0,0.0,0.0,0.0,0.0,0.0,0.0,0.0,0.0,0.0,0.0,0.0,0.0,1.0,0.0,0.0,0.0,0.0,0.0,1.0,0.0,1.0,0.0,0.0,0.0,0.0,0.0,0.0,1.0,0.0,0.0,1.0
0.84375,0.0,1.0,1.0,0.6547964791564274,0.1,0.5,1.0,0.0,1.0,0.5,0.0,0.6666666666666666,0.6666666666666666,0.0,1.0,0.15384615384615385,0.09090909090909091,0.7,0.5,0.0,0.0,1.0,0.0,0.0,0.0,0.0,0.0,0.0,0.0,1.0,0.0,0.0,0.0,0.0,0.0,0.0,0.0,0.0,0.0,0.0,0.0,0.0,0.0,0.0,0.0,0.0,0.0,0.0,0.0,1.0,0.0,0.0,0.0,0.0,0.0,1.0,0.0,0.0,1.0,0.0,0.0,0.0,1.0,0.0,0.0,0.0,0.0,0.0,1.0
0.90625,0.0,1.0,0.0,0.1219337831196104,0.5,0.25,1.0,0.0,0.3333333333333333,1.0,0.0,0.0,1.0,0.0,1.0,0.23076923076923078,1.0,0.8,0.3333333333333333,0.0,0.0,1.0,0.0,0.0,0.0,0.0,0.0,0.0,1.0,0.0,0.0,1.0,0.0,0.0,0.0,0.0,0.0,0.0,0.0,0.0,0.0,0.0,0.0,0.0,0.0,0.0,0.0,0.0,0.0,0.0,0.0,0.0,0.0,0.0,0.0,1.0,0.0,0.0,1.0,0.0,0.0,1.0,0.0,0.0,0.0,0.0,1.0,0.0,0.0
0.4375,0.0,0.0,0.0,0.9672266654751799,0.1,0.0,0.75,0.5,0.6666666666666666,0.0,1.0,0.0,0.6666666666666666,0.0,0.0,0.6153846153846154,0.6363636363636364,0.8666666666666667,0.16666666666666666,0.0,0.0,0.0,0.0,0.0,1.0,0.0,0.0,0.0,0.0,1.0,0.0,0.0,0.0,0.0,0.0,0.0,0.0,0.0,0.0,0.0,0.0,0.0,0.0,0.0,0.0,1.0,0.0,0.0,0.0,0.0,0.0,0.0,0.0,0.0,0.0,0.0,0.0,1.0,1.0,0.0,0.0,0.0,0.0,0.0,1.0,0.0,0.0,0.0,1.0
0.9375,0.0,0.5,0.0,0.041776506858496036,0.6,1.0,0.5,0.0,1.0,0.5,0.5,0.8888888888888888,1.0,0.0,0.0,0.3076923076923077,0.0,0.9,1.0,0.0,0.0,0.0,0.0,0.0,1.0,0.0,0.0,0.0,1.0,0.0,0.0,0.0,0.0,0.0,0.0,0.0,0.0,0.0,0.0,0.0,0.0,0.0,0.0,0.0,1.0,0.0,0.0,0.0,0.0,0.0,0.0,0.0,0.0,0.0,0.0,0.0,1.0,0.0,0.0,0.0,1.0,1.0,0.0,0.0,0.0,0.0,0.0,0.0,1.0
0.0625,1.0,1.0,0.0,0.34955989455341585,0.9,0.0,0.5,0.0,0.3333333333333333,0.5,0.5,0.4444444444444444,1.0,0.0,0.0,0.5384615384615384,0.9090909090909091,0.5,0.8333333333333334,0.0,0.0,0.0,1.0,0.0,0.0,0.0,0.0,0.0,0.0,1.0,0.0,0.0,0.0,0.0,0.0,0.0,0.0,0.0,0.0,0.0,0.0,0.0,0.0,0.0,0.0,0.0,0.0,0.0,0.0,0.0,0.0,0.0,0.0,1.0,0.0,0.0,0.0,1.0,0.0,0.0,1.0,0.0,0.0,0.0,0.0,1.0,0.0,0.0,1.0
0.4375,0.0,0.0,1.0,0.9013002099995532,0.9,0.25,0.0,0.5,1.0,0.0,0.5,0.7777777777777778,1.0,1.0,1.0,0.9230769230769231,1.0,0.23333333333333334,1.0,0.0,0.0,0.0,0.0,0.0,1.0,0.0,0.0,1.0,0.0,0.0,0.0,0.0,0.0,0.0,0.0,0.0,0.0,0.0,0.0,0.0,0.0,0.0,0.0,1.0,0.0,0.0,0.0,0.0,0.0,0.0,0.0,0.0,0.0,0.0,0.0,1.0,0.0,0.0,0.0,1.0,0.0,1.0,0.0,0.0,0.0,0.0,1.0,0.0,0.0
0.21875,1.0,0.0,1.0,0.13918055493498951,0.9,1.0,0.25,1.0,0.3333333333333333,1.0,0.5,0.0,0.0,0.0,1.0,0.23076923076923078,0.36363636363636365,0.4666666666666667,0.3333333333333333,0.0,0.0,0.0,0.0,0.0,1.0,0.0,0.0,0.0,0.0,0.0,1.0,0.0,0.0,0.0,0.0,0.0,0.0,0.0,0.0,0.0,0.0,1.0,0.0,0.0,0.0,0.0,0.0,0.0,0.0,0.0,0.0,0.0,0.0,0.0,0.0,1.0,0.0,0.0,0.0,0.0,1.0,0.0,1.0,0.0,0.0,0.0,1.0,0.0,0.0
0.75,0.0,0.5,0.0,0.8230642062463697,0.2,0.5,1.0,0.5,0.0,0.0,0.0,0.0,0.0,0.0,1.0,0.38461538461538464,0.6363636363636364,0.06666666666666667,0.8333333333333334,0.0,0.0,0.0,0.0,0.0,1.0,0.0,0.0,1.0,0.0,0.0,0.0,0.0,0.0,0.0,0.0,0.0,0.0,0.0,0.0,0.0,0.0,0.0,0.0,0.0,0.0,0.0,0.0,0.0,0.0,0.0,1.0,0.0,0.0,0.0,0.0,0.0,1.0,0.0,0.0,1.0,0.0,1.0,0.0,0.0,0.0,0.0,1.0,0.0,0.0
0.59375,1.0,0.5,1.0,0.29746213305929137,0.3,0.0,0.0,1.0,0.6666666666666666,0.0,0.5,0.3333333333333333,0.3333333333333333,0.0,1.0,0.15384615384615385,0.8181818181818182,0.2,0.0,0.0,0.0,1.0,0.0,0.0,0.0,0.0,0.0,0.0,0.0,1.0,0.0,0.0,0.0,0.0,0.0,0.0,0.0,0.0,0.0,0.0,0.0,0.0,0.0,0.0,0.0,0.0,1.0,0.0,0.0,0.0,0.0,0.0,0.0,0.0,0.0,0.0,1.0,0.0,0.0,1.0,0.0,0.0,0.0,1.0,0.0,0.0,0.0,0.0,1.0
0.09375,0.0,1.0,0.0,0.007059559447745848,0.8,0.75,0.5,0.0,0.6666666666666666,1.0,0.0,1.0,1.0,1.0,0.0,0.07692307692307693,0.45454545454545453,0.8,0.16666666666666666,0.0,0.0,0.0,1.0,0.0,0.0,0.0,0.0,0.0,0.0,0.0,1.0,0.0,0.0,0.0,0.0,0.0,0.0,0.0,0.0,0.0,0.0,0.0,0.0,0.0,0.0,0.0,0.0,0.0,0.0,0.0,1.0,0.0,0.0,0.0,0.0,1.0,0.0,0.0,0.0,0.0,1.0,1.0,0.0,0.0,0.0,0.0,0.0,1.0,0.0
0.78125,1.0,0.5,1.0,0.8424779947276708,0.7,1.0,1.0,0.0,0.6666666666666666,0.5,0.5,0.1111111111111111,0.6666666666666666,1.0,0.0,1.0,0.2727272727272727,0.1,0.5,0.0,0.0,1.0,0.0,0.0,0.0,0.0,0.0,0.0,0.0,0.0,1.0,0.0,0.0,0.0,0.0,0.0,0.0,0.0,1.0,0.0,0.0,0.0,0.0,0.0,0.0,0.0,0.0,0.0,0.0,0.0,0.0,0.0,0.0,0.0,0.0,1.0,0.0,0.0,1.0,0.0,0.0,0.0,0.0,0.0,0.0,1.0,0.0,1.0,0.0
0.34375,1.0,0.5,0.0,0.5185425137393325,0.4,1.0,0.5,1.0,0.6666666666666666,1.0,1.0,0.6666666666666666,0.0,0.0,1.0,0.15384615384615385,0.09090909090909091,0.9333333333333333,0.5,0.0,0.0,1.0,0.0,0.0,0.0,0.0,0.0,1.0,0.0,0.0,0.0,0.0,0.0,0.0,0.0,0.0,0.0,0.0,0.0,0.0,0.0,0.0,0.0,0.0,0.0,0.0,0.0,0.0,0.0,0.0,1.0,0.0,0.0,0.0,0.0,1.0,0.0,0.0,1.0,0.0,0.0,0.0,0.0,0.0,1.0,0.0,0.0,0.0,1.0
0.3125,0.0,1.0,0.0,0.36772262186676197,0.5,1.0,1.0,1.0,0.6666666666666666,0.5,0.5,0.7777777777777778,0.6666666666666666,0.0,1.0,0.46153846153846156,0.2727272727272727,0.26666666666666666,0.16666666666666666,0.0,0.0,0.0,0.0,0.0,1.0,0.0,0.0,1.0,0.0,0.0,0.0,0.0,0.0,0.0,0.0,0.0,0.0,1.0,0.0,0.0,0.0,0.0,0.0,0.0,0.0,0.0,0.0,0.0,0.0,0.0,0.0,0.0,0.0,0.0,0.0,0.0,0.0,1.0,0.0,1.0,0.0,0.0,0.0,0.0,1.0,0.0,0.0,1.0,0.0
0.78125,0.0,1.0,1.0,0.2970153254993074,0.9,0.5,0.0,0.5,0.3333333333333333,1.0,0.0,1.0,0.6666666666666666,1.0,1.0,0.38461538461538464,0.2727272727272727,0.5666666666666667,0.5,0.0,0.0,0.0,0.0,0.0,1.0,0.0,0.0,0.0,0.0,0.0,1.0,0.0,0.0,0.0,0.0,0.0,0.0,0.0,0.0,1.0,0.0,0.0,0.0,0.0,0.0,0.0,0.0,0.0,0.0,0.0,0.0,0.0,0.0,0.0,0.0,0.0,0.0,1.0,0.0,0.0,1.0,0.0,1.0,0.0,0.0,0.0,0.0,1.0,0.0
0.9375,1.0,0.0,0.0,0.3306822751440954,0.8,0.0,1.0,1.0,1.0,1.0,0.5,0.4444444444444444,0.0,1.0,0.0,0.23076923076923078,0.09090909090909091,0.03333333333333333,0.6666666666666666,0.0,0.0,1.0,0.0,0.0,0.0,0.0,0.0,1.0,0.0,0.0,0.0,0.0,0.0,1.0,0.0,0.0,0.0,0.0,0.0,0.0,0.0,0.0,0.0,0.0,0.0,0.0,0.0,0.0,0.0,0.0,0.0,0.0,0.0,0.0,0.0,1.0,0.0,0.0,1.0,0.0,0.0,0.0,0.0,0.0,1.0,0.0,0.0,0.0,1.0
0.25,0.0,0.0,1.0,0.4803404673607078,0.3,1.0,0.75,0.0,0.0,1.0,0.0,0.8888888888888888,0.0,1.0,1.0,0.9230769230769231,0.2727272727272727,0.7,0.0,0.0,0.0,1.0,0.0,0.0,0.0,0.0,0.0,0.0,1.0,0.0,0.0,0.0,0.0,0.0,0.0,0.0,0.0,0.0,0.0,0.0,0.0,0.0,0.0,0.0,0.0,0.0,0.0,0.0,0.0,0.0,0.0,0.0,0.0,0.0,1.0,0.0,1.0,0.0,0.0,0.0,1.0,0.0,0.0,1.0,0.0,0.0,1.0,0.0,0.0
0.75,0.0,1.0,1.0,0.19579107278495148,0.0,0.75,1.0,1.0,0.3333333333333333,0.0,0.0,0.1111111111111111,0.3333333333333333,1.0,1.0,0.5384615384615384,0.5454545454545454,0.43333333333333335,1.0,0.0,0.0,0.0,0.0,0.0,1.0,0.0,0.0,0.0,1.0,0.0,0.0,0.0,0.0,0.0,0.0,0.0,0.0,0.0,0.0,0.0,0.0,0.0,0.0,0.0,0.0,0.0,0.0,0.0,0.0,0.0,0.0,1.0,0.0,0.0,0.0,0.0,0.0,1.0,0.0,1.0,0.0,0.0,0.0,0.0,1.0,0.0,0.0,1.0,0.0
0.28125,0.0,0.5,0.0,0.8738662258165408,0.1,0.0,0.25,0.5,1.0,0.5,0.0,1.0,0.6666666666666666,1.0,0.0,0.9230769230769231,0.7272727272727273,0.3,0.16666666666666666,0.0,0.0,0.0,0.0,0.0,1.0,0.0,0.0,1.0,0.0,0.0,0.0,0.0,0.0,0.0,0.0,0.0,0.0,0.0,0.0,0.0,0.0,1.0,0.0,0.0,0.0,0.0,0.0,0.0,0.0,0.0,0.0,0.0,0.0,0.0,0.0,0.0,1.0,0.0,0.0,1.0,0.0,0.0,0.0,0.0,0.0,1.0,0.0,1.0,0.0
0.6875,0.0,1.0,0.0,0.2850185425137393,0.2,0.75,0.5,1.0,0.3333333333333333,1.0,1.0,1.0,1.0,0.0,1.0,0.5384615384615384,0.5454545454545454,0.9333333333333333,0.0,0.0,0.0,1.0,0.0,0.0,0.0,0.0,0.0,0.0,1.0,0.0,0.0,0.0,0.0,0.0,0.0,0.0,1.0,0.0,0.0,0.0,0.0,0.0,0.0,0.0,0.0,0.0,0.0,0.0,0.0,0.0,0.0,0.0,0.0,0.0,0.0,0.0,1.0,0.0,1.0,0.0,0.0,1.0,0.0,0.0,0.0,0.0,0.0,1.0,0.0
0.15625,0.0,0.0,1.0,0.05891157678387918,0.8,0.25,0.0,0.0,1.0,0.0,0.0,0.7777777777777778,0.0,1.0,1.0,0.0,0.8181818181818182,0.4666666666666667,0.16666666666666666,0.0,0.0,0.0,0.0,0.0,1.0,0.0,0.0,0.0,0.0,0.0,1.0,0.0,0.0,0.0,0.0,0.0,0.0,0.0,0.0,0.0,0.0,0.0,0.0,0.0,0.0,0.0,0.0,0.0,0.0,0.0,0.0,0.0,1.0,0.0,0.0,0.0,1.0,0.0,0.0,0.0,1.0,0.0,0.0,0.0,0.0,1.0,0.0,0.0,1.0
0.875,1.0,0.0,1.0,0.48297663196461277,0.9,0.75,0.25,1.0,0.3333333333333333,0.0,0.5,0.7777777777777778,0.6666666666666666,0.0,1.0,0.9230769230769231,0.5454545454545454,0.0,0.0,0.0,0.0,0.0,0.0,0.0,1.0,0.0,0.0,0.0,1.0,0.0,0.0,0.0,0.0,0.0,0.0,0.0,0.0,0.0,0.0,0.0,0.0,0.0,0.0,0.0,0.0,0.0,0.0,0.0,0.0,1.0,0.0,0.0,0.0,0.0,0.0,0.0,1.0,0.0,1.0,0.0,0.0,0.0,0.0,0.0,0.0,1.0,1.0,0.0,0.0
0.625,0.0,0.5,1.0,0.4895447030963763,0.2,1.0,0.75,0.0,0.3333333333333333,0.0,1.0,0.8888888888888888,0.3333333333333333,1.0,1.0,0.07692307692307693,0.36363636363636365,0.1,0.8333333333333334,0.0,0.0,1.0,0.0,0.0,0.0,0.0,0.0,1.0,0.0,0.0,0.0,0.0,0.0,0.0,0.0,0.0,0.0,1.0,0.0,0.0,0.0,0.0,0.0,0.0,0.0,0.0,0.0,0.0,0.0,0.0,0.0,0.0,0.0,0.0,0.0,1.0,0.0,0.0,0.0,0.0,1.0,0.0,1.0,0.0,0.0,0.0,0.0,1.0,0.0
0.15625,0.0,1.0,1.0,0.6333720566551987,0.6,0.25,0.25,1.0,0.0,1.0,1.0,0.7777777777777778,0.0,0.0,0.0,0.0,0.18181818181818182,0.03333333333333333,0.8333333333333334,0.0,0.0,0.0,0.0,0.0,1.0,0.0,0.0,0.0,1.0,0.0,0.0,0.0,0.0,0.0,0.0,0.0,0.0,0.0,0.0,0.0,0.0,0.0,0.0,0.0,1.0,0.0,0.0,0.0,0.0,0.0,0.0,0.0,0.0,0.0,0.0,0.0,0.0,1.0,0.0,0.0,1.0,1.0,0.0,0.0,0.0,0.0,0.0,0.0,1.0
0.6875,0.0,0.0,1.0,0.9468969214959118,0.6,0.0,1.0,1.0,0.3333333333333333,0.0,0.5,0.5555555555555556,1.0,1.0,0.0,0.8461538461538461,0.2727272727272727,0.5333333333333333,0.3333333333333333,0.0,0.0,1.0,0.0,0.0,0.0,0.0,0.0,0.0,1.0,0.0,0.0,0.0,0.0,0.0,0.0,0.0,0.0,0.0,0.0,0.0,0.0,0.0,0.0,0.0,0.0,0.0,0.0,0.0,0.0,0.0,0.0,0.0,0.0,0.0,1.0,1.0,0.0,0.0,0.0,1.0,0.0,0.0,0.0,0.0,0.0,1.0,0.0,0.0,1.0
0.5,1.0,1.0,1.0,0.6929985255350521,0.2,0.5,1.0,0.5,1.0,0.5,0.0,0.7777777777777778,1.0,1.0,1.0,0.23076923076923078,0.6363636363636364,0.9666666666666667,0.6666666666666666,0.0,0.0,0.0,0.0,0.0,1.0,0.0,0.0,0.0,1.0,0.0,0.0,0.0,0.0,0.0,0.0,0.0,0.0,1.0,0.0,0.0,0.0,0.0,0.0,0.0,0.0,0.0,0.0,0.0,0.0,0.0,0.0,0.0,0.0,0.0,0.0,0.0,1.0,0.0,1.0,0.0,0.0,0.0,1.0,0.0,0.0,0.0,0.0,1.0,0.0
0.8125,0.0,0.5,1.0,0.7211027210580404,0.4,0.75,0.0,0.0,0.6666666666666666,1.0,0.0,1.0,0.3333333333333333,1.0,1.0,0.0,0.2727272727272727,0.7333333333333333,0.16666666666666666,0.0,0.0,1.0,0.0,0.0,0.0,0.0,0.0,0.0,0.0,0.0,1.0,0.0,0.0,0.0,0.0,0.0,0.0,0.0,0.0,0.0,0.0,1.0,0.0,0.0,0.0,0.0,0.0,0.0,0.0,0.0,0.0,0.0,0.0,0.0,0.0,0.0,0.0,1.0,0.0,0.0,1.0,1.0,0.0,0.0,0.0,0.0,0.0,0.0,1.0
0.4375,1.0,1.0,0.0,0.9195076180688978,0.3,0.5,0.5,1.0,0.0,0.0,1.0,0.3333333333333333,0.6666666666666666,1.0,1.0,0.23076923076923078,0.9090909090909091,0.8,0.0,0.0,0.0,1.0,0.0,0.0,0.0,0.0,0.0,0.0,1.0,0.0,0.0,0.0,0.0,0.0,0.0,0.0,0.0,0.0,0.0,0.0,0.0,0.0,0.0,0.0,0.0,0.0,0.0,0.0,0.0,0.0,0.0,0.0,1.0,0.0,0.0,0.0,1.0,0.0,0.0,0.0,1.0,1.0,0.0,0.0,0.0,0.0,0.0,0.0,1.0
0.75,0.0,1.0,0.0,0.6299092980653234,0.6,0.0,0.75,1.0,0.6666666666666666,0.5,0.5,0.1111111111111111,1.0,0.0,1.0,0.23076923076923078,1.0,0.3333333333333333,0.3333333333333333,0.0,0.0,1.0,0.0,0.0,0.0,0.0,0.0,0.0,0.0,1.0,0.0,0.0,0.0,0.0,0.0,0.0,0.0,0.0,0.0,0.0,0.0,0.0,0.0,0.0,0.0,0.0,0.0,0.0,0.0,0.0,0.0,0.0,0.0,1.0,0.0,1.0,0.0,0.0,0.0,1.0,0.0,0.0,0.0,0.0,1.0,0.0,1.0,0.0,0.0
0.125,1.0,1.0,0.0,0.412582100889147,0.7,1.0,0.75,0.5,0.0,0.0,0.0,0.5555555555555556,0.0,0.0,1.0,0.38461538461538464,0.36363636363636365,0.8,0.8333333333333334,0.0,0.0,1.0,0.0,0.0,0.0,0.0,0.0,1.0,0.0,0.0,0.0,0.0,0.0,0.0,0.0,0.0,0.0,0.0,0.0,0.0,0.0,0.0,0.0,0.0,1.0,0.0,0.0,0.0,0.0,0.0,0.0,0.0,0.0,0.0,0.0,0.0,0.0,1.0,0.0,1.0,0.0,0.0,1.0,0.0,0.0,0.0,0.0,1.0,0.0
0.8125,0.0,0.0,0.0,0.48941066082838114,0.5,0.25,0.5,0.5,0.6666666666666666,0.5,1.0,0.6666666666666666,0.6666666666666666,1.0,1.0,0.3076923076923077,0.5454545454545454,0.8,0.5,0.0,0.0,1.0,0.0,0.0,0.0,0.0,0.0,0.0,1.0,0.0,0.0,0.0,0.0,0.0,0.0,0.0,0.0,0.0,0.0,0.0,0.0,0.0,0.0,0.0,0.0,0.0,0.0,0.0,0.0,0.0,1.0,0.0,0.0,0.0,0.0,1.0,0.0,0.0,1.0,0.0,0.0,0.0,0.0,0.0,1.0,0.0,0.0,1.0,0.0
0.34375,0.0,0.5,0.0,1.0,0.0,0.5,1.0,1.0,0.6666666666666666,1.0,0.5,0.8888888888888888,0.6666666666666666,1.0,1.0,0.0,0.36363636363636365,0.23333333333333334,0.3333333333333333,0.0,0.0,0.0,0.0,0.0,1.0,0.0,0.0,0.0,1.0,0.0,0.0,0.0,0.0,0.0,0.0,0.0,0.0,0.0,0.0,0.0,1.0,0.0,0.0,0.0,0.0,0.0,0.0,0.0,0.0,0.0,0.0,0.0,0.0,0.0,0.0,0.0,0.0,1.0,0.0,1.0,0.0,0.0,0.0,0.0,0.0,1.0,1.0,0.0,0.0
0.375,1.0,0.0,1.0,0.29540681828336535,0.5,0.0,1.0,1.0,0.0,0.0,1.0,0.6666666666666666,0.3333333333333333,1.0,1.0,0.8461538461538461,0.36363636363636365,0.9,0.16666666666666666,0.0,0.0,1.0,0.0,0.0,0.0,0.0,0.0,0.0,0.0,1.0,0.0,0.0,0.0,0.0,0.0,0.0,0.0,0.0,0.0,0.0,0.0,0.0,0.0,1.0,0.0,0.0,0.0,0.0,0.0,0.0,0.0,0.0,0.0,0.0,0.0,0.0,1.0,0.0,1.0,0.0,0.0,0.0,0.0,0.0,1.0,0.0,1.0,0.0,0.0
0.03125,0.0,1.0,1.0,0.1585943434162906,0.5,0.75,0.5,0.0,1.0,1.0,1.0,0.4444444444444444,0.0,1.0,1.0,0.5384615384615384,0.45454545454545453,0.7666666666666667,0.0,0.0,0.0,1.0,0.0,0.0,0.0,0.0,0.0,1.0,0.0,0.0,0.0,0.0,0.0,0.0,0.0,0.0,0.0,0.0,0.0,0.0,0.0,0.0,0.0,1.0,0.0,0.0,0.0,0.0,0.0,0.0,0.0,0.0,0.0,0.0,0.0,0.0,1.0,0.0,0.0,1.0,0.0,0.0,1.0,0.0,0.0,0.0,0.0,0.0,1.0
0.84375,1.0,1.0,0.0,0.9797596175327287,0.2,0.0,0.75,0.5,1.0,0.5,0.5,0.2222222222222222,0.0,0.0,0.0,0.15384615384615385,0.0,0.4,0.8333333333333334,0.0,0.0,1.0,0.0,0.0,0.0,0.0,0.0,0.0,0.0,0.0,1.0,0.0,0.0,0.0,0.0,0.0,0.0,0.0,0.0,0.0,0.0,0.0,0.0,0.0,0.0,0.0,0.0,0.0,0.0,0.0,0.0,1.0,0.0,0.0,0.0,0.0,1.0,0.0,0.0,0.0,1.0,0.0,0.0,1.0,0.0,0.0,0.0,0.0,1.0
0.625,0.0,0.5,0.0,0.5657030516956347,0.4,0.5,0.25,0.0,1.0,0.0,0.5,1.0,0.3333333333333333,1.0,0.0,0.07692307692307693,0.18181818181818182,0.4,0.3333333333333333,0.0,0.0,0.0,0.0,0.0,1.0,0.0,0.0,0.0,1.0,0.0,0.0,0.0,0.0,0.0,0.0,0.0,0.0,0.0,0.0,0.0,0.0,0.0,0.0,0.0,0.0,0.0,0.0,0.0,0.0,0.0,0.0,1.0,0.0,0.0,0.0,0.0,1.0,0.0,0.0,1.0,0.0,0.0,0.0,1.0,0.0,0.0,0.0,1.0,0.0
0.1875,0.0,0.5,0.0,0.5630445467137304,0.9,0.0,1.0,0.0,1.0,1.0,0.0,0.5555555555555556,1.0,1.0,1.0,0.3076923076923077,0.45454545454545453,0.9,0.6666666666666666,0.0,0.0,1.0,0.0,0.0,0.0,0.0,0.0,0.0,1.0,0.0,0.0,0.0,0.0,0.0,0.0,0.0,0.0,0.0,1.0,0.0,0.0,0.0,0.0,0.0,0.0,0.0,0.0,0.0,0.0,0.0,0.0,0.0,0.0,0.0,0.0,0.0,1.0,0.0,0.0,1.0,0.0,0.0,0.0,0.0,0.0,1.0,1.0,0.0,0.0
0.75,1.0,0.5,1.0,0.2379250256914347,0.9,0.5,0.5,0.0,0.6666666666666666,0.0,0.0,0.2222222222222222,1.0,1.0,0.0,0.3076923076923077,0.2727272727272727,0.9666666666666667,0.16666666666666666,0.0,0.0,0.0,0.0,1.0,0.0,0.0,0.0,0.0,0.0,1.0,0.0,0.0,0.0,0.0,1.0,0.0,0.0,0.0,0.0,0.0,0.0,0.0,0.0,0.0,0.0,0.0,0.0,0.0,0.0,0.0,0.0,0.0,0.0,0.0,0.0,0.0,0.0,1.0,0.0,0.0,1.0,0.0,0.0,1.0,0.0,0.0,1.0,0.0,0.0
0.875,1.0,0.0,1.0,0.2429292703632545,0.0,0.5,0.25,1.0,0.6666666666666666,1.0,0.0,0.4444444444444444,0.0,1.0,0.0,1.0,0.45454545454545453,0.43333333333333335,0.6666666666666666,0.0,0.0,1.0,0.0,0.0,0.0,0.0,0.0,0.0,0.0,0.0,1.0,0.0,0.0,0.0,0.0,0.0,0.0,0.0,0.0,0.0,0.0,0.0,0.0,0.0,0.0,0.0,0.0,0.0,0.0,0.0,0.0,0.0,1.0,0.0,0.0,0.0,0.0,1.0,0.0,1.0,0.0,0.0,0.0,1.0,0.0,0.0,0.0,0.0,1.0
0.8125,1.0,0.0,0.0,0.5858093918949109,0.0,0.25,0.25,0.5,1.0,1.0,0.0,0.6666666666666666,0.0,1.0,1.0,0.15384615384615385,0.6363636363636364,0.1,1.0,0.0,0.0,1.0,0.0,0.0,0.0,0.0,0.0,0.0,0.0,0.0,1.0,0.0,0.0,0.0,0.0,0.0,0.0,0.0,0.0,0.0,0.0,0.0,0.0,0.0,0.0,0.0,0.0,1.0,0.0,0.0,0.0,0.0,0.0,0.0,0.0,1.0,0.0,0.0,0.0,1.0,0.0,0.0,0.0,0.0,0.0,1.0,0.0,1.0,0.0
0.625,1.0,1.0,0.0,0.033443545864796045,0.2,0.75,0.75,0.0,0.6666666666666666,0.0,0.0,0.7777777777777778,0.6666666666666666,0.0,0.0,0.8461538461538461,0.36363636363636365,0.2,0.16666666666666666,0.0,0.0,0.0,0.0,0.0,1.0,0.0,0.0,0.0,1.0,0.0,0.0,0.0,0.0,0.0,0.0,0.0,0.0,0.0,0.0,0.0,0.0,0.0,0.0,0.0,0.0,1.0,0.0,0.0,0.0,0.0,0.0,0.0,0.0,0.0,0.0,1.0,0.0,0.0,0.0,1.0,0.0,0.0,0.0,0.0,1.0,0.0,0.0,0.0,1.0
0.8125,0.0,1.0,0.0,0.024909521469103253,0.3,0.75,1.0,1.0,0.0,0.0,1.0,0.7777777777777778,0.0,0.0,1.0,0.6153846153846154,0.9090909090909091,0.4666666666666667,0.6666666666666666,0.0,0.0,0.0,0.0,0.0,1.0,0.0,0.0,0.0,0.0,1.0,0.0,0.0,0.0,0.0,0.0,0.0,0.0,0.0,0.0,0.0,0.0,0.0,0.0,0.0,0.0,0.0,0.0,0.0,0.0,0.0,0.0,1.0,0.0,0.0,0.0,1.0,0.0,0.0,0.0,1.0,0.0,1.0,0.0,0.0,0.0,0.0,0.0,0.0,1.0
0.0,1.0,1.0,0.0,0.6547071176444306,0.4,1.0,0.75,1.0,0.0,0.0,1.0,0.3333333333333333,0.6666666666666666,1.0,0.0,0.15384615384615385,0.09090909090909091,0.5,0.6666666666666666,0.0,0.0,1.0,0.0,0.0,0.0,0.0,0.0,0.0,0.0,1.0,0.0,0.0,0.0,0.0,0.0,0.0,0.0,1.0,0.0,0.0,0.0,0.0,0.0,0.0,0.0,0.0,0.0,0.0,0.0,0.0,0.0,0.0,0.0,0.0,0.0,0.0,1.0,0.0,1.0,0.0,0.0,0.0,1.0,0.0,0.0,0.0,0.0,1.0,0.0
0.59375,0.0,1.0,1.0,0.12622313569545596,0.0,0.75,0.25,0.5,0.0,0.0,1.0,0.8888888888888888,0.6666666666666666,1.0,1.0,0.38461538461538464,0.6363636363636364,0.13333333333333333,0.0,0.0,0.0,0.0,0.0,0.0,1.0,0.0,0.0,1.0,0.0,0.0,0.0,0.0,0.0,0.0,0.0,0.0,0.0,0.0,0.0,0.0,0.0,0.0,0.0,0.0,1.0,0.0,0.0,0.0,0.0,0.0,0.0,0.0,0.0,0.0,0.0,0.0,0.0,1.0,1.0,0.0,0.0,0.0,0.0,0.0,1.0,0.0,0.0,0.0,1.0
0.40625,1.0,1.0,0.0,0.21953889459809656,1.0,1.0,0.0,1.0,0.0,1.0,0.0,0.7777777777777778,0.3333333333333333,1.0,1.0,0.9230769230769231,0.6363636363636364,0.3333333333333333,1.0,0.0,0.0,0.0,1.0,0.0,0.0,0.0,0.0,0.0,0.0,1.0,0.0,0.0,0.0,0.0,0.0,0.0,0.0,0.0,0.0,0.0,0.0,0.0,0.0,0.0,1.0,0.0,0.0,0.0,0.0,0.0,0.0,0.0,0.0,0.0,0.0,0.0,0.0,1.0,0.0,0.0,1.0,0.0,0.0,1.0,0.0,0.0,0.0,0.0,1.0
0.125,1.0,1.0,0.0,0.982306420624637,0.2,0.5,0.75,0.0,0.3333333333333333,0.5,0.0,0.1111111111111111,1.0,0.0,1.0,0.15384615384615385,1.0,0.4666666666666667,1.0,0.0,0.0,1.0,0.0,0.0,0.0,0.0,0.0,0.0,0.0,0.0,1.0,0.0,0.0,0.0,0.0,0.0,0.0,0.0,0.0,0.0,0.0,0.0,1.0,0.0,0.0,0.0,0.0,0.0,0.0,0.0,0.0,0.0,0.0,0.0,0.0,0.0,1.0,0.0,0.0,0.0,1.0,0.0,0.0,0.0,1.0,0.0,1.0,0.0,0.0
0.46875,1.0,0.0,0.0,0.9173629417809749,0.2,0.5,0.0,0.0,1.0,0.5,0.5,0.8888888888888888,0.3333333333333333,0.0,1.0,0.46153846153846156,0.18181818181818182,0.16666666666666666,0.3333333333333333,0.0,0.0,0.0,0.0,0.0,1.0,0.0,0.0,0.0,1.0,0.0,0.0,0.0,0.0,0.0,0.0,0.0,0.0,0.0,0.0,0.0,0.0,1.0,0.0,0.0,0.0,0.0,0.0,0.0,0.0,0.0,0.0,0.0,0.0,0.0,0.0,1.0,0.0,0.0,1.0,0.0,0.0,1.0,0.0,0.0,0.0,0.0,1.0,0.0,0.0
0.0625,1.0,1.0,1.0,0.6438050131808231,0.5,0.75,0.25,0.5,0.3333333333333333,0.5,1.0,0.5555555555555556,0.0,1.0,1.0,0.15384615384615385,0.36363636363636365,0.6666666666666666,0.16666666666666666,0.0,0.0,1.0,0.0,0.0,0.0,0.0,0.0,0.0,0.0,1.0,0.0,0.0,0.0,0.0,0.0,0.0,0.0,0.0,0.0,0.0,0.0,0.0,0.0,0.0,0.0,0.0,0.0,0.0,0.0,1.0,0.0,0.0,0.0,0.0,0.0,1.0,0.0,0.0,1.0,0.0,0.0,0.0,1.0,0.0,0.0,0.0,1.0,0.0,0.0
0.25,1.0,0.0,1.0,0.38407577856217323,0.1,0.0,0.0,0.0,0.6666666666666666,0.5,1.0,0.1111111111111111,0.0,0.0,1.0,0.38461538461538464,0.18181818181818182,0.7333333333333333,0.8333333333333334,0.0,0.0,0.0,0.0,0.0,1.0,0.0,0.0,0.0,1.0,0.0,0.0,0.0,0.0,0.0,0.0,0.0,0.0,0.0,0.0,0.0,1.0,0.0,0.0,0.0,0.0,0.0,0.0,0.0,0.0,0.0,0.0,0.0,0.0,0.0,0.0,0.0,1.0,0.0,0.0,0.0,1.0,1.0,0.0,0.0,0.0,0.0,1.0,0.0,0.0
0.25,1.0,0.0,1.0,0.04745096287029177,0.0,0.5,1.0,1.0,0.0,1.0,1.0,1.0,0.0,0.0,1.0,0.9230769230769231,0.7272727272727273,0.7,1.0,0.0,0.0,0.0,0.0,0.0,1.0,0.0,0.0,0.0,1.0,0.0,0.0,0.0,0.0,0.0,0.0,0.0,0.0,0.0,0.0,0.0,0.0,0.0,0.0,0.0,0.0,0.0,0.0,0.0,0.0,0.0,0.0,0.0,0.0,1.0,0.0,0.0,1.0,0.0,1.0,0.0,0.0,0.0,0.0,1.0,0.0,0.0,0.0,1.0,0.0
0.09375,1.0,0.0,0.0,0.4776596220008042,0.7,0.5,0.5,0.5,0.0,0.0,0.0,1.0,0.0,1.0,1.0,0.38461538461538464,0.2727272727272727,0.03333333333333333,0.16666666666666666,0.0,0.0,0.0,0.0,0.0,1.0,0.0,0.0,1.0,0.0,0.0,0.0,0.0,0.0,0.0,0.0,0.0,0.0,0.0,0.0,0.0,0.0,0.0,0.0,0.0,0.0,0.0,0.0,0.0,0.0,0.0,0.0,1.0,0.0,0.0,0.0,0.0,0.0,1.0,0.0,1.0,0.0,0.0,0.0,1.0,0.0,0.0,0.0,1.0,0.0
0.78125,1.0,0.0,1.0,0.813390822572718,0.7,0.25,0.5,1.0,0.3333333333333333,1.0,1.0,0.8888888888888888,0.0,0.0,1.0,0.46153846153846156,0.0,0.9666666666666667,0.16666666666666666,0.0,0.0,0.0,0.0,0.0,1.0,0.0,0.0,1.0,0.0,0.0,0.0,0.0,0.0,0.0,0.0,0.0,0.0,0.0,1.0,0.0,0.0,0.0,0.0,0.0,0.0,0.0,0.0,0.0,0.0,0.0,0.0,0.0,0.0,0.0,0.0,0.0,1.0,0.0,1.0,0.0,0.0,0.0,0.0,0.0,0.0,1.0,0.0,1.0,0.0
1.0,0.0,0.5,1.0,0.00017872302399356217,1.0,1.0,0.0,0.0,0.6666666666666666,0.5,0.0,0.1111111111111111,0.6666666666666666,1.0,0.0,0.15384615384615385,0.36363636363636365,0.9,0.16666666666666666,0.0,0.0,0.0,0.0,0.0,1.0,0.0,0.0,0.0,0.0,1.0,0.0,0.0,0.0,0.0,0.0,0.0,0.0,0.0,0.0,0.0,0.0,1.0,0.0,0.0,0.0,0.0,0.0,0.0,0.0,0.0,0.0,0.0,0.0,0.0,0.0,0.0,1.0,0.0,1.0,0.0,0.0,0.0,0.0,0.0,1.0,0.0,0.0,0.0,1.0
0.75,0.0,0.0,0.0,0.47716813368482197,0.8,1.0,0.75,0.5,0.3333333333333333,0.0,1.0,0.1111111111111111,1.0,1.0,1.0,0.3076923076923077,0.6363636363636364,0.6333333333333333,0.16666666666666666,0.0,0.0,1.0,0.0,0.0,0.0,0.0,0.0,0.0,1.0,0.0,0.0,0.0,0.0,0.0,0.0,0.0,0.0,0.0,0.0,0.0,0.0,0.0,0.0,0.0,0.0,1.0,0.0,0.0,0.0,0.0,0.0,0.0,0.0,0.0,0.0,1.0,0.0,0.0,0.0,1.0,0.0,0.0,0.0,0.0,0.0,1.0,0.0,1.0,0.0
0.34375,1.0,0.5,0.0,0.16029221214422948,1.0,0.25,0.5,0.0,1.0,0.0,0.0,0.2222222222222222,0.3333333333333333,0.0,1.0,0.38461538461538464,0.09090909090909091,0.4666666666666667,0.5,0.0,0.0,0.0,0.0,0.0,1.0,0.0,0.0,0.0,1.0,0.0,0.0,1.0,0.0,0.0,0.0,0.0,0.0,0.0,0.0,0.0,0.0,0.0,0.0,0.0,0.0,0.0,0.0,0.0,0.0,0.0,0.0,0.0,0.0,0.0,0.0,0.0,1.0,0.0,0.0,0.0,1.0,0.0,1.0,0.0,0.0,0.0,0.0,0.0,1.0
0.0625,0.0,0.0,0.0,0.4184352799249363,0.6,0.25,0.25,0.0,1.0,0.5,0.0,0.8888888888888888,0.3333333333333333,0.0,1.0,0.3076923076923077,0.5454545454545454,0.4,0.8333333333333334,0.0,0.0,0.0,0.0,0.0,1.0,0.0,0.0,0.0,0.0,0.0,1.0,0.0,0.0,0.0,0.0,0.0,0.0,0.0,0.0,0.0,0.0,0.0,0.0,0.0,0.0,0.0,0.0,0.0,0.0,0.0,0.0,1.0,0.0,0.0,0.0,1.0,0.0,0.0,1.0,0.0,0.0,1.0,0.0,0.0,0.0,0.0,0.0,0.0,1.0
0.6875,1.0,1.0,0.0,0.9821500379786425,0.2,1.0,0.25,1.0,0.0,0.0,1.0,0.6666666666666666,1.0,0.0,1.0,0.07692307692307693,0.2727272727272727,0.5333333333333333,0.3333333333333333,0.0,0.0,0.0,0.0,0.0,0.0,1.0,0.0,0.0,1.0,0.0,0.0,0.0,0.0,0.0,0.0,0.0,0.0,0.0,0.0,0.0,0.0,0.0,0.0,0.0,1.0,0.0,0.0,0.0,0.0,0.0,0.0,0.0,0.0,0.0,0.0,1.0,0.0,0.0,0.0,0.0,1.0,0.0,0.0,0.0,1.0,0.0,0.0,1.0,0.0
0.625,1.0,0.5,0.0,0.4362405611902953,0.2,1.0,0.0,0.5,1.0,0.0,0.0,0.0,0.6666666666666666,0.0,0.0,0.6923076923076923,0.9090909090909091,0.9333333333333333,0.6666666666666666,0.0,0.0,0.0,0.0,0.0,1.0,0.0,0.0,1.0,0.0,0.0,0.0,0.0,0.0,0.0,0.0,0.0,0.0,0.0,0.0,0.0,0.0,0.0,0.0,0.0,0.0,0.0,1.0,0.0,0.0,0.0,0.0,0.0,0.0,0.0,0.0,0.0,1.0,0.0,1.0,0.0,0.0,0.0,0.0,0.0,0.0,1.0,0.0,0.0,1.0
0.84375,0.0,0.0,1.0,0.7598409365086457,0.7,1.0,1.0,0.0,0.6666666666666666,0.5,0.0,0.4444444444444444,1.0,0.0,1.0,0.5384615384615384,0.8181818181818182,0.9,0.0,0.0,0.0,0.0,0.0,0.0,0.0,0.0,1.0,0.0,0.0,0.0,1.0,0.0,0.0,0.0,0.0,0.0,0.0,0.0,0.0,0.0,0.0,0.0,0.0,0.0,0.0,1.0,0.0,0.0,0.0,0.0,0.0,0.0,0.0,0.0,0.0,0.0,0.0,1.0,1.0,0.0,0.0,1.0,0.0,0.0,0.0,0.0,0.0,1.0,0.0
0.96875,1.0,0.0,0.0,0.2415665073053036,0.4,0.25,0.0,0.5,0.0,0.0,0.5,0.7777777777777778,0.3333333333333333,1.0,1.0,0.3076923076923077,0.5454545454545454,0.36666666666666664,0.6666666666666666,0.0,0.0,0.0,0.0,0.0,1.0,0.0,0.0,0.0,0.0,0.0,1.0,0.0,0.0,0.0,0.0,0.0,0.0,0.0,0.0,0.0,0.0,0.0,0.0,0.0,0.0,0.0,1.0,0.0,0.0,0.0,0.0,0.0,0.0,0.0,0.0,0.0,0.0,1.0,1.0,0.0,0.0,1.0,0.0,0.0,0.0,0.0,1.0,0.0,0.0
0.59375,0.0,0.0,0.0,0.8679907064027524,0.6,0.5,0.5,0.5,1.0,0.5,1.0,0.8888888888888888,0.6666666666666666,0.0,0.0,0.6923076923076923,0.5454545454545454,0.8333333333333334,0.6666666666666666,0.0,0.0,0.0,0.0,0.0,1.0,0.0,0.0,0.0,0.0,1.0,0.0,0.0,0.0,1.0,0.0,0.0,0.0,0.0,0.0,0.0,0.0,0.0,0.0,0.0,0.0,0.0,0.0,0.0,0.0,0.0,0.0,0.0,0.0,0.0,0.0,0.0,1.0,0.0,0.0,0.0,1.0,0.0,0.0,0.0,1.0,0.0,0.0,0.0,1.0
0.15625,0.0,1.0,1.0,0.09320405701264467,1.0,0.75,0.0,0.0,0.6666666666666666,0.5,1.0,0.8888888888888888,0.0,0.0,1.0,0.38461538461538464,1.0,0.13333333333333333,0.5,0.0,0.0,0.0,0.0,0.0,0.0,0.0,1.0,0.0,0.0,0.0,1.0,0.0,0.0,0.0,0.0,0.0,0.0,0.0,0.0,0.0,0.0,0.0,0.0,0.0,0.0,0.0,0.0,0.0,0.0,0.0,0.0,0.0,0.0,1.0,0.0,0.0,1.0,0.0,0.0,1.0,0.0,0.0,0.0,0.0,1.0,0.0,0.0,0.0,1.0
0.9375,1.0,1.0,0.0,0.6309816362092846,0.7,0.0,1.0,0.5,1.0,1.0,0.5,0.7777777777777778,1.0,0.0,0.0,1.0,0.6363636363636364,0.36666666666666664,0.0,0.0,0.0,1.0,0.0,0.0,0.0,0.0,0.0,0.0,1.0,0.0,0.0,0.0,0.0,0.0,0.0,0.0,1.0,0.0,0.0,0.0,0.0,0.0,0.0,0.0,0.0,0.0,0.0,0.0,0.0,0.0,0.0,0.0,0.0,0.0,0.0,0.0,1.0,0.0,0.0,1.0,0.0,0.0,0.0,0.0,1.0,0.0,0.0,0.0,1.0
0.03125,0.0,1.0,0.0,0.03018185067691345,0.7,0.0,0.0,1.0,1.0,0.5,0.5,0.8888888888888888,0.6666666666666666,1.0,0.0,0.6923076923076923,0.0,0.03333333333333333,0.16666666666666666,0.0,0.0,0.0,0.0,0.0,1.0,0.0,0.0,1.0,0.0,0.0,0.0,0.0,0.0,0.0,0.0,0.0,0.0,0.0,0.0,0.0,0.0,0.0,0.0,0.0,0.0,0.0,0.0,1.0,0.0,0.0,0.0,0.0,0.0,0.0,0.0,0.0,0.0,1.0,0.0,1.0,0.0,0.0,0.0,0.0,0.0,1.0,0.0,1.0,0.0
0.875,1.0,0.0,1.0,0.5357669451767123,0.1,0.5,0.25,0.5,0.3333333333333333,1.0,0.0,0.5555555555555556,1.0,1.0,0.0,0.6923076923076923,0.9090909090909091,0.1,0.0,0.0,0.0,1.0,0.0,0.0,0.0,0.0,0.0,0.0,0.0,1.0,0.0,0.0,0.0,0.0,0.0,0.0,0.0,0.0,0.0,0.0,0.0,0.0,0.0,0.0,1.0,0.0,0.0,0.0,0.0,0.0,0.0,0.0,0.0,0.0,0.0,0.0,0.0,1.0,1.0,0.0,0.0,0.0,0.0,1.0,0.0,0.0,0.0,1.0,0.0
0.65625,0.0,0.5,1.0,0.4492426611858273,0.4,1.0,0.0,1.0,1.0,1.0,0.5,0.7777777777777778,0.3333333333333333,1.0,1.0,0.7692307692307693,0.5454545454545454,0.13333333333333333,0.6666666666666666,0.0,0.0,0.0,0.0,0.0,1.0,0.0,0.0,1.0,0.0,0.0,0.0,0.0,0.0,1.0,0.0,0.0,0.0,0.0,0.0,0.0,0.0,0.0,0.0,0.0,0.0,0.0,0.0,0.0,0.0,0.0,0.0,0.0,0.0,0.0,0.0,0.0,1.0,0.0,0.0,1.0,0.0,0.0,0.0,1.0,0.0,0.0,0.0,1.0,0.0
0.28125,0.0,1.0,0.0,0.9602117867834323,0.1,1.0,0.75,1.0,0.3333333333333333,0.5,0.5,0.4444444444444444,0.0,0.0,0.0,0.9230769230769231,0.2727272727272727,0.9666666666666667,0.16666666666666666,0.0,0.0,0.0,0.0,0.0,0.0,0.0,1.0,1.0,0.0,0.0,0.0,0.0,0.0,0.0,0.0,0.0,0.0,0.0,0.0,0.0,0.0,0.0,0.0,0.0,0.0,0.0,0.0,0.0,0.0,0.0,0.0,0.0,1.0,0.0,0.0,0.0,0.0,1.0,0.0,1.0,0.0,1.0,0.0,0.0,0.0,0.0,0.0,1.0,0.0
0.3125,0.0,0.0,1.0,0.9181895357669452,0.8,0.5,0.0,0.0,0.3333333333333333,0.0,0.0,0.8888888888888888,1.0,0.0,0.0,0.7692307692307693,0.09090909090909091,0.5,0.6666666666666666,0.0,0.0,1.0,0.0,0.0,0.0,0.0,0.0,0.0,1.0,0.0,0.0,0.0,0.0,0.0,0.0,0.0,0.0,0.0,0.0,0.0,0.0,0.0,0.0,0.0,0.0,0.0,0.0,0.0,0.0,0.0,1.0,0.0,0.0,0.0,0.0,0.0,1.0,0.0,0.0,1.0,0.0,1.0,0.0,0.0,0.0,0.0,0.0,0.0,1.0
1.0,1.0,0.0,0.0,0.5308744023948885,1.0,1.0,0.25,1.0,0.0,1.0,0.0,0.7777777777777778,0.3333333333333333,0.0,0.0,0.38461538461538464,0.18181818181818182,0.6333333333333333,0.3333333333333333,0.0,0.0,1.0,0.0,0.0,0.0,0.0,0.0,0.0,1.0,0.0,0.0,0.0,0.0,0.0,0.0,0.0,0.0,0.0,0.0,0.0,0.0,0.0,0.0,0.0,0.0,0.0,0.0,0.0,0.0,0.0,0.0,1.0,0.0,0.0,0.0,0.0,1.0,0.0,0.0,0.0,1.0,1.0,0.0,0.0,0.0,0.0,1.0,0.0,0.0
0.03125,1.0,0.5,1.0,0.3202939993744694,0.1,1.0,1.0,0.5,0.3333333333333333,0.0,0.0,0.1111111111111111,0.0,1.0,1.0,0.9230769230769231,0.8181818181818182,0.8666666666666667,1.0,0.0,0.0,1.0,0.0,0.0,0.0,0.0,0.0,1.0,0.0,0.0,0.0,0.0,0.0,0.0,0.0,0.0,0.0,0.0,0.0,0.0,1.0,0.0,0.0,0.0,0.0,0.0,0.0,0.0,0.0,0.0,0.0,0.0,0.0,0.0,0.0,1.0,0.0,0.0,0.0,1.0,0.0,0.0,0.0,0.0,0.0,1.0,0.0,0.0,1.0
0.28125,0.0,0.0,1.0,0.3300567445601179,0.9,0.5,1.0,0.5,1.0,0.0,1.0,0.7777777777777778,1.0,1.0,0.0,0.3076923076923077,0.36363636363636365,0.1,0.8333333333333334,1.0,0.0,0.0,0.0,0.0,0.0,0.0,0.0,0.0,0.0,0.0,1.0,0.0,0.0,0.0,0.0,0.0,0.0,0.0,0.0,0.0,0.0,0.0,0.0,0.0,0.0,0.0,0.0,0.0,0.0,0.0,0.0,0.0,0.0,0.0,1.0,0.0,0.0,1.0,0.0,0.0,1.0,0.0,0.0,0.0,0.0,1.0,0.0,1.0,0.0
0.15625,1.0,1.0,0.0,0.37026942495867027,0.3,1.0,0.25,0.0,0.6666666666666666,1.0,1.0,0.6666666666666666,0.3333333333333333,0.0,0.0,0.15384615384615385,0.8181818181818182,1.0,0.5,0.0,0.0,0.0,0.0,0.0,1.0,0.0,0.0,0.0,1.0,0.0,0.0,0.0,0.0,1.0,0.0,0.0,0.0,0.0,0.0,0.0,0.0,0.0,0.0,0.0,0.0,0.0,0.0,0.0,0.0,0.0,0.0,0.0,0.0,0.0,0.0,0.0,1.0,0.0,0.0,0.0,1.0,0.0,1.0,0.0,0.0,0.0,0.0,1.0,0.0
0.03125,1.0,0.5,1.0,0.6881059827532283,0.3,0.5,1.0,0.5,0.3333333333333333,1.0,0.0,0.7777777777777778,0.3333333333333333,1.0,1.0,0.8461538461538461,0.09090909090909091,0.16666666666666666,0.16666666666666666,0.0,0.0,1.0,0.0,0.0,0.0,0.0,0.0,0.0,0.0,0.0,1.0,0.0,0.0,1.0,0.0,0.0,0.0,0.0,0.0,0.0,0.0,0.0,0.0,0.0,0.0,0.0,0.0,0.0,0.0,0.0,0.0,0.0,0.0,0.0,0.0,1.0,0.0,0.0,0.0,0.0,1.0,0.0,1.0,0.0,0.0,0.0,0.0,0.0,1.0
0.125,0.0,0.5,1.0,0.7078548769045173,0.7,0.75,1.0,0.5,0.0,0.0,0.0,0.7777777777777778,0.3333333333333333,0.0,0.0,1.0,0.5454545454545454,0.5666666666666667,0.5,0.0,0.0,1.0,0.0,0.0,0.0,0.0,0.0,0.0,0.0,0.0,1.0,0.0,0.0,0.0,0.0,0.0,0.0,0.0,0.0,0.0,0.0,0.0,0.0,0.0,0.0,0.0,0.0,1.0,0.0,0.0,0.0,0.0,0.0,0.0,0.0,0.0,0.0,1.0,0.0,1.0,0.0,0.0,0.0,0.0,1.0,0.0,0.0,0.0,1.0
0.6875,0.0,0.0,1.0,0.08504981904293821,0.8,1.0,0.5,0.0,1.0,1.0,0.5,0.6666666666666666,0.6666666666666666,0.0,0.0,0.9230769230769231,0.0,0.16666666666666666,0.8333333333333334,0.0,0.0,0.0,0.0,0.0,1.0,0.0,0.0,1.0,0.0,0.0,0.0,0.0,0.0,0.0,0.0,0.0,1.0,0.0,0.0,0.0,0.0,0.0,0.0,0.0,0.0,0.0,0.0,0.0,0.0,0.0,0.0,0.0,0.0,0.0,0.0,0.0,0.0,1.0,1.0,0.0,0.0,0.0,0.0,0.0,0.0,1.0,0.0,0.0,1.0
0.9375,0.0,0.5,0.0,0.9274384522586123,0.8,1.0,0.5,1.0,0.0,0.5,1.0,1.0,0.6666666666666666,1.0,0.0,0.46153846153846156,0.2727272727272727,0.1,0.5,0.0,0.0,0.0,0.0,0.0,1.0,0.0,0.0,0.0,1.0,0.0,0.0,0.0,0.0,0.0,0.0,0.0,0.0,0.0,1.0,0.0,0.0,0.0,0.0,0.0,0.0,0.0,0.0,0.0,0.0,0.0,0.0,0.0,0.0,0.0,0.0,0.0,0.0,1.0,1.0,0.0,0.0,0.0,0.0,0.0,0.0,1.0,0.0,0.0,1.0
0.96875,0.0,0.0,1.0,0.4733926098029579,0.1,0.25,1.0,0.5,0.6666666666666666,0.5,0.0,1.0,0.6666666666666666,0.0,1.0,0.38461538461538464,0.09090909090909091,0.9,0.3333333333333333,0.0,0.0,0.0,0.0,0.0,1.0,0.0,0.0,0.0,1.0,0.0,0.0,0.0,0.0,0.0,0.0,0.0,1.0,0.0,0.0,0.0,0.0,0.0,0.0,0.0,0.0,0.0,0.0,0.0,0.0,0.0,0.0,0.0,0.0,0.0,0.0,1.0,0.0,0.0,0.0,1.0,0.0,0.0,0.0,0.0,1.0,0.0,0.0,0.0,1.0
0.84375,0.0,1.0,0.0,0.09054555203074034,0.6,0.75,0.5,0.0,1.0,0.5,0.0,0.3333333333333333,0.3333333333333333,1.0,0.0,0.23076923076923078,0.8181818181818182,0.9,0.0,1.0,0.0,0.0,0.0,0.0,0.0,0.0,0.0,0.0,0.0,0.0,1.0,0.0,0.0,0.0,0.0,0.0,0.0,0.0,0.0,0.0,0.0,0.0,0.0,0.0,1.0,0.0,0.0,0.0,0.0,0.0,0.0,0.0,0.0,0.0,0.0,1.0,0.0,0.0,0.0,0.0,1.0,1.0,0.0,0.0,0.0,0.0,0.0,0.0,1.0
0.75,1.0,0.0,1.0,0.8377194942138422,0.3,0.25,1.0,0.0,1.0,1.0,0.0,0.3333333333333333,0.6666666666666666,0.0,1.0,0.23076923076923078,0.45454545454545453,0.6666666666666666,0.6666666666666666,0.0,0.0,1.0,0.0,0.0,0.0,0.0,0.0,0.0,1.0,0.0,0.0,0.0,0.0,0.0,0.0,0.0,0.0,0.0,0.0,0.0,0.0,0.0,0.0,0.0,0.0,0.0,0.0,1.0,0.0,0.0,0.0,0.0,0.0,0.0,0.0,1.0,0.0,0.0,0.0,0.0,1.0,0.0,1.0,0.0,0.0,0.0,0.0,1.0,0.0
0.71875,1.0,0.5,1.0,0.8833385460881998,0.7,0.5,0.0,0.5,0.6666666666666666,1.0,0.0,1.0,0.6666666666666666,1.0,1.0,0.7692307692307693,0.45454545454545453,0.16666666666666666,0.5,0.0,0.0,1.0,0.0,0.0,0.0,0.0,0.0,0.0,1.0,0.0,0.0,0.0,0.0,0.0,0.0,0.0,0.0,0.0,0.0,0.0,0.0,0.0,0.0,0.0,0.0,0.0,0.0,0.0,0.0,0.0,1.0,0.0,0.0,0.0,0.0,0.0,1.0,0.0,1.0,0.0,0.0,0.0,0.0,0.0,0.0,1.0,1.0,0.0,0.0
0.15625,1.0,0.0,1.0,0.9816362092846611,0.6,0.5,0.75,1.0,0.3333333333333333,0.0,0.5,0.0,0.3333333333333333,0.0,0.0,1.0,1.0,0.7666666666666667,0.16666666666666666,0.0,1.0,0.0,0.0,0.0,0.0,0.0,0.0,0.0,0.0,1.0,0.0,0.0,0.0,0.0,0.0,0.0,0.0,0.0,0.0,0.0,0.0,0.0,0.0,0.0,0.0,0.0,0.0,0.0,0.0,0.0,0.0,1.0,0.0,0.0,0.0,0.0,0.0,1.0,0.0,1.0,0.0,0.0,0.0,0.0,1.0,0.0,0.0,0.0,1.0
0.8125,1.0,0.0,0.0,0.7883025780796211,0.4,0.25,0.25,1.0,1.0,0.0,1.0,0.1111111111111111,0.0,0.0,0.0,0.0,0.9090909090909091,0.43333333333333335,0.5,0.0,0.0,1.0,0.0,0.0,0.0,0.0,0.0,1.0,0.0,0.0,0.0,0.0,0.0,0.0,0.0,0.0,0.0,0.0,0.0,0.0,0.0,0.0,0.0,0.0,0.0,0.0,0.0,0.0,0.0,0.0,0.0,0.0,1.0,0.0,0.0,0.0,0.0,1.0,0.0,1.0,0.0,0.0,0.0,0.0,1.0,0.0,1.0,0.0,0.0
0.75,1.0,0.5,0.0,0.8744917564005182,0.8,0.25,0.5,0.5,1.0,0.0,1.0,0.0,0.0,0.0,1.0,0.6153846153846154,1.0,0.5666666666666667,0.3333333333333333,0.0,0.0,1.0,0.0,0.0,0.0,0.0,0.0,0.0,1.0,0.0,0.0,0.0,0.0,0.0,0.0,0.0,0.0,0.0,0.0,0.0,0.0,0.0,0.0,0.0,0.0,0.0,0.0,0.0,0.0,0.0,1.0,0.0,0.0,0.0,0.0,0.0,1.0,0.0,0.0,1.0,0.0,0.0,1.0,0.0,0.0,0.0,0.0,1.0,0.0
0.96875,0.0,0.5,1.0,0.06255305839774808,0.3,0.75,0.5,0.5,0.0,0.5,0.5,1.0,0.3333333333333333,1.0,1.0,0.23076923076923078,0.2727272727272727,0.3,0.3333333333333333,0.0,0.0,1.0,0.0,0.0,0.0,0.0,0.0,0.0,0.0,0.0,1.0,0.0,0.0,0.0,0.0,0.0,0.0,0.0,0.0,0.0,0.0,0.0,0.0,0.0,0.0,0.0,0.0,0.0,0.0,0.0,0.0,0.0,1.0,0.0,0.0,0.0,0.0,1.0,0.0,1.0,0.0,0.0,0.0,0.0,0.0,1.0,0.0,1.0,0.0
0.84375,0.0,0.0,1.0,0.9847638622045485,0.0,0.25,1.0,0.0,0.6666666666666666,1.0,0.5,0.0,1.0,1.0,0.0,0.46153846153846156,1.0,0.16666666666666666,0.6666666666666666,0.0,0.0,1.0,0.0,0.0,0.0,0.0,0.0,0.0,0.0,0.0,1.0,0.0,0.0,0.0,0.0,0.0,0.0,0.0,0.0,1.0,0.0,0.0,0.0,0.0,0.0,0.0,0.0,0.0,0.0,0.0,0.0,0.0,0.0,0.0,0.0,0.0,1.0,0.0,0.0,1.0,0.0,0.0,0.0,0.0,0.0,1.0,0.0,1.0,0.0
0.5625,0.0,0.5,0.0,0.9085384924712926,1.0,0.0,0.0,0.5,1.0,0.0,0.5,0.4444444444444444,1.0,1.0,0.0,0.6153846153846154,0.8181818181818182,0.9333333333333333,0.16666666666666666,0.0,0.0,1.0,0.0,0.0,0.0,0.0,0.0,0.0,0.0,1.0,0.0,0.0,0.0,0.0,0.0,0.0,0.0,0.0,0.0,1.0,0.0,0.0,0.0,0.0,0.0,0.0,0.0,0.0,0.0,0.0,0.0,0.0,0.0,0.0,0.0,1.0,0.0,0.0,1.0,0.0,0.0,0.0,1.0,0.0,0.0,0.0,0.0,0.0,1.0
0.625,1.0,0.0,1.0,0.2857334346097136,1.0,1.0,0.0,1.0,1.0,0.0,0.0,0.2222222222222222,0.0,1.0,0.0,0.5384615384615384,0.5454545454545454,0.3,0.3333333333333333,0.0,0.0,1.0,0.0,0.0,0.0,0.0,0.0,1.0,0.0,0.0,0.0,0.0,0.0,0.0,0.0,0.0,0.0,0.0,1.0,0.0,0.0,0.0,0.0,0.0,0.0,0.0,0.0,0.0,0.0,0.0,0.0,0.0,0.0,0.0,0.0,0.0,0.0,1.0,0.0,1.0,0.0,0.0,1.0,0.0,0.0,0.0,0.0,1.0,0.0
0.8125,0.0,0.0,0.0,0.9869979000044681,0.5,0.0,0.75,0.5,0.3333333333333333,0.0,0.0,0.1111111111111111,0.6666666666666666,1.0,1.0,0.23076923076923078,0.0,0.9666666666666667,0.16666666666666666,0.0,0.0,0.0,0.0,0.0,1.0,0.0,0.0,0.0,0.0,1.0,0.0,0.0,0.0,0.0,0.0,0.0,0.0,0.0,0.0,0.0,0.0,0.0,1.0,0.0,0.0,0.0,0.0,0.0,0.0,0.0,0.0,0.0,0.0,0.0,0.0,0.0,0.0,1.0,1.0,0.0,0.0,0.0,0.0,0.0,0.0,1.0,0.0,0.0,1.0
0.59375,1.0,0.5,1.0,0.8057950940529913,0.1,0.0,0.5,0.0,1.0,0.5,1.0,0.8888888888888888,0.0,1.0,0.0,0.38461538461538464,0.6363636363636364,0.36666666666666664,0.0,1.0,0.0,0.0,0.0,0.0,0.0,0.0,0.0,0.0,1.0,0.0,0.0,0.0,0.0,0.0,0.0,0.0,0.0,0.0,0.0,0.0,0.0,0.0,0.0,0.0,1.0,0.0,0.0,0.0,0.0,0.0,0.0,0.0,0.0,0.0,0.0,1.0,0.0,0.0,0.0,1.0,0.0,0.0,0.0,0.0,0.0,1.0,0.0,0.0,1.0
0.5625,0.0,1.0,1.0,0.10234127161431571,0.9,1.0,0.5,1.0,0.3333333333333333,0.0,0.5,0.2222222222222222,0.0,0.0,0.0,0.7692307692307693,0.18181818181818182,0.5333333333333333,1.0,0.0,0.0,0.0,0.0,0.0,1.0,0.0,0.0,1.0,0.0,0.0,0.0,0.0,0.0,0.0,0.0,0.0,1.0,0.0,0.0,0.0,0.0,0.0,0.0,0.0,0.0,0.0,0.0,0.0,0.0,0.0,0.0,0.0,0.0,0.0,0.0,1.0,0.0,0.0,0.0,0.0,1.0,1.0,0.0,0.0,0.0,0.0,0.0,0.0,1.0
0.5,1.0,0.0,0.0,0.03292971717081453,0.4,0.25,0.75,0.5,1.0,1.0,0.0,0.1111111111111111,0.6666666666666666,1.0,1.0,0.15384615384615385,0.7272727272727273,0.6666666666666666,0.8333333333333334,0.0,0.0,0.0,0.0,0.0,1.0,0.0,0.0,0.0,1.0,0.0,0.0,0.0,0.0,0.0,0.0,0.0,0.0,0.0,0.0,0.0,0.0,0.0,0.0,0.0,0.0,0.0,0.0,0.0,1.0,0.0,0.0,0.0,0.0,0.0,0.0,1.0,0.0,0.0,0.0,1.0,0.0,0.0,1.0,0.0,0.0,0.0,0.0,1.0,0.0
0.15625,0.0,0.0,0.0,0.45831285465350075,0.1,0.75,1.0,1.0,1.0,1.0,0.0,0.0,0.3333333333333333,1.0,0.0,0.23076923076923078,0.18181818181818182,0.8,0.0,0.0,0.0,0.0,0.0,0.0,1.0,0.0,0.0,0.0,0.0,1.0,0.0,0.0,0.0,0.0,0.0,0.0,0.0,0.0,0.0,0.0,0.0,0.0,1.0,0.0,0.0,0.0,0.0,0.0,0.0,0.0,0.0,0.0,0.0,0.0,0.0,0.0,0.0,1.0,0.0,0.0,1.0,0.0,0.0,0.0,0.0,1.0,0.0,1.0,0.0
0.53125,1.0,0.5,1.0,0.053572226442071394,0.8,1.0,0.5,0.5,0.3333333333333333,0.5,0.0,0.5555555555555556,0.6666666666666666,0.0,1.0,0.15384615384615385,0.9090909090909091,0.36666666666666664,0.16666666666666666,0.0,0.0,0.0,0.0,0.0,1.0,0.0,0.0,1.0,0.0,0.0,0.0,0.0,0.0,0.0,0.0,0.0,0.0,0.0,0.0,1.0,0.0,0.0,0.0,0.0,0.0,0.0,0.0,0.0,0.0,0.0,0.0,0.0,0.0,0.0,0.0,1.0,0.0,0.0,1.0,0.0,0.0,0.0,0.0,0.0,0.0,1.0,0.0,1.0,0.0
0.84375,0.0,1.0,0.0,0.8490237254814352,0.6,0.5,0.75,1.0,0.3333333333333333,1.0,0.5,0.4444444444444444,0.0,0.0,0.0,0.38461538461538464,0.2727272727272727,0.16666666666666666,0.8333333333333334,0.0,0.0,0.0,0.0,0.0,1.0,0.0,0.0,0.0,0.0,0.0,1.0,0.0,0.0,0.0,0.0,0.0,0.0,0.0,0.0,0.0,0.0,0.0,0.0,0.0,1.0,0.0,0.0,0.0,0.0,0.0,0.0,0.0,0.0,0.0,0.0,0.0,1.0,0.0,0.0,0.0,1.0,1.0,0.0,0.0,0.0,0.0,0.0,1.0,0.0
0.625,1.0,1.0,1.0,0.7136857155623074,0.0,1.0,0.75,1.0,0.6666666666666666,0.0,0.5,0.8888888888888888,0.3333333333333333,0.0,1.0,0.0,0.9090909090909091,0.7333333333333333,0.8333333333333334,0.0,0.0,0.0,0.0,0.0,1.0,0.0,0.0,0.0,0.0,0.0,1.0,0.0,0.0,0.0,0.0,0.0,0.0,0.0,0.0,0.0,0.0,0.0,0.0,0.0,0.0,0.0,0.0,0.0,0.0,0.0,0.0,1.0,0.0,0.0,0.0,0.0,1.0,0.0,0.0,0.0,1.0,1.0,0.0,0.0,0.0,0.0,1.0,0.0,0.0
0.21875,0.0,1.0,1.0,0.7451633081631741,0.4,0.75,0.25,0.5,1.0,0.0,0.0,0.8888888888888888,0.6666666666666666,0.0,1.0,0.7692307692307693,0.5454545454545454,0.3333333333333333,0.5,0.0,0.0,0.0,0.0,0.0,1.0,0.0,0.0,1.0,0.0,0.0,0.0,0.0,0.0,0.0,0.0,0.0,0.0,1.0,0.0,0.0,0.0,0.0,0.0,0.0,0.0,0.0,0.0,0.0,0.0,0.0,0.0,0.0,0.0,0.0,0.0,0.0,1.0,0.0,0.0,1.0,0.0,0.0,0.0,0.0,0.0,1.0,0.0,1.0,0.0
0.25,0.0,1.0,0.0,0.17269112193378308,0.0,0.75,0.25,0.5,0.6666666666666666,0.5,0.0,0.0,1.0,1.0,0.0,0.6923076923076923,0.2727272727272727,0.5333333333333333,0.3333333333333333,0.0,0.0,0.0,0.0,0.0,1.0,0.0,0.0,0.0,1.0,0.0,0.0,0.0,0.0,0.0,0.0,0.0,0.0,0.0,0.0,0.0,0.0,0.0,0.0,0.0,1.0,0.0,0.0,0.0,0.0,0.0,0.0,0.0,0.0,0.0,0.0,0.0,1.0,0.0,0.0,1.0,0.0,0.0,0.0,1.0,0.0,0.0,0.0,1.0,0.0
0.875,1.0,0.0,1.0,0.5600509360618381,0.2,1.0,0.5,0.0,0.6666666666666666,0.5,0.0,0.4444444444444444,0.0,0.0,1.0,0.3076923076923077,0.7272727272727273,0.43333333333333335,0.8333333333333334,0.0,0.0,1.0,0.0,0.0,0.0,0.0,0.0,0.0,1.0,0.0,0.0,0.0,0.0,0.0,0.0,0.0,0.0,0.0,0.0,0.0,0.0,0.0,0.0,0.0,0.0,0.0,0.0,1.0,0.0,0.0,0.0,0.0,0.0,0.0,0.0,0.0,0.0,1.0,1.0,0.0,0.0,0.0,0.0,1.0,0.0,0.0,0.0,0.0,1.0
0.0,1.0,0.0,1.0,0.7741834591841295,0.4,1.0,0.25,0.5,0.3333333333333333,0.0,0.5,1.0,0.0,0.0,1.0,0.07692307692307693,0.6363636363636364,0.23333333333333334,0.5,0.0,0.0,1.0,0.0,0.0,0.0,0.0,0.0,0.0,0.0,1.0,0.0,0.0,0.0,0.0,0.0,0.0,0.0,0.0,0.0,0.0,0.0,0.0,0.0,1.0,0.0,0.0,0.0,0.0,0.0,0.0,0.0,0.0,0.0,0.0,0.0,0.0,1.0,0.0,1.0,0.0,0.0,1.0,0.0,0.0,0.0,0.0,0.0,1.0,0.0
0.875,0.0,0.0,0.0,0.10158169876234308,0.1,0.5,0.75,0.0,0.0,0.5,0.5,0.8888888888888888,0.6666666666666666,0.0,0.0,0.6923076923076923,0.36363636363636365,0.13333333333333333,1.0,0.0,0.0,0.0,0.0,0.0,1.0,0.0,0.0,1.0,0.0,0.0,0.0,0.0,0.0,0.0,0.0,0.0,0.0,0.0,0.0,0.0,1.0,0.0,0.0,0.0,0.0,0.0,0.0,0.0,0.0,0.0,0.0,0.0,0.0,0.0,0.0,0.0,1.0,0.0,0.0,1.0,0.0,1.0,0.0,0.0,0.0,0.0,1.0,0.0,0.0
0.03125,1.0,0.5,1.0,0.7589696617666771,0.2,1.0,0.0,0.0,0.6666666666666666,1.0,0.0,0.3333333333333333,1.0,1.0,0.0,0.23076923076923078,0.09090909090909091,0.4666666666666667,0.5,0.0,0.0,1.0,0.0,0.0,0.0,0.0,0.0,1.0,0.0,0.0,0.0,0.0,0.0,1.0,0.0,0.0,0.0,0.0,0.0,0.0,0.0,0.0,0.0,0.0,0.0,0.0,0.0,0.0,0.0,0.0,0.0,0.0,0.0,0.0,0.0,0.0,1.0,0.0,1.0,0.0,0.0,0.0,0.0,0.0,1.0,0.0,0.0,0.0,1.0
0.59375,0.0,0.5,0.0,0.024105267861132207,0.9,0.75,0.25,0.0,0.6666666666666666,1.0,0.0,0.0,1.0,1.0,1.0,0.5384615384615384,0.0,0.8333333333333334,0.6666666666666666,0.0,0.0,1.0,0.0,0.0,0.0,0.0,0.0,0.0,0.0,1.0,0.0,0.0,0.0,0.0,0.0,0.0,0.0,0.0,0.0,0.0,0.0,0.0,1.0,0.0,0.0,0.0,0.0,0.0,0.0,0.0,0.0,0.0,0.0,0.0,0.0,0.0,1.0,0.0,0.0,1.0,0.0,0.0,0.0,0.0,1.0,0.0,1.0,0.0,0.0
0.53125,0.0,0.0,1.0,0.41045976497922343,0.4,0.5,1.0,1.0,0.6666666666666666,1.0,0.0,0.0,1.0,0.0,1.0,0.3076923076923077,0.36363636363636365,0.7333333333333333,0.5,0.0,0.0,1.0,0.0,0.0,0.0,0.0,0.0,1.0,0.0,0.0,0.0,0.0,0.0,0.0,0.0,0.0,0.0,0.0,0.0,0.0,0.0,0.0,0.0,0.0,0.0,0.0,0.0,0.0,0.0,1.0,0.0,0.0,0.0,0.0,0.0,1.0,0.0,0.0,1.0,0.0,0.0,0.0,0.0,0.0,1.0,0.0,1.0,0.0,0.0
0.78125,0.0,1.0,0.0,0.5990125552924356,0.4,0.0,0.0,1.0,0.3333333333333333,1.0,0.0,0.3333333333333333,1.0,0.0,1.0,0.6923076923076923,0.2727272727272727,0.6333333333333333,0.8333333333333334,0.0,0.0,0.0,0.0,0.0,1.0,0.0,0.0,0.0,0.0,1.0,0.0,0.0,0.0,0.0,0.0,0.0,0.0,0.0,0.0,0.0,0.0,0.0,0.0,0.0,0.0,0.0,0.0,0.0,0.0,0.0,0.0,0.0,0.0,1.0,0.0,0.0,0.0,1.0,0.0,0.0,1.0,0.0,0.0,0.0,1.0,0.0,0.0,0.0,1.0
0.3125,0.0,1.0,1.0,0.6179571958357536,0.4,0.75,1.0,0.0,0.0,0.5,0.0,0.3333333333333333,1.0,1.0,1.0,0.9230769230769231,0.45454545454545453,0.26666666666666666,1.0,0.0,0.0,0.0,0.0,0.0,1.0,0.0,0.0,0.0,0.0,1.0,0.0,0.0,0.0,0.0,0.0,0.0,0.0,0.0,0.0,0.0,0.0,0.0,0.0,0.0,0.0,0.0,0.0,0.0,0.0,0.0,0.0,0.0,0.0,1.0,0.0,0.0,1.0,0.0,0.0,0.0,1.0,0.0,0.0,0.0,1.0,0.0,1.0,0.0,0.0
0.21875,0.0,1.0,1.0,0.9493096823198248,0.1,0.5,0.75,0.5,0.3333333333333333,1.0,0.5,0.1111111111111111,0.6666666666666666,1.0,1.0,0.6153846153846154,0.09090909090909091,0.4666666666666667,0.5,0.0,0.0,0.0,0.0,0.0,1.0,0.0,0.0,1.0,0.0,0.0,0.0,0.0,0.0,0.0,0.0,1.0,0.0,0.0,0.0,0.0,0.0,0.0,0.0,0.0,0.0,0.0,0.0,0.0,0.0,0.0,0.0,0.0,0.0,0.0,0.0,0.0,0.0,1.0,0.0,1.0,0.0,0.0,0.0,0.0,0.0,1.0,0.0,0.0,1.0
0.90625,1.0,1.0,0.0,0.039944595862562,0.7,0.5,0.75,0.0,0.6666666666666666,0.5,1.0,0.4444444444444444,0.0,0.0,1.0,0.3076923076923077,0.2727272727272727,0.5666666666666667,0.5,0.0,0.0,0.0,0.0,0.0,1.0,0.0,0.0,0.0,0.0,0.0,1.0,0.0,0.0,0.0,0.0,0.0,0.0,0.0,0.0,0.0,0.0,0.0,0.0,0.0,0.0,1.0,0.0,0.0,0.0,0.0,0.0,0.0,0.0,0.0,0.0,0.0,1.0,0.0,0.0,1.0,0.0,0.0,0.0,0.0,0.0,1.0,0.0,0.0,1.0
0.84375,0.0,0.5,0.0,0.18392833206737855,1.0,0.0,0.5,1.0,1.0,0.0,1.0,0.5555555555555556,0.0,1.0,1.0,0.7692307692307693,0.5454545454545454,0.2,1.0,0.0,0.0,0.0,0.0,0.0,0.0,0.0,1.0,1.0,0.0,0.0,0.0,0.0,0.0,0.0,0.0,0.0,0.0,0.0,0.0,0.0,0.0,0.0,1.0,0.0,0.0,0.0,0.0,0.0,0.0,0.0,0.0,0.0,0.0,0.0,0.0,0.0,0.0,1.0,1.0,0.0,0.0,1.0,0.0,0.0,0.0,0.0,0.0,0.0,1.0
0.1875,1.0,0.0,0.0,0.3259907957642643,0.7,0.75,0.25,1.0,0.6666666666666666,0.5,0.5,0.5555555555555556,0.3333333333333333,1.0,0.0,0.46153846153846156,1.0,0.4666666666666667,1.0,0.0,0.0,0.0,0.0,0.0,0.0,1.0,0.0,0.0,1.0,0.0,0.0,0.0,0.0,0.0,0.0,0.0,0.0,0.0,0.0,0.0,0.0,0.0,0.0,0.0,0.0,0.0,0.0,1.0,0.0,0.0,0.0,0.0,0.0,0.0,0.0,0.0,0.0,1.0,0.0,0.0,1.0,0.0,0.0,0.0,1.0,0.0,0.0,1.0,0.0
0.375,0.0,0.5,1.0,0.9455564988159599,1.0,0.25,0.0,0.5,0.6666666666666666,0.5,1.0,0.8888888888888888,0.0,1.0,0.0,1.0,0.5454545454545454,0.9,1.0,0.0,0.0,0.0,0.0,0.0,1.0,0.0,0.0,1.0,0.0,0.0,0.0,0.0,0.0,0.0,0.0,0.0,0.0,0.0,0.0,0.0,0.0,0.0,0.0,0.0,1.0,0.0,0.0,0.0,0.0,0.0,0.0,0.0,0.0,0.0,0.0,1.0,0.0,0.0,0.0,0.0,1.0,0.0,0.0,0.0,0.0,1.0,1.0,0.0,0.0
0.1875,1.0,0.0,0.0,0.9423394843840758,0.6,0.25,0.75,0.0,0.3333333333333333,0.5,1.0,0.7777777777777778,0.6666666666666666,0.0,1.0,1.0,0.0,0.7666666666666667,0.3333333333333333,0.0,0.0,1.0,0.0,0.0,0.0,0.0,0.0,0.0,1.0,0.0,0.0,0.0,0.0,0.0,0.0,0.0,0.0,0.0,0.0,0.0,0.0,0.0,0.0,0.0,0.0,0.0,0.0,1.0,0.0,0.0,0.0,0.0,0.0,0.0,0.0,0.0,0.0,1.0,0.0,0.0,1.0,1.0,0.0,0.0,0.0,0.0,0.0,1.0,0.0
0.28125,0.0,0.5,0.0,0.6369018363790716,0.7,0.5,1.0,0.5,0.0,0.5,1.0,0.6666666666666666,0.3333333333333333,1.0,0.0,0.3076923076923077,0.09090909090909091,0.3,0.8333333333333334,0.0,0.0,1.0,0.0,0.0,0.0,0.0,0.0,0.0,1.0,0.0,0.0,0.0,0.0,1.0,0.0,0.0,0.0,0.0,0.0,0.0,0.0,0.0,0.0,0.0,0.0,0.0,0.0,0.0,0.0,0.0,0.0,0.0,0.0,0.0,0.0,0.0,1.0,0.0,0.0,1.0,0.0,0.0,0.0,1.0,0.0,0.0,0.0,0.0,1.0
0.21875,0.0,0.0,1.0,0.07787855770519636,1.0,0.25,0.0,0.5,0.3333333333333333,1.0,1.0,0.3333333333333333,0.6666666666666666,1.0,1.0,0.6153846153846154,0.6363636363636364,1.0,0.8333333333333334,0.0,0.0,0.0,0.0,0.0,1.0,0.0,0.0,0.0,0.0,1.0,0.0,0.0,0.0,0.0,0.0,0.0,0.0,0.0,0.0,0.0,0.0,0.0,0.0,0.0,0.0,0.0,0.0,1.0,0.0,0.0,0.0,0.0,0.0,0.0,0.0,1.0,0.0,0.0,0.0,0.0,1.0,0.0,0.0,1.0,0.0,0.0,0.0,1.0,0.0
0.8125,0.0,1.0,0.0,0.1291050444573522,0.9,1.0,1.0,0.0,0.0,1.0,0.5,0.1111111111111111,0.6666666666666666,0.0,0.0,0.6923076923076923,0.5454545454545454,0.5,0.16666666666666666,0.0,1.0,0.0,0.0,0.0,0.0,0.0,0.0,0.0,0.0,1.0,0.0,0.0,0.0,0.0,1.0,0.0,0.0,0.0,0.0,0.0,0.0,0.0,0.0,0.0,0.0,0.0,0.0,0.0,0.0,0.0,0.0,0.0,0.0,0.0,0.0,0.0,1.0,0.0,0.0,1.0,0.0,0.0,0.0,0.0,0.0,1.0,0.0,1.0,0.0
0.25,0.0,0.5,0.0,0.272083463652205,0.6,0.0,0.5,0.0,0.6666666666666666,0.5,0.0,0.7777777777777778,0.3333333333333333,1.0,0.0,0.46153846153846156,0.5454545454545454,0.6,0.6666666666666666,0.0,0.0,0.0,0.0,0.0,1.0,0.0,0.0,1.0,0.0,0.0,0.0,0.0,0.0,0.0,0.0,0.0,0.0,0.0,1.0,0.0,0.0,0.0,0.0,0.0,0.0,0.0,0.0,0.0,0.0,0.0,0.0,0.0,0.0,0.0,0.0,0.0,0.0,1.0,1.0,0.0,0.0,0.0,1.0,0.0,0.0,0.0,0.0,1.0,0.0
0.0,1.0,0.0,0.0,0.36211518698896383,0.4,0.5,0.25,1.0,0.0,1.0,0.5,0.6666666666666666,1.0,1.0,1.0,0.0,0.36363636363636365,0.5333333333333333,0.6666666666666666,0.0,0.0,1.0,0.0,0.0,0.0,0.0,0.0,0.0,0.0,1.0,0.0,0.0,0.0,0.0,0.0,0.0,0.0,1.0,0.0,0.0,0.0,0.0,0.0,0.0,0.0,0.0,0.0,0.0,0.0,0.0,0.0,0.0,0.0,0.0,0.0,0.0,1.0,0.0,0.0,0.0,1.0,0.0,1.0,0.0,0.0,0.0,0.0,0.0,1.0
0.90625,0.0,0.5,1.0,0.6114561458379877,0.5,0.75,0.75,0.5,0.0,0.0,0.0,0.4444444444444444,0.6666666666666666,1.0,1.0,0.23076923076923078,0.2727272727272727,0.9333333333333333,0.0,0.0,0.0,1.0,0.0,0.0,0.0,0.0,0.0,0.0,1.0,0.0,0.0,0.0,0.0,1.0,0.0,0.0,0.0,0.0,0.0,0.0,0.0,0.0,0.0,0.0,0.0,0.0,0.0,0.0,0.0,0.0,0.0,0.0,0.0,0.0,0.0,0.0,1.0,0.0,0.0,0.0,1.0,0.0,0.0,1.0,0.0,0.0,0.0,1.0,0.0
0.5625,1.0,0.0,0.0,0.6516241454805416,0.6,0.0,1.0,1.0,0.3333333333333333,1.0,1.0,0.2222222222222222,1.0,0.0,0.0,0.6153846153846154,0.0,0.1,0.5,0.0,0.0,0.0,0.0,0.0,1.0,0.0,0.0,0.0,0.0,0.0,1.0,0.0,0.0,0.0,0.0,0.0,0.0,0.0,0.0,0.0,0.0,0.0,0.0,0.0,0.0,0.0,0.0,0.0,0.0,0.0,0.0,0.0,0.0,0.0,1.0,1.0,0.0,0.0,1.0,0.0,0.0,0.0,0.0,0.0,1.0,0.0,0.0,0.0,1.0
0.15625,1.0,0.5,1.0,0.8850140744381395,0.7,0.25,0.0,1.0,0.0,1.0,0.0,0.1111111111111111,0.6666666666666666,0.0,0.0,0.3076923076923077,0.9090909090909091,0.2,0.5,0.0,0.0,1.0,0.0,0.0,0.0,0.0,0.0,1.0,0.0,0.0,0.0,0.0,0.0,0.0,0.0,0.0,0.0,0.0,0.0,0.0,0.0,0.0,1.0,0.0,0.0,0.0,0.0,0.0,0.0,0.0,0.0,0.0,0.0,0.0,0.0,1.0,0.0,0.0,1.0,0.0,0.0,0.0,0.0,0.0,0.0,1.0,0.0,1.0,0.0
0.96875,1.0,1.0,1.0,0.9214065501988293,0.1,0.0,0.0,0.5,0.0,0.5,0.5,0.8888888888888888,1.0,1.0,1.0,0.6153846153846154,0.2727272727272727,0.8,0.5,0.0,0.0,0.0,0.0,0.0,1.0,0.0,0.0,1.0,0.0,0.0,0.0,0.0,0.0,0.0,0.0,0.0,0.0,1.0,0.0,0.0,0.0,0.0,0.0,0.0,0.0,0.0,0.0,0.0,0.0,0.0,0.0,0.0,0.0,0.0,0.0,0.0,1.0,0.0,0.0,1.0,0.0,0.0,0.0,1.0,0.0,0.0,0.0,0.0,1.0
0.28125,1.0,0.5,1.0,0.16147625217818687,1.0,0.0,1.0,0.5,1.0,1.0,0.5,0.7777777777777778,0.0,1.0,0.0,0.0,0.8181818181818182,0.06666666666666667,0.5,0.0,0.0,1.0,0.0,0.0,0.0,0.0,0.0,1.0,0.0,0.0,0.0,0.0,0.0,0.0,0.0,0.0,0.0,0.0,0.0,0.0,0.0,1.0,0.0,0.0,0.0,0.0,0.0,0.0,0.0,0.0,0.0,0.0,0.0,0.0,0.0,1.0,0.0,0.0,1.0,0.0,0.0,1.0,0.0,0.0,0.0,0.0,0.0,1.0,0.0
0.78125,1.0,1.0,1.0,0.6069657298601492,0.5,0.75,0.25,0.5,0.6666666666666666,1.0,1.0,0.2222222222222222,0.6666666666666666,1.0,1.0,0.07692307692307693,0.6363636363636364,0.2,0.3333333333333333,0.0,0.0,0.0,0.0,0.0,1.0,0.0,0.0,0.0,0.0,0.0,1.0,0.0,0.0,0.0,1.0,0.0,0.0,0.0,0.0,0.0,0.0,0.0,0.0,0.0,0.0,0.0,0.0,0.0,0.0,0.0,0.0,0.0,0.0,0.0,0.0,0.0,1.0,0.0,0.0,0.0,1.0,1.0,0.0,0.0,0.0,0.0,1.0,0.0,0.0
0.03125,1.0,0.0,0.0,0.05022116974219203,0.3,0.25,1.0,0.5,0.3333333333333333,0.0,1.0,0.7777777777777778,1.0,0.0,1.0,0.15384615384615385,0.2727272727272727,0.3333333333333333,0.5,0.0,0.0,1.0,0.0,0.0,0.0,0.0,0.0,0.0,1.0,0.0,0.0,0.0,0.0,0.0,0.0,0.0,0.0,0.0,0.0,0.0,0.0,0.0,1.0,0.0,0.0,0.0,0.0,0.0,0.0,0.0,0.0,0.0,0.0,0.0,0.0,0.0,1.0,0.0,0.0,1.0,0.0,0.0,0.0,0.0,0.0,1.0,0.0,1.0,0.0
0.71875,0.0,1.0,1.0,0.5101872123676332,0.8,0.75,0.25,0.5,1.0,0.0,1.0,0.6666666666666666,0.6666666666666666,0.0,1.0,0.15384615384615385,0.2727272727272727,0.8,0.5,0.0,0.0,1.0,0.0,0.0,0.0,0.0,0.0,0.0,1.0,0.0,0.0,0.0,0.0,0.0,0.0,0.0,0.0,0.0,0.0,0.0,0.0,0.0,0.0,0.0,0.0,0.0,0.0,0.0,0.0,0.0,0.0,0.0,0.0,1.0,0.0,0.0,0.0,1.0,0.0,1.0,0.0,0.0,1.0,0.0,0.0,0.0,0.0,1.0,0.0
0.34375,0.0,0.0,0.0,0.9564809436575668,0.8,0.75,0.25,1.0,0.0,0.0,1.0,0.1111111111111111,0.0,0.0,0.0,0.23076923076923078,0.2727272727272727,0.9,1.0,0.0,0.0,1.0,0.0,0.0,0.0,0.0,0.0,0.0,0.0,1.0,0.0,0.0,0.0,0.0,0.0,0.0,0.0,0.0,0.0,0.0,0.0,0.0,0.0,0.0,0.0,0.0,0.0,0.0,0.0,0.0,0.0,0.0,0.0,0.0,1.0,1.0,0.0,0.0,1.0,0.0,0.0,1.0,0.0,0.0,0.0,0.0,0.0,1.0,0.0
0.21875,1.0,1.0,1.0,0.07971046870113042,0.3,0.75,1.0,0.5,1.0,0.5,0.5,0.0,0.6666666666666666,0.0,0.0,0.46153846153846156,0.7272727272727273,0.26666666666666666,0.0,0.0,0.0,0.0,0.0,0.0,1.0,0.0,0.0,0.0,0.0,0.0,1.0,0.0,0.0,0.0,0.0,0.0,0.0,0.0,1.0,0.0,0.0,0.0,0.0,0.0,0.0,0.0,0.0,0.0,0.0,0.0,0.0,0.0,0.0,0.0,0.0,0.0,1.0,0.0,1.0,0.0,0.0,0.0,0.0,1.0,0.0,0.0,0.0,0.0,1.0
0.84375,1.0,0.5,0.0,0.3164291139806085,0.9,0.5,1.0,1.0,1.0,0.0,1.0,0.0,1.0,1.0,0.0,0.7692307692307693,0.36363636363636365,0.23333333333333334,0.3333333333333333,0.0,0.0,0.0,0.0,0.0,1.0,0.0,0.0,0.0,0.0,0.0,1.0,0.0,0.0,1.0,0.0,0.0,0.0,0.0,0.0,0.0,0.0,0.0,0.0,0.0,0.0,0.0,0.0,0.0,0.0,0.0,0.0,0.0,0.0,0.0,0.0,0.0,1.0,0.0,0.0,1.0,0.0,0.0,1.0,0.0,0.0,0.0,1.0,0.0,0.0
0.5625,0.0,0.5,1.0,0.41242571824315266,0.5,0.25,0.0,0.5,0.6666666666666666,1.0,0.5,1.0,1.0,0.0,1.0,0.7692307692307693,0.45454545454545453,0.26666666666666666,1.0,0.0,0.0,1.0,0.0,0.0,0.0,0.0,0.0,1.0,0.0,0.0,0.0,0.0,0.0,0.0,1.0,0.0,0.0,0.0,0.0,0.0,0.0,0.0,0.0,0.0,0.0,0.0,0.0,0.0,0.0,0.0,0.0,0.0,0.0,0.0,0.0,0.0,0.0,1.0,1.0,0.0,0.0,0.0,0.0,0.0,0.0,1.0,1.0,0.0,0.0
0.09375,1.0,0.0,1.0,0.3617354005629775,0.6,0.75,0.25,0.5,0.3333333333333333,1.0,0.0,0.3333333333333333,1.0,0.0,1.0,0.38461538461538464,0.6363636363636364,0.8666666666666667,0.16666666666666666,0.0,0.0,1.0,0.0,0.0,0.0,0.0,0.0,0.0,0.0,0.0,1.0,0.0,0.0,0.0,0.0,0.0,0.0,1.0,0.0,0.0,0.0,0.0,0.0,0.0,0.0,0.0,0.0,0.0,0.0,0.0,0.0,0.0,0.0,0.0,0.0,0.0,0.0,1.0,1.0,0.0,0.0,0.0,0.0,1.0,0.0,0.0,0.0,1.0,0.0
0.90625,0.0,1.0,1.0,0.437692685760243,0.6,0.25,0.5,0.5,0.0,0.5,1.0,0.2222222222222222,0.0,1.0,0.0,0.6923076923076923,0.2727272727272727,0.0,0.0,0.0,0.0,1.0,0.0,0.0,0.0,0.0,0.0,0.0,0.0,0.0,1.0,0.0,0.0,0.0,0.0,0.0,0.0,0.0,1.0,0.0,0.0,0.0,0.0,0.0,0.0,0.0,0.0,0.0,0.0,0.0,0.0,0.0,0.0,0.0,0.0,1.0,0.0,0.0,0.0,0.0,1.0,0.0,1.0,0.0,0.0,0.0,1.0,0.0,0.0
0.25,0.0,0.5,1.0,0.39712255931370355,0.7,0.5,0.5,0.5,0.0,1.0,0.5,0.6666666666666666,0.0,0.0,1.0,0.8461538461538461,0.6363636363636364,0.9333333333333333,0.5,0.0,0.0,1.0,0.0,0.0,0.0,0.0,0.0,0.0,0.0,0.0,1.0,0.0,0.0,0.0,0.0,0.0,0.0,0.0,0.0,0.0,0.0,0.0,0.0,0.0,0.0,0.0,0.0,0.0,0.0,0.0,0.0,0.0,0.0,1.0,0.0,0.0,0.0,1.0,1.0,0.0,0.0,0.0,1.0,0.0,0.0,0.0,1.0,0.0,0.0
0.21875,0.0,1.0,1.0,0.6547071176444306,0.4,0.75,0.5,1.0,0.3333333333333333,0.5,1.0,0.8888888888888888,1.0,1.0,1.0,0.38461538461538464,0.7272727272727273,0.5666666666666667,0.3333333333333333,0.0,0.0,1.0,0.0,0.0,0.0,0.0,0.0,0.0,0.0,1.0,0.0,0.0,0.0,0.0,0.0,0.0,0.0,0.0,0.0,0.0,1.0,0.0,0.0,0.0,0.0,0.0,0.0,0.0,0.0,0.0,0.0,0.0,0.0,0.0,0.0,0.0,0.0,1.0,1.0,0.0,0.0,1.0,0.0,0.0,0.0,0.0,1.0,0.0,0.0
0.25,0.0,0.5,1.0,0.6447656494347884,0.7,0.25,0.75,0.0,0.6666666666666666,1.0,0.5,0.3333333333333333,1.0,0.0,0.0,0.46153846153846156,0.7272727272727273,0.13333333333333333,0.5,0.0,1.0,0.0,0.0,0.0,0.0,0.0,0.0,0.0,1.0,0.0,0.0,0.0,0.0,0.0,0.0,0.0,0.0,0.0,0.0,0.0,0.0,1.0,0.0,0.0,0.0,0.0,0.0,0.0,0.0,0.0,0.0,0.0,0.0,0.0,0.0,1.0,0.0,0.0,0.0,0.0,1.0,0.0,0.0,0.0,1.0,0.0,0.0,1.0,0.0
0.5,1.0,0.5,0.0,0.6173540056297753,0.7,1.0,0.75,0.0,0.3333333333333333,0.5,1.0,0.2222222222222222,1.0,0.0,1.0,0.46153846153846156,0.6363636363636364,0.16666666666666666,0.16666666666666666,0.0,0.0,0.0,0.0,0.0,1.0,0.0,0.0,1.0,0.0,0.0,0.0,0.0,0.0,0.0,0.0,0.0,1.0,0.0,0.0,0.0,0.0,0.0,0.0,0.0,0.0,0.0,0.0,0.0,0.0,0.0,0.0,0.0,0.0,0.0,0.0,0.0,1.0,0.0,1.0,0.0,0.0,1.0,0.0,0.0,0.0,0.0,0.0,1.0,0.0
0.9375,1.0,1.0,0.0,0.6338858853491801,0.0,0.25,1.0,0.0,0.6666666666666666,0.0,1.0,0.8888888888888888,1.0,1.0,0.0,0.38461538461538464,0.45454545454545453,0.5666666666666667,0.16666666666666666,0.0,0.0,0.0,0.0,0.0,1.0,0.0,0.0,1.0,0.0,0.0,0.0,0.0,0.0,0.0,0.0,0.0,0.0,0.0,0.0,0.0,0.0,0.0,0.0,0.0,0.0,0.0,0.0,0.0,0.0,0.0,0.0,0.0,0.0,1.0,0.0,1.0,0.0,0.0,0.0,0.0,1.0,0.0,1.0,0.0,0.0,0.0,0.0,1.0,0.0
0.03125,1.0,0.5,0.0,0.70472722398463,1.0,0.75,0.75,1.0,0.6666666666666666,0.5,0.5,0.4444444444444444,0.3333333333333333,0.0,0.0,0.23076923076923078,0.6363636363636364,0.8333333333333334,0.0,0.0,0.0,0.0,0.0,0.0,1.0,0.0,0.0,0.0,0.0,1.0,0.0,0.0,0.0,0.0,0.0,0.0,0.0,0.0,1.0,0.0,0.0,0.0,0.0,0.0,0.0,0.0,0.0,0.0,0.0,0.0,0.0,0.0,0.0,0.0,0.0,0.0,1.0,0.0,1.0,0.0,0.0,0.0,1.0,0.0,0.0,0.0,0.0,1.0,0.0
0.59375,1.0,0.5,0.0,0.963026674411331,0.6,1.0,0.25,0.0,0.6666666666666666,1.0,1.0,0.3333333333333333,0.3333333333333333,1.0,1.0,0.0,0.2727272727272727,0.7666666666666667,0.3333333333333333,0.0,0.0,1.0,0.0,0.0,0.0,0.0,0.0,0.0,0.0,0.0,1.0,0.0,0.0,0.0,0.0,0.0,0.0,0.0,0.0,0.0,0.0,1.0,0.0,0.0,0.0,0.0,0.0,0.0,0.0,0.0,0.0,0.0,0.0,0.0,0.0,1.0,0.0,0.0,0.0,0.0,1.0,0.0,0.0,1.0,0.0,0.0,1.0,0.0,0.0
0.15625,1.0,0.5,0.0,0.180443233099504,0.6,0.5,1.0,0.0,0.0,0.5,1.0,0.0,0.3333333333333333,1.0,1.0,0.8461538461538461,0.6363636363636364,0.23333333333333334,0.5,0.0,0.0,1.0,0.0,0.0,0.0,0.0,0.0,0.0,0.0,0.0,1.0,0.0,0.0,0.0,0.0,0.0,0.0,0.0,0.0,0.0,1.0,0.0,0.0,0.0,0.0,0.0,0.0,0.0,0.0,0.0,0.0,0.0,0.0,0.0,0.0,0.0,1.0,0.0,0.0,0.0,1.0,0.0,1.0,0.0,0.0,0.0,0.0,1.0,0.0
0.5,1.0,1.0,1.0,0.7867164112416782,0.9,0.5,1.0,0.5,1.0,0.0,0.0,0.1111111111111111,0.0,0.0,0.0,0.5384615384615384,0.7272727272727273,0.13333333333333333,0.5,0.0,0.0,1.0,0.0,0.0,0.0,0.0,0.0,0.0,0.0,0.0,1.0,0.0,0.0,0.0,0.0,0.0,0.0,0.0,0.0,0.0,0.0,0.0,1.0,0.0,0.0,0.0,0.0,0.0,0.0,0.0,0.0,0.0,0.0,0.0,0.0,1.0,0.0,0.0,1.0,0.0,0.0,1.0,0.0,0.0,0.0,0.0,0.0,0.0,1.0
0.75,1.0,0.5,0.0,0.6310486573432823,0.4,0.0,0.0,0.0,0.6666666666666666,1.0,1.0,0.4444444444444444,0.3333333333333333,1.0,0.0,0.5384615384615384,0.2727272727272727,0.5,0.16666666666666666,0.0,0.0,0.0,0.0,0.0,1.0,0.0,0.0,0.0,0.0,1.0,0.0,0.0,0.0,0.0,0.0,0.0,0.0,0.0,0.0,0.0,1.0,0.0,0.0,0.0,0.0,0.0,0.0,0.0,0.0,0.0,0.0,0.0,0.0,0.0,0.0,1.0,0.0,0.0,0.0,1.0,0.0,0.0,0.0,0.0,1.0,0.0,1.0,0.0,0.0
0.3125,1.0,1.0,0.0,0.05031053125418883,0.6,0.25,0.25,1.0,0.3333333333333333,1.0,0.5,0.1111111111111111,0.3333333333333333,1.0,1.0,0.38461538461538464,0.5454545454545454,0.5333333333333333,0.3333333333333333,0.0,0.0,1.0,0.0,0.0,0.0,0.0,0.0,0.0,0.0,0.0,1.0,0.0,1.0,0.0,0.0,0.0,0.0,0.0,0.0,0.0,0.0,0.0,0.0,0.0,0.0,0.0,0.0,0.0,0.0,0.0,0.0,0.0,0.0,0.0,0.0,0.0,0.0,1.0,0.0,1.0,0.0,0.0,1.0,0.0,0.0,0.0,0.0,1.0,0.0
0.3125,1.0,1.0,0.0,0.8930789508958492,0.9,1.0,0.25,1.0,0.0,0.0,1.0,0.2222222222222222,0.0,1.0,1.0,0.6923076923076923,0.18181818181818182,0.5666666666666667,0.0,0.0,0.0,0.0,0.0,0.0,1.0,0.0,0.0,1.0,0.0,0.0,0.0,0.0,0.0,0.0,0.0,0.0,0.0,0.0,0.0,1.0,0.0,0.0,0.0,0.0,0.0,0.0,0.0,0.0,0.0,0.0,0.0,0.0,0.0,0.0,0.0,0.0,0.0,1.0,0.0,1.0,0.0,0.0,1.0,0.0,0.0,0.0,1.0,0.0,0.0
0.46875,0.0,0.0,1.0,0.2793217461239444,0.3,1.0,0.75,0.5,0.6666666666666666,0.0,0.0,0.5555555555555556,0.0,0.0,1.0,0.38461538461538464,0.5454545454545454,0.5666666666666667,0.5,0.0,0.0,0.0,0.0,0.0,1.0,0.0,0.0,0.0,0.0,1.0,0.0,0.0,0.0,0.0,0.0,0.0,0.0,0.0,1.0,0.0,0.0,0.0,0.0,0.0,0.0,0.0,0.0,0.0,0.0,0.0,0.0,0.0,0.0,0.0,0.0,0.0,0.0,1.0,0.0,0.0,1.0,1.0,0.0,0.0,0.0,0.0,0.0,1.0,0.0
0.40625,0.0,1.0,1.0,0.29464724543139265,0.2,1.0,0.25,0.15,0.3333333333333333,0.0,1.0,0.8888888888888888,1.0,0.0,1.0,0.3076923076923077,0.36363636363636365,1.0,0.6666666666666666,0.0,0.0,1.0,0.0,0.0,0.0,0.0,0.0,0.0,0.0,1.0,0.0,0.0,0.0,0.0,0.0,0.0,0.0,0.0,0.0,0.0,0.0,0.0,0.0,0.0,0.0,1.0,0.0,0.0,0.0,0.0,0.0,0.0,0.0,0.0,0.0,0.0,0.0,1.0,0.0,0.0,1.0,0.0,0.0,0.0,0.0,1.0,1.0,0.0,0.0
0.0625,0.0,0.5,1.0,0.9988159599660427,0.0,0.5,1.0,0.1,1.0,0.5,0.5,0.1111111111111111,0.6666666666666666,1.0,0.0,0.6153846153846154,0.0,0.6666666666666666,1.0,0.0,0.0,1.0,0.0,0.0,0.0,0.0,0.0,0.0,0.0,0.0,1.0,0.0,0.0,0.0,0.0,0.0,0.0,0.0,0.0,0.0,0.0,0.0,0.0,0.0,0.0,0.0,1.0,0.0,0.0,0.0,0.0,0.0,0.0,0.0,0.0,0.0,0.0,1.0,0.0,1.0,0.0,0.0,0.0,0.0,1.0,0.0,0.0,1.0,0.0
0.4375,1.0,0.0,1.0,0.26911219337831194,0.2,0.0,0.5,0.0,1.0,0.5,0.0,0.3333333333333333,0.6666666666666666,0.0,1.0,0.8461538461538461,0.45454545454545453,0.4666666666666667,0.8333333333333334,0.0,0.0,0.0,0.0,0.0,1.0,0.0,0.0,1.0,0.0,0.0,0.0,0.0,0.0,0.0,0.0,0.0,0.0,0.0,1.0,0.0,0.0,0.0,0.0,0.0,0.0,0.0,0.0,0.0,0.0,0.0,0.0,0.0,0.0,0.0,0.0,1.0,0.0,0.0,1.0,0.0,0.0,0.0,0.0,1.0,0.0,0.0,0.0,0.0,1.0
0.28125,0.0,0.5,1.0,0.8380099191278316,0.1,0.75,1.0,0.5,0.3333333333333333,0.0,0.5,0.5555555555555556,1.0,1.0,1.0,0.7692307692307693,0.2727272727272727,0.6,0.6666666666666666,0.0,0.0,1.0,0.0,0.0,0.0,0.0,0.0,0.0,0.0,1.0,0.0,0.0,0.0,0.0,0.0,0.0,0.0,0.0,0.0,0.0,0.0,0.0,0.0,0.0,0.0,0.0,1.0,0.0,0.0,0.0,0.0,0.0,0.0,0.0,0.0,1.0,0.0,0.0,0.0,1.0,0.0,1.0,0.0,0.0,0.0,0.0,0.0,0.0,1.0
0.03125,0.0,0.5,0.0,0.3571556230731424,0.8,1.0,0.0,1.0,0.3333333333333333,0.5,0.5,0.2222222222222222,0.3333333333333333,1.0,1.0,0.5384615384615384,0.7272727272727273,0.36666666666666664,0.5,0.0,0.0,1.0,0.0,0.0,0.0,0.0,0.0,0.0,0.0,0.0,1.0,0.0,0.0,0.0,0.0,0.0,0.0,0.0,0.0,0.0,0.0,0.0,0.0,0.0,0.0,0.0,0.0,0.0,0.0,0.0,0.0,0.0,1.0,0.0,0.0,1.0,0.0,0.0,0.0,0.0,1.0,0.0,0.0,1.0,0.0,0.0,0.0,1.0,0.0
1.0,0.0,0.0,0.0,0.3327152495420222,0.9,1.0,0.75,0.5,1.0,0.5,0.5,0.4444444444444444,1.0,0.0,1.0,0.5384615384615384,0.7272727272727273,0.1,0.3333333333333333,0.0,0.0,0.0,0.0,0.0,1.0,0.0,0.0,0.0,0.0,1.0,0.0,0.0,0.0,0.0,1.0,0.0,0.0,0.0,0.0,0.0,0.0,0.0,0.0,0.0,0.0,0.0,0.0,0.0,0.0,0.0,0.0,0.0,0.0,0.0,0.0,0.0,0.0,1.0,1.0,0.0,0.0,0.0,0.0,0.0,0.0,1.0,1.0,0.0,0.0
0.6875,1.0,0.5,0.0,0.24911755506903174,0.8,1.0,1.0,0.1,1.0,0.5,0.5,0.0,0.6666666666666666,1.0,1.0,0.5384615384615384,0.2727272727272727,0.9,1.0,0.0,0.0,0.0,0.0,0.0,0.0,0.0,1.0,0.0,1.0,0.0,0.0,0.0,0.0,0.0,0.0,0.0,0.0,0.0,0.0,0.0,0.0,0.0,0.0,0.0,0.0,0.0,0.0,0.0,0.0,0.0,1.0,0.0,0.0,0.0,0.0,1.0,0.0,0.0,1.0,0.0,0.0,0.0,0.0,0.0,1.0,0.0,0.0,1.0,0.0
0.0625,1.0,0.5,1.0,0.7842366292837675,0.6,0.5,0.75,0.15,0.0,0.5,0.5,0.7777777777777778,1.0,0.0,1.0,0.38461538461538464,1.0,0.23333333333333334,1.0,0.0,0.0,0.0,0.0,0.0,1.0,0.0,0.0,0.0,1.0,0.0,0.0,0.0,0.0,0.0,0.0,0.0,0.0,0.0,0.0,0.0,0.0,0.0,0.0,0.0,0.0,0.0,0.0,0.0,0.0,0.0,0.0,0.0,1.0,0.0,0.0,0.0,0.0,1.0,0.0,1.0,0.0,0.0,0.0,0.0,0.0,1.0,0.0,0.0,1.0
0.1875,0.0,1.0,0.0,0.7041016934006523,1.0,0.5,0.5,1.0,0.6666666666666666,1.0,0.0,0.8888888888888888,1.0,1.0,0.0,0.46153846153846156,0.9090909090909091,0.13333333333333333,0.16666666666666666,0.0,0.0,1.0,0.0,0.0,0.0,0.0,0.0,0.0,1.0,0.0,0.0,0.0,0.0,0.0,0.0,0.0,0.0,0.0,0.0,0.0,0.0,0.0,0.0,0.0,0.0,0.0,0.0,1.0,0.0,0.0,0.0,0.0,0.0,0.0,0.0,0.0,0.0,1.0,0.0,1.0,0.0,0.0,0.0,0.0,1.0,0.0,1.0,0.0,0.0
0.875,0.0,0.0,0.0,0.01693400652339037,0.4,0.25,0.5,1.0,0.6666666666666666,0.5,0.5,0.6666666666666666,0.3333333333333333,0.0,1.0,1.0,0.09090909090909091,0.4,0.16666666666666666,0.0,0.0,0.0,0.0,0.0,1.0,0.0,0.0,0.0,0.0,1.0,0.0,0.0,0.0,0.0,1.0,0.0,0.0,0.0,0.0,0.0,0.0,0.0,0.0,0.0,0.0,0.0,0.0,0.0,0.0,0.0,0.0,0.0,0.0,0.0,0.0,0.0,1.0,0.0,0.0,0.0,1.0,0.0,0.0,0.0,1.0,0.0,0.0,0.0,1.0
1.0,1.0,1.0,1.0,0.03607971046870113,0.1,0.0,0.0,0.5,0.6666666666666666,1.0,0.0,1.0,0.6666666666666666,1.0,1.0,0.6153846153846154,0.0,0.8,0.5,0.0,0.0,0.0,0.0,0.0,1.0,0.0,0.0,0.0,1.0,0.0,0.0,0.0,0.0,0.0,0.0,0.0,0.0,0.0,0.0,0.0,0.0,0.0,0.0,1.0,0.0,0.0,0.0,0.0,0.0,0.0,0.0,0.0,0.0,0.0,0.0,0.0,1.0,0.0,1.0,0.0,0.0,0.0,0.0,0.0,1.0,0.0,1.0,0.0,0.0
0.34375,1.0,0.5,0.0,0.5107680621956122,0.3,0.5,0.0,0.0,0.6666666666666666,1.0,1.0,0.5555555555555556,0.3333333333333333,0.0,1.0,0.7692307692307693,0.6363636363636364,0.7,0.5,0.0,0.0,1.0,0.0,0.0,0.0,0.0,0.0,0.0,0.0,1.0,0.0,0.0,0.0,0.0,0.0,0.0,0.0,0.0,0.0,0.0,0.0,1.0,0.0,0.0,0.0,0.0,0.0,0.0,0.0,0.0,0.0,0.0,0.0,0.0,0.0,0.0,1.0,0.0,0.0,0.0,1.0,0.0,0.0,0.0,0.0,1.0,0.0,1.0,0.0
0.5,1.0,0.5,1.0,0.6876144944372459,0.1,0.5,0.75,1.0,0.6666666666666666,1.0,1.0,0.2222222222222222,0.0,0.0,1.0,0.5384615384615384,0.9090909090909091,0.43333333333333335,0.5,0.0,0.0,0.0,1.0,0.0,0.0,0.0,0.0,1.0,0.0,0.0,0.0,0.0,0.0,0.0,0.0,0.0,0.0,1.0,0.0,0.0,0.0,0.0,0.0,0.0,0.0,0.0,0.0,0.0,0.0,0.0,0.0,0.0,0.0,0.0,0.0,0.0,0.0,1.0,0.0,0.0,1.0,1.0,0.0,0.0,0.0,0.0,0.0,0.0,1.0
0.8125,1.0,0.5,1.0,0.6930208659130513,0.5,0.25,0.0,1.0,0.0,1.0,0.0,0.8888888888888888,0.3333333333333333,0.0,1.0,0.5384615384615384,0.9090909090909091,0.3,1.0,0.0,0.0,1.0,0.0,0.0,0.0,0.0,0.0,0.0,0.0,0.0,1.0,0.0,0.0,0.0,0.0,0.0,0.0,0.0,0.0,0.0,0.0,0.0,0.0,0.0,0.0,0.0,1.0,0.0,0.0,0.0,0.0,0.0,0.0,0.0,0.0,0.0,0.0,1.0,0.0,1.0,0.0,0.0,0.0,0.0,0.0,1.0,0.0,0.0,1.0
0.625,0.0,1.0,1.0,0.7230463339439704,0.2,0.25,0.25,0.0,0.0,0.5,0.5,0.8888888888888888,0.0,0.0,0.0,0.0,0.8181818181818182,0.06666666666666667,0.5,0.0,0.0,0.0,0.0,1.0,0.0,0.0,0.0,0.0,1.0,0.0,0.0,0.0,0.0,0.0,0.0,0.0,0.0,0.0,0.0,0.0,0.0,1.0,0.0,0.0,0.0,0.0,0.0,0.0,0.0,0.0,0.0,0.0,0.0,0.0,0.0,0.0,0.0,1.0,0.0,1.0,0.0,0.0,0.0,0.0,1.0,0.0,0.0,0.0,1.0
0.125,1.0,0.0,0.0,0.8593449801170636,0.9,0.75,0.25,0.5,0.3333333333333333,1.0,0.0,0.2222222222222222,1.0,1.0,1.0,0.23076923076923078,0.6363636363636364,0.9666666666666667,0.6666666666666666,0.0,0.0,0.0,1.0,0.0,0.0,0.0,0.0,0.0,0.0,0.0,1.0,0.0,0.0,1.0,0.0,0.0,0.0,0.0,0.0,0.0,0.0,0.0,0.0,0.0,0.0,0.0,0.0,0.0,0.0,0.0,0.0,0.0,0.0,0.0,0.0,0.0,0.0,1.0,0.0,0.0,1.0,0.0,1.0,0.0,0.0,0.0,0.0,0.0,1.0
0.8125,1.0,1.0,1.0,0.912805504669139,0.7,0.75,0.75,0.5,0.0,0.5,1.0,0.4444444444444444,0.6666666666666666,0.0,1.0,0.0,0.8181818181818182,0.26666666666666666,0.3333333333333333,0.0,0.0,0.0,0.0,0.0,1.0,0.0,0.0,0.0,0.0,1.0,0.0,0.0,0.0,0.0,0.0,0.0,0.0,0.0,0.0,0.0,0.0,0.0,0.0,0.0,1.0,0.0,0.0,0.0,0.0,0.0,0.0,0.0,0.0,0.0,0.0,0.0,0.0,1.0,1.0,0.0,0.0,0.0,0.0,0.0,1.0,0.0,0.0,1.0,0.0
0.78125,1.0,1.0,0.0,0.8404003395737456,0.0,1.0,0.0,0.5,1.0,0.0,0.5,0.2222222222222222,0.3333333333333333,1.0,0.0,0.6923076923076923,0.9090909090909091,0.03333333333333333,0.8333333333333334,0.0,0.0,1.0,0.0,0.0,0.0,0.0,0.0,1.0,0.0,0.0,0.0,0.0,0.0,0.0,0.0,0.0,0.0,0.0,0.0,0.0,0.0,0.0,0.0,0.0,0.0,0.0,1.0,0.0,0.0,0.0,0.0,0.0,0.0,0.0,0.0,0.0,1.0,0.0,0.0,1.0,0.0,0.0,0.0,0.0,0.0,1.0,1.0,0.0,0.0
0.21875,0.0,1.0,1.0,0.7029623341226934,0.4,0.0,0.25,0.5,0.3333333333333333,1.0,0.5,0.4444444444444444,0.3333333333333333,1.0,1.0,0.46153846153846156,0.5454545454545454,0.03333333333333333,0.16666666666666666,0.0,0.0,0.0,0.0,0.0,1.0,0.0,0.0,1.0,0.0,0.0,0.0,1.0,0.0,0.0,0.0,0.0,0.0,0.0,0.0,0.0,0.0,0.0,0.0,0.0,0.0,0.0,0.0,0.0,0.0,0.0,0.0,0.0,0.0,0.0,0.0,0.0,1.0,0.0,0.0,1.0,0.0,0.0,0.0,0.0,0.0,1.0,1.0,0.0,0.0
0.09375,0.0,1.0,1.0,0.9752468611768912,0.2,0.5,0.25,0.5,1.0,1.0,0.0,0.3333333333333333,1.0,0.0,0.0,0.0,0.8181818181818182,0.23333333333333334,0.16666666666666666,0.0,0.0,1.0,0.0,0.0,0.0,0.0,0.0,1.0,0.0,0.0,0.0,0.0,0.0,0.0,0.0,0.0,0.0,0.0,0.0,0.0,0.0,0.0,0.0,0.0,0.0,0.0,0.0,0.0,1.0,0.0,0.0,0.0,0.0,0.0,0.0,0.0,0.0,1.0,1.0,0.0,0.0,1.0,0.0,0.0,0.0,0.0,0.0,0.0,1.0
0.34375,0.0,0.0,1.0,0.3049685000670211,0.8,1.0,0.5,0.0,0.6666666666666666,1.0,0.5,0.3333333333333333,0.3333333333333333,0.0,0.0,0.23076923076923078,0.45454545454545453,0.1,0.16666666666666666,0.0,0.0,1.0,0.0,0.0,0.0,0.0,0.0,0.0,1.0,0.0,0.0,0.0,0.0,1.0,0.0,0.0,0.0,0.0,0.0,0.0,0.0,0.0,0.0,0.0,0.0,0.0,0.0,0.0,0.0,0.0,0.0,0.0,0.0,0.0,0.0,0.0,0.0,1.0,1.0,0.0,0.0,0.0,1.0,0.0,0.0,0.0,0.0,0.0,1.0
0.71875,1.0,1.0,1.0,0.773222822930164,0.5,0.5,0.75,0.5,0.0,0.5,0.5,0.8888888888888888,1.0,1.0,1.0,0.6153846153846154,0.6363636363636364,0.4,0.16666666666666666,0.0,0.0,0.0,0.0,0.0,1.0,0.0,0.0,1.0,0.0,0.0,0.0,0.0,0.0,0.0,0.0,0.0,0.0,0.0,0.0,0.0,0.0,0.0,0.0,0.0,0.0,0.0,0.0,0.0,0.0,0.0,0.0,0.0,0.0,1.0,0.0,0.0,1.0,0.0,1.0,0.0,0.0,0.0,1.0,0.0,0.0,0.0,0.0,1.0,0.0
0.625,1.0,1.0,1.0,0.43793842991823423,0.8,0.25,0.5,0.0,0.6666666666666666,0.0,0.5,0.5555555555555556,1.0,0.0,0.0,0.5384615384615384,0.18181818181818182,0.8666666666666667,0.3333333333333333,0.0,0.0,0.0,1.0,0.0,0.0,0.0,0.0,1.0,0.0,0.0,0.0,0.0,0.0,0.0,0.0,0.0,0.0,0.0,0.0,0.0,0.0,0.0,0.0,0.0,0.0,0.0,0.0,0.0,0.0,0.0,0.0,0.0,0.0,0.0,1.0,0.0,0.0,1.0,1.0,0.0,0.0,0.0,0.0,0.0,0.0,1.0,1.0,0.0,0.0
0.25,1.0,0.5,1.0,0.1743219695277244,1.0,1.0,0.0,0.5,0.6666666666666666,0.5,0.5,0.7777777777777778,1.0,0.0,1.0,0.0,0.0,0.16666666666666666,0.8333333333333334,0.0,0.0,0.0,0.0,0.0,1.0,0.0,0.0,0.0,0.0,0.0,1.0,0.0,0.0,0.0,0.0,0.0,0.0,0.0,0.0,0.0,0.0,0.0,0.0,0.0,0.0,0.0,0.0,1.0,0.0,0.0,0.0,0.0,0.0,0.0,0.0,0.0,1.0,0.0,1.0,0.0,0.0,0.0,0.0,0.0,0.0,1.0,0.0,0.0,1.0
0.71875,0.0,1.0,0.0,0.6454582011527635,0.0,0.5,0.5,1.0,0.6666666666666666,1.0,1.0,0.0,0.3333333333333333,1.0,0.0,0.38461538461538464,0.6363636363636364,0.8333333333333334,0.0,0.0,0.0,1.0,0.0,0.0,0.0,0.0,0.0,0.0,0.0,0.0,1.0,0.0,0.0,0.0,0.0,0.0,0.0,0.0,0.0,0.0,0.0,0.0,0.0,0.0,0.0,0.0,0.0,0.0,0.0,0.0,0.0,0.0,0.0,1.0,0.0,1.0,0.0,0.0,0.0,0.0,1.0,0.0,0.0,0.0,0.0,1.0,0.0,1.0,0.0
0.875,1.0,0.5,1.0,0.3861981144720969,0.9,0.75,0.5,0.0,1.0,1.0,0.0,0.5555555555555556,0.0,0.0,0.0,0.7692307692307693,0.36363636363636365,0.6333333333333333,0.0,0.0,0.0,1.0,0.0,0.0,0.0,0.0,0.0,0.0,0.0,1.0,0.0,0.0,0.0,0.0,0.0,0.0,0.0,0.0,0.0,0.0,0.0,0.0,0.0,0.0,0.0,0.0,0.0,0.0,0.0,0.0,0.0,0.0,1.0,0.0,0.0,0.0,1.0,0.0,0.0,0.0,1.0,0.0,0.0,0.0,0.0,1.0,0.0,1.0,0.0
0.65625,1.0,0.5,0.0,0.8851481167061347,0.3,0.0,0.0,0.5,0.6666666666666666,1.0,1.0,0.5555555555555556,0.0,1.0,0.0,0.6923076923076923,0.5454545454545454,0.6,0.6666666666666666,0.0,0.0,0.0,0.0,1.0,0.0,0.0,0.0,0.0,0.0,0.0,1.0,0.0,0.0,0.0,0.0,0.0,0.0,0.0,0.0,0.0,1.0,0.0,0.0,0.0,0.0,0.0,0.0,0.0,0.0,0.0,0.0,0.0,0.0,0.0,0.0,0.0,1.0,0.0,0.0,1.0,0.0,0.0,0.0,0.0,0.0,1.0,1.0,0.0,0.0
0.78125,0.0,0.5,0.0,0.2791206827219517,0.9,0.75,0.5,1.0,0.3333333333333333,0.0,0.5,0.6666666666666666,0.0,0.0,1.0,0.5384615384615384,1.0,0.23333333333333334,1.0,0.0,0.0,0.0,0.0,0.0,1.0,0.0,0.0,1.0,0.0,0.0,0.0,0.0,0.0,0.0,0.0,0.0,0.0,1.0,0.0,0.0,0.0,0.0,0.0,0.0,0.0,0.0,0.0,0.0,0.0,0.0,0.0,0.0,0.0,0.0,0.0,0.0,1.0,0.0,0.0,0.0,1.0,0.0,0.0,0.0,1.0,0.0,1.0,0.0,0.0
0.8125,0.0,0.5,0.0,0.9847191814485502,0.8,0.0,0.0,0.0,0.3333333333333333,0.5,1.0,0.6666666666666666,0.0,0.0,0.0,0.0,0.36363636363636365,0.9,0.16666666666666666,0.0,0.0,0.0,1.0,0.0,0.0,0.0,0.0,0.0,1.0,0.0,0.0,0.0,0.0,0.0,0.0,0.0,1.0,0.0,0.0,0.0,0.0,0.0,0.0,0.0,0.0,0.0,0.0,0.0,0.0,0.0,0.0,0.0,0.0,0.0,0.0,0.0,1.0,0.0,1.0,0.0,0.0,0.0,0.0,0.0,0.0,1.0,0.0,0.0,1.0
0.25,0.0,0.5,0.0,0.08420088467896877,0.3,1.0,0.25,0.0,0.6666666666666666,0.0,0.0,0.3333333333333333,0.6666666666666666,1.0,0.0,0.23076923076923078,0.36363636363636365,0.8333333333333334,1.0,0.0,0.0,0.0,0.0,0.0,1.0,0.0,0.0,0.0,0.0,0.0,1.0,0.0,0.0,0.0,1.0,0.0,0.0,0.0,0.0,0.0,0.0,0.0,0.0,0.0,0.0,0.0,0.0,0.0,0.0,0.0,0.0,0.0,0.0,0.0,0.0,1.0,0.0,0.0,1.0,0.0,0.0,1.0,0.0,0.0,0.0,0.0,0.0,1.0,0.0
0.34375,0.0,1.0,1.0,0.8493588311514231,0.6,0.75,1.0,0.5,1.0,0.0,0.0,0.5555555555555556,0.0,0.0,0.0,0.7692307692307693,0.45454545454545453,0.16666666666666666,0.5,0.0,0.0,0.0,0.0,0.0,1.0,0.0,0.0,0.0,0.0,0.0,1.0,0.0,0.0,0.0,0.0,0.0,0.0,0.0,0.0,0.0,0.0,0.0,0.0,0.0,0.0,0.0,0.0,0.0,0.0,1.0,0.0,0.0,0.0,0.0,0.0,0.0,0.0,1.0,0.0,0.0,1.0,0.0,1.0,0.0,0.0,0.0,0.0,0.0,1.0
1.0,1.0,0.0,1.0,0.859032214825075,0.0,0.25,0.75,0.0,0.0,0.5,1.0,0.1111111111111111,0.6666666666666666,0.0,1.0,0.9230769230769231,0.09090909090909091,0.8666666666666667,0.16666666666666666,0.0,0.0,0.0,0.0,0.0,1.0,0.0,0.0,0.0,0.0,0.0,1.0,0.0,0.0,0.0,0.0,0.0,0.0,0.0,0.0,0.0,0.0,0.0,0.0,0.0,0.0,0.0,0.0,0.0,1.0,0.0,0.0,0.0,0.0,0.0,0.0,1.0,0.0,0.0,0.0,1.0,0.0,1.0,0.0,0.0,0.0,0.0,1.0,0.0,0.0
0.03125,1.0,1.0,0.0,0.37518430811849335,0.1,0.75,0.25,1.0,0.3333333333333333,1.0,0.0,0.8888888888888888,0.6666666666666666,1.0,1.0,0.23076923076923078,0.5454545454545454,0.5333333333333333,0.3333333333333333,0.0,0.0,1.0,0.0,0.0,0.0,0.0,0.0,1.0,0.0,0.0,0.0,0.0,0.0,0.0,0.0,0.0,0.0,0.0,0.0,0.0,0.0,0.0,0.0,0.0,0.0,0.0,0.0,0.0,0.0,0.0,0.0,0.0,0.0,1.0,0.0,0.0,0.0,1.0,0.0,1.0,0.0,0.0,1.0,0.0,0.0,0.0,0.0,0.0,1.0
0.28125,1.0,0.0,0.0,0.3506322326973772,0.8,0.25,0.5,0.5,1.0,1.0,1.0,0.1111111111111111,0.6666666666666666,0.0,1.0,0.5384615384615384,0.5454545454545454,0.23333333333333334,0.0,0.0,0.0,0.0,0.0,0.0,1.0,0.0,0.0,0.0,0.0,0.0,1.0,0.0,0.0,0.0,0.0,0.0,0.0,0.0,0.0,0.0,0.0,0.0,0.0,1.0,0.0,0.0,0.0,0.0,0.0,0.0,0.0,0.0,0.0,0.0,0.0,1.0,0.0,0.0,1.0,0.0,0.0,0.0,0.0,0.0,1.0,0.0,0.0,0.0,1.0
0.5,1.0,0.0,1.0,0.20191233635673114,0.5,0.5,0.75,0.0,1.0,1.0,1.0,0.2222222222222222,1.0,0.0,1.0,0.0,0.45454545454545453,0.6,0.3333333333333333,0.0,0.0,1.0,0.0,0.0,0.0,0.0,0.0,0.0,1.0,0.0,0.0,0.0,1.0,0.0,0.0,0.0,0.0,0.0,0.0,0.0,0.0,0.0,0.0,0.0,0.0,0.0,0.0,0.0,0.0,0.0,0.0,0.0,0.0,0.0,0.0,1.0,0.0,0.0,1.0,0.0,0.0,0.0,0.0,1.0,0.0,0.0,1.0,0.0,0.0
0.65625,1.0,0.5,0.0,0.20550913721460162,0.4,0.5,0.25,0.5,0.0,1.0,0.0,0.3333333333333333,0.0,0.0,1.0,0.7692307692307693,0.36363636363636365,0.5333333333333333,0.6666666666666666,0.0,0.0,0.0,0.0,0.0,1.0,0.0,0.0,1.0,0.0,0.0,0.0,0.0,0.0,0.0,0.0,0.0,0.0,0.0,0.0,0.0,0.0,0.0,0.0,0.0,0.0,0.0,0.0,0.0,0.0,0.0,1.0,0.0,0.0,0.0,0.0,1.0,0.0,0.0,1.0,0.0,0.0,0.0,1.0,0.0,0.0,0.0,0.0,1.0,0.0
0.8125,1.0,1.0,1.0,0.029891425762923914,0.8,1.0,1.0,0.0,0.0,0.5,0.0,0.5555555555555556,0.3333333333333333,1.0,0.0,0.46153846153846156,0.8181818181818182,0.6333333333333333,1.0,0.0,0.0,0.0,0.0,0.0,1.0,0.0,0.0,1.0,0.0,0.0,0.0,1.0,0.0,0.0,0.0,0.0,0.0,0.0,0.0,0.0,0.0,0.0,0.0,0.0,0.0,0.0,0.0,0.0,0.0,0.0,0.0,0.0,0.0,0.0,0.0,0.0,0.0,1.0,1.0,0.0,0.0,0.0,1.0,0.0,0.0,0.0,1.0,0.0,0.0
0.0625,0.0,0.0,0.0,0.1687815557839239,0.0,0.75,1.0,0.5,0.0,0.5,0.5,0.5555555555555556,0.0,1.0,0.0,0.9230769230769231,0.7272727272727273,0.6,0.5,0.0,0.0,1.0,0.0,0.0,0.0,0.0,0.0,0.0,1.0,0.0,0.0,0.0,0.0,0.0,0.0,0.0,0.0,0.0,0.0,0.0,0.0,0.0,0.0,0.0,0.0,0.0,0.0,0.0,0.0,0.0,0.0,0.0,0.0,1.0,0.0,0.0,0.0,1.0,0.0,1.0,0.0,0.0,0.0,1.0,0.0,0.0,0.0,0.0,1.0
0.75,0.0,0.0,1.0,0.3224610160403914,0.3,0.25,0.0,1.0,0.6666666666666666,0.0,0.0,1.0,1.0,1.0,0.0,0.7692307692307693,0.36363636363636365,0.6666666666666666,0.16666666666666666,0.0,0.0,1.0,0.0,0.0,0.0,0.0,0.0,0.0,0.0,1.0,0.0,0.0,0.0,0.0,0.0,0.0,0.0,0.0,0.0,0.0,0.0,0.0,0.0,0.0,0.0,1.0,0.0,0.0,0.0,0.0,0.0,0.0,0.0,0.0,0.0,1.0,0.0,0.0,0.0,1.0,0.0,0.0,0.0,0.0,1.0,0.0,0.0,1.0,0.0
0.125,0.0,1.0,1.0,0.8536928644832671,0.5,0.75,1.0,1.0,1.0,1.0,0.0,0.0,1.0,0.0,0.0,0.23076923076923078,0.09090909090909091,0.13333333333333333,0.0,0.0,0.0,1.0,0.0,0.0,0.0,0.0,0.0,0.0,1.0,0.0,0.0,0.0,0.0,0.0,0.0,0.0,0.0,0.0,0.0,0.0,0.0,1.0,0.0,0.0,0.0,0.0,0.0,0.0,0.0,0.0,0.0,0.0,0.0,0.0,0.0,0.0,1.0,0.0,0.0,0.0,1.0,0.0,0.0,1.0,0.0,0.0,0.0,1.0,0.0
0.375,1.0,0.5,0.0,0.789531298869577,0.4,0.0,0.5,0.5,1.0,1.0,0.0,0.3333333333333333,0.3333333333333333,0.0,0.0,0.7692307692307693,0.09090909090909091,0.9333333333333333,0.5,0.0,0.0,0.0,0.0,0.0,1.0,0.0,0.0,0.0,1.0,0.0,0.0,0.0,0.0,0.0,0.0,0.0,0.0,0.0,0.0,0.0,0.0,0.0,0.0,0.0,0.0,0.0,1.0,0.0,0.0,0.0,0.0,0.0,0.0,0.0,0.0,1.0,0.0,0.0,0.0,1.0,0.0,0.0,0.0,1.0,0.0,0.0,1.0,0.0,0.0
0.65625,1.0,1.0,1.0,0.8658013493588311,0.8,0.5,0.75,0.5,0.0,0.5,0.5,0.2222222222222222,0.6666666666666666,1.0,0.0,0.6923076923076923,0.5454545454545454,0.1,0.5,0.0,0.0,0.0,0.0,0.0,1.0,0.0,0.0,1.0,0.0,0.0,0.0,0.0,0.0,0.0,0.0,0.0,0.0,0.0,0.0,0.0,0.0,1.0,0.0,0.0,0.0,0.0,0.0,0.0,0.0,0.0,0.0,0.0,0.0,0.0,0.0,1.0,0.0,0.0,0.0,1.0,0.0,0.0,0.0,1.0,0.0,0.0,1.0,0.0,0.0
0.03125,1.0,0.5,1.0,0.40728743130333767,0.2,0.5,0.5,0.5,0.6666666666666666,0.0,0.0,0.2222222222222222,0.6666666666666666,0.0,0.0,0.5384615384615384,0.8181818181818182,0.9333333333333333,0.16666666666666666,0.0,0.0,1.0,0.0,0.0,0.0,0.0,0.0,0.0,0.0,1.0,0.0,0.0,0.0,0.0,0.0,0.0,0.0,0.0,0.0,0.0,0.0,0.0,0.0,0.0,0.0,0.0,1.0,0.0,0.0,0.0,0.0,0.0,0.0,0.0,0.0,0.0,1.0,0.0,0.0,1.0,0.0,1.0,0.0,0.0,0.0,0.0,0.0,0.0,1.0
0.25,0.0,0.5,0.0,0.4975202180420893,0.5,0.5,1.0,1.0,0.3333333333333333,1.0,0.0,0.8888888888888888,0.6666666666666666,1.0,0.0,0.07692307692307693,0.8181818181818182,0.5333333333333333,0.5,0.0,0.0,1.0,0.0,0.0,0.0,0.0,0.0,0.0,0.0,0.0,1.0,0.0,0.0,0.0,0.0,0.0,0.0,0.0,0.0,0.0,0.0,0.0,0.0,0.0,0.0,0.0,0.0,0.0,0.0,0.0,1.0,0.0,0.0,0.0,0.0,0.0,0.0,1.0,0.0,0.0,1.0,0.0,0.0,0.0,1.0,0.0,0.0,0.0,1.0
0.09375,1.0,0.0,0.0,0.6439613958268173,0.8,0.0,0.75,1.0,1.0,0.5,0.5,0.8888888888888888,1.0,1.0,1.0,0.23076923076923078,0.9090909090909091,0.1,0.0,0.0,0.0,1.0,0.0,0.0,0.0,0.0,0.0,0.0,1.0,0.0,0.0,0.0,0.0,0.0,0.0,0.0,0.0,0.0,0.0,1.0,0.0,0.0,0.0,0.0,0.0,0.0,0.0,0.0,0.0,0.0,0.0,0.0,0.0,0.0,0.0,0.0,0.0,1.0,1.0,0.0,0.0,0.0,0.0,1.0,0.0,0.0,0.0,0.0,1.0
0.59375,0.0,1.0,1.0,0.05629775255797327,1.0,0.5,1.0,1.0,0.3333333333333333,1.0,0.0,0.5555555555555556,0.0,1.0,1.0,0.0,0.9090909090909091,0.6666666666666666,0.5,0.0,0.0,0.0,0.0,0.0,1.0,0.0,0.0,1.0,0.0,0.0,0.0,0.0,0.0,0.0,0.0,0.0,0.0,0.0,0.0,0.0,0.0,0.0,0.0,0.0,0.0,0.0,0.0,1.0,0.0,0.0,0.0,0.0,0.0,0.0,0.0,0.0,1.0,0.0,1.0,0.0,0.0,0.0,0.0,0.0,0.0,1.0,0.0,1.0,0.0
0.15625,1.0,0.0,1.0,0.8366471560698807,1.0,0.25,0.75,1.0,0.3333333333333333,0.5,0.0,0.3333333333333333,1.0,1.0,1.0,0.8461538461538461,0.18181818181818182,0.8,0.0,0.0,0.0,0.0,0.0,0.0,1.0,0.0,0.0,0.0,1.0,0.0,0.0,0.0,0.0,0.0,0.0,0.0,0.0,0.0,0.0,0.0,0.0,0.0,0.0,0.0,0.0,0.0,0.0,0.0,1.0,0.0,0.0,0.0,0.0,0.0,0.0,0.0,0.0,1.0,1.0,0.0,0.0,0.0,0.0,0.0,1.0,0.0,1.0,0.0,0.0
0.875,0.0,1.0,0.0,0.48722130378446005,0.0,0.0,0.5,0.0,1.0,1.0,0.5,0.6666666666666666,0.0,0.0,0.0,0.8461538461538461,0.2727272727272727,0.6333333333333333,0.8333333333333334,0.0,0.0,0.0,0.0,0.0,1.0,0.0,0.0,0.0,1.0,0.0,0.0,0.0,0.0,0.0,0.0,0.0,0.0,0.0,0.0,0.0,0.0,0.0,0.0,0.0,0.0,0.0,0.0,0.0,0.0,0.0,0.0,1.0,0.0,0.0,0.0,1.0,0.0,0.0,1.0,0.0,0.0,0.0,0.0,1.0,0.0,0.0,0.0,0.0,1.0
0.53125,0.0,1.0,1.0,0.2680845359903489,0.8,1.0,0.5,0.0,0.3333333333333333,0.5,0.5,0.8888888888888888,0.3333333333333333,1.0,1.0,0.46153846153846156,0.2727272727272727,0.43333333333333335,1.0,0.0,0.0,1.0,0.0,0.0,0.0,0.0,0.0,1.0,0.0,0.0,0.0,0.0,0.0,0.0,0.0,0.0,0.0,0.0,0.0,0.0,0.0,0.0,1.0,0.0,0.0,0.0,0.0,0.0,0.0,0.0,0.0,0.0,0.0,0.0,0.0,0.0,1.0,0.0,1.0,0.0,0.0,0.0,1.0,0.0,0.0,0.0,0.0,1.0,0.0
0.46875,0.0,0.0,0.0,0.8787364282203656,0.8,1.0,0.75,0.0,0.3333333333333333,0.0,0.5,0.7777777777777778,0.6666666666666666,1.0,1.0,0.5384615384615384,0.45454545454545453,0.1,0.16666666666666666,0.0,0.0,0.0,0.0,0.0,0.0,1.0,0.0,0.0,0.0,0.0,1.0,1.0,0.0,0.0,0.0,0.0,0.0,0.0,0.0,0.0,0.0,0.0,0.0,0.0,0.0,0.0,0.0,0.0,0.0,0.0,0.0,0.0,0.0,0.0,0.0,0.0,0.0,1.0,1.0,0.0,0.0,0.0,0.0,0.0,0.0,1.0,0.0,0.0,1.0
0.90625,0.0,0.0,0.0,0.4566149859255618,0.3,1.0,0.0,1.0,1.0,1.0,0.5,0.0,0.3333333333333333,1.0,0.0,1.0,0.0,0.9,1.0,0.0,0.0,0.0,0.0,0.0,1.0,0.0,0.0,1.0,0.0,0.0,0.0,0.0,0.0,0.0,0.0,0.0,0.0,0.0,0.0,0.0,1.0,0.0,0.0,0.0,0.0,0.0,0.0,0.0,0.0,0.0,0.0,0.0,0.0,0.0,0.0,0.0,1.0,0.0,1.0,0.0,0.0,0.0,0.0,0.0,0.0,1.0,0.0,1.0,0.0
0.4375,1.0,0.5,1.0,0.41492784057906257,0.4,0.75,0.75,0.0,0.6666666666666666,1.0,1.0,0.1111111111111111,0.0,0.0,0.0,0.38461538461538464,0.36363636363636365,0.4666666666666667,0.3333333333333333,0.0,0.0,0.0,0.0,0.0,1.0,0.0,0.0,0.0,0.0,0.0,1.0,0.0,0.0,0.0,0.0,0.0,0.0,0.0,0.0,0.0,0.0,0.0,0.0,1.0,0.0,0.0,0.0,0.0,0.0,0.0,0.0,0.0,0.0,0.0,0.0,0.0,1.0,0.0,0.0,1.0,0.0,0.0,0.0,0.0,0.0,1.0,0.0,0.0,1.0
0.0625,0.0,0.5,1.0,0.3372950270318574,0.9,0.75,1.0,0.0,1.0,1.0,1.0,0.7777777777777778,0.3333333333333333,1.0,0.0,0.15384615384615385,0.5454545454545454,0.6,0.6666666666666666,0.0,0.0,0.0,0.0,0.0,1.0,0.0,0.0,0.0,0.0,0.0,1.0,0.0,0.0,0.0,0.0,0.0,0.0,0.0,0.0,1.0,0.0,0.0,0.0,0.0,0.0,0.0,0.0,0.0,0.0,0.0,0.0,0.0,0.0,0.0,0.0,0.0,1.0,0.0,0.0,0.0,1.0,0.0,0.0,0.0,1.0,0.0,0.0,1.0,0.0
0.59375,1.0,0.5,0.0,0.7591260444126715,0.4,0.5,0.25,0.0,0.6666666666666666,1.0,0.0,0.1111111111111111,1.0,0.0,0.0,0.38461538461538464,0.2727272727272727,0.4666666666666667,0.0,0.0,0.0,1.0,0.0,0.0,0.0,0.0,0.0,0.0,0.0,1.0,0.0,0.0,1.0,0.0,0.0,0.0,0.0,0.0,0.0,0.0,0.0,0.0,0.0,0.0,0.0,0.0,0.0,0.0,0.0,0.0,0.0,0.0,0.0,0.0,0.0,0.0,0.0,1.0,1.0,0.0,0.0,1.0,0.0,0.0,0.0,0.0,1.0,0.0,0.0
0.53125,1.0,1.0,1.0,0.8748045216925071,0.7,0.0,0.25,0.0,0.6666666666666666,0.5,0.5,0.1111111111111111,0.3333333333333333,0.0,0.0,0.9230769230769231,0.7272727272727273,0.3333333333333333,0.3333333333333333,0.0,0.0,0.0,0.0,0.0,0.0,1.0,0.0,1.0,0.0,0.0,0.0,0.0,0.0,0.0,0.0,0.0,1.0,0.0,0.0,0.0,0.0,0.0,0.0,0.0,0.0,0.0,0.0,0.0,0.0,0.0,0.0,0.0,0.0,0.0,0.0,0.0,1.0,0.0,0.0,0.0,1.0,0.0,0.0,0.0,0.0,1.0,1.0,0.0,0.0
0.0,0.0,0.0,1.0,0.08688173003887224,0.5,1.0,0.5,1.0,0.0,0.0,0.5,0.4444444444444444,0.3333333333333333,0.0,0.0,0.5384615384615384,0.18181818181818182,0.3,1.0,0.0,0.0,1.0,0.0,0.0,0.0,0.0,0.0,0.0,0.0,1.0,0.0,0.0,0.0,0.0,0.0,0.0,0.0,0.0,0.0,1.0,0.0,0.0,0.0,0.0,0.0,0.0,0.0,0.0,0.0,0.0,0.0,0.0,0.0,0.0,0.0,1.0,0.0,0.0,1.0,0.0,0.0,1.0,0.0,0.0,0.0,0.0,0.0,0.0,1.0
0.28125,0.0,0.0,1.0,0.25921540592466824,0.4,0.25,1.0,0.0,1.0,0.0,0.0,0.5555555555555556,0.3333333333333333,0.0,0.0,0.0,0.0,0.43333333333333335,1.0,0.0,0.0,0.0,0.0,0.0,1.0,0.0,0.0,0.0,0.0,0.0,1.0,0.0,0.0,0.0,0.0,0.0,0.0,0.0,0.0,0.0,0.0,0.0,0.0,0.0,0.0,0.0,0.0,0.0,0.0,0.0,0.0,0.0,1.0,0.0,0.0,0.0,1.0,0.0,1.0,0.0,0.0,0.0,0.0,0.0,1.0,0.0,0.0,1.0,0.0
0.34375,1.0,0.5,0.0,0.5553147759260085,1.0,0.75,1.0,0.5,1.0,0.5,0.0,0.8888888888888888,1.0,0.0,0.0,0.15384615384615385,0.36363636363636365,0.9333333333333333,0.3333333333333333,0.0,0.0,1.0,0.0,0.0,0.0,0.0,0.0,0.0,1.0,0.0,0.0,0.0,0.0,0.0,0.0,0.0,0.0,0.0,0.0,0.0,0.0,0.0,0.0,0.0,0.0,0.0,0.0,0.0,1.0,0.0,0.0,0.0,0.0,0.0,0.0,0.0,1.0,0.0,0.0,1.0,0.0,0.0,0.0,1.0,0.0,0.0,0.0,0.0,1.0
0.1875,1.0,1.0,1.0,0.7905366158795407,0.3,0.75,0.5,0.0,0.6666666666666666,0.0,1.0,0.6666666666666666,0.0,0.0,1.0,1.0,0.6363636363636364,1.0,0.8333333333333334,0.0,0.0,0.0,0.0,0.0,1.0,0.0,0.0,0.0,0.0,0.0,1.0,0.0,0.0,0.0,0.0,0.0,0.0,0.0,0.0,0.0,0.0,0.0,0.0,0.0,0.0,0.0,0.0,0.0,0.0,0.0,0.0,0.0,1.0,0.0,0.0,0.0,1.0,0.0,0.0,1.0,0.0,0.0,0.0,1.0,0.0,0.0,1.0,0.0,0.0
0.28125,1.0,0.5,1.0,0.657030516956347,0.8,0.5,0.0,1.0,0.3333333333333333,0.5,0.5,0.8888888888888888,1.0,1.0,1.0,1.0,1.0,0.7333333333333333,0.0,0.0,0.0,0.0,0.0,0.0,1.0,0.0,0.0,0.0,0.0,1.0,0.0,0.0,0.0,0.0,0.0,0.0,0.0,0.0,0.0,0.0,0.0,0.0,0.0,0.0,0.0,0.0,0.0,0.0,0.0,0.0,0.0,1.0,0.0,0.0,0.0,1.0,0.0,0.0,1.0,0.0,0.0,0.0,0.0,0.0,1.0,0.0,1.0,0.0,0.0
0.5,1.0,1.0,1.0,0.3733747375005585,0.8,0.25,0.25,1.0,0.0,1.0,0.0,0.7777777777777778,1.0,1.0,1.0,0.7692307692307693,0.0,0.5,0.16666666666666666,0.0,0.0,0.0,0.0,0.0,1.0,0.0,0.0,0.0,0.0,1.0,0.0,0.0,0.0,0.0,0.0,0.0,0.0,0.0,0.0,0.0,0.0,0.0,1.0,0.0,0.0,0.0,0.0,0.0,0.0,0.0,0.0,0.0,0.0,0.0,0.0,0.0,0.0,1.0,0.0,0.0,1.0,1.0,0.0,0.0,0.0,0.0,0.0,0.0,1.0
0.09375,0.0,0.5,0.0,0.8816183369822618,0.7,1.0,0.25,0.5,0.3333333333333333,0.5,0.5,0.2222222222222222,1.0,1.0,1.0,0.15384615384615385,0.18181818181818182,0.1,0.0,0.0,0.0,0.0,0.0,0.0,1.0,0.0,0.0,1.0,0.0,0.0,0.0,0.0,0.0,0.0,0.0,0.0,0.0,0.0,0.0,0.0,0.0,0.0,0.0,0.0,0.0,0.0,0.0,0.0,0.0,0.0,0.0,0.0,1.0,0.0,0.0,1.0,0.0,0.0,0.0,0.0,1.0,1.0,0.0,0.0,0.0,0.0,0.0,1.0,0.0
0.0,1.0,0.0,1.0,0.2256824985478754,0.1,0.25,0.75,0.5,0.6666666666666666,1.0,0.5,0.2222222222222222,0.0,0.0,1.0,0.7692307692307693,0.7272727272727273,0.7666666666666667,0.16666666666666666,0.0,0.0,0.0,0.0,0.0,1.0,0.0,0.0,0.0,0.0,0.0,1.0,0.0,0.0,0.0,0.0,0.0,0.0,0.0,0.0,0.0,0.0,0.0,0.0,0.0,1.0,0.0,0.0,0.0,0.0,0.0,0.0,0.0,0.0,0.0,0.0,1.0,0.0,0.0,0.0,1.0,0.0,0.0,0.0,0.0,1.0,0.0,1.0,0.0,0.0
1.0,1.0,0.0,1.0,0.16312944015012737,0.7,0.0,0.75,0.0,1.0,0.0,1.0,0.4444444444444444,1.0,0.0,1.0,0.6923076923076923,0.8181818181818182,0.2,0.0,0.0,1.0,0.0,0.0,0.0,0.0,0.0,0.0,0.0,1.0,0.0,0.0,0.0,0.0,0.0,0.0,0.0,0.0,1.0,0.0,0.0,0.0,0.0,0.0,0.0,0.0,0.0,0.0,0.0,0.0,0.0,0.0,0.0,0.0,0.0,0.0,0.0,0.0,1.0,0.0,1.0,0.0,0.0,1.0,0.0,0.0,0.0,0.0,1.0,0.0
0.40625,0.0,1.0,1.0,0.7145123095482776,0.0,0.5,0.5,0.0,0.3333333333333333,1.0,0.5,0.8888888888888888,0.3333333333333333,1.0,0.0,0.46153846153846156,0.18181818181818182,0.8,0.0,0.0,0.0,0.0,0.0,0.0,1.0,0.0,0.0,0.0,0.0,1.0,0.0,0.0,0.0,0.0,0.0,0.0,0.0,0.0,0.0,0.0,0.0,0.0,0.0,0.0,0.0,0.0,0.0,0.0,0.0,0.0,0.0,0.0,0.0,0.0,1.0,1.0,0.0,0.0,0.0,1.0,0.0,0.0,1.0,0.0,0.0,0.0,0.0,1.0,0.0
0.84375,1.0,1.0,1.0,0.22822930163978372,0.1,0.0,1.0,1.0,1.0,1.0,0.5,0.7777777777777778,0.0,0.0,0.0,0.7692307692307693,0.6363636363636364,0.6333333333333333,0.16666666666666666,0.0,0.0,0.0,0.0,0.0,1.0,0.0,0.0,0.0,1.0,0.0,0.0,0.0,0.0,1.0,0.0,0.0,0.0,0.0,0.0,0.0,0.0,0.0,0.0,0.0,0.0,0.0,0.0,0.0,0.0,0.0,0.0,0.0,0.0,0.0,0.0,1.0,0.0,0.0,0.0,0.0,1.0,0.0,0.0,1.0,0.0,0.0,1.0,0.0,0.0
0.34375,0.0,1.0,0.0,0.5474286224922925,0.2,0.0,0.0,0.0,1.0,0.5,0.5,1.0,0.3333333333333333,1.0,1.0,0.5384615384615384,1.0,0.2,0.8333333333333334,0.0,0.0,0.0,0.0,0.0,1.0,0.0,0.0,0.0,0.0,1.0,0.0,0.0,0.0,0.0,0.0,0.0,0.0,0.0,0.0,0.0,0.0,0.0,0.0,1.0,0.0,0.0,0.0,0.0,0.0,0.0,0.0,0.0,0.0,0.0,0.0,0.0,1.0,0.0,0.0,0.0,1.0,0.0,1.0,0.0,0.0,0.0,0.0,0.0,1.0
0.5625,1.0,0.0,0.0,0.6867432196952773,0.9,1.0,0.0,0.0,1.0,1.0,0.0,0.2222222222222222,1.0,0.0,0.0,0.7692307692307693,0.7272727272727273,0.06666666666666667,0.16666666666666666,0.0,0.0,0.0,0.0,0.0,1.0,0.0,0.0,0.0,0.0,0.0,1.0,0.0,0.0,0.0,0.0,0.0,0.0,0.0,0.0,0.0,0.0,0.0,0.0,0.0,0.0,0.0,0.0,0.0,0.0,1.0,0.0,0.0,0.0,0.0,0.0,0.0,1.0,0.0,1.0,0.0,0.0,0.0,1.0,0.0,0.0,0.0,0.0,0.0,1.0
0.28125,1.0,1.0,1.0,0.02879674724096332,1.0,1.0,0.0,0.0,1.0,0.0,1.0,0.0,0.0,0.0,1.0,0.38461538461538464,0.09090909090909091,0.26666666666666666,0.6666666666666666,0.0,0.0,1.0,0.0,0.0,0.0,0.0,0.0,0.0,0.0,0.0,1.0,0.0,0.0,0.0,0.0,0.0,0.0,0.0,0.0,0.0,0.0,0.0,0.0,0.0,0.0,0.0,1.0,0.0,0.0,0.0,0.0,0.0,0.0,0.0,0.0,0.0,1.0,0.0,1.0,0.0,0.0,0.0,0.0,0.0,0.0,1.0,0.0,1.0,0.0
0.1875,1.0,0.0,0.0,0.8239578213663374,0.1,0.0,1.0,1.0,1.0,0.0,1.0,1.0,0.6666666666666666,0.0,0.0,0.38461538461538464,0.18181818181818182,0.8666666666666667,0.3333333333333333,0.0,0.0,0.0,0.0,0.0,1.0,0.0,0.0,0.0,0.0,1.0,0.0,0.0,0.0,0.0,0.0,1.0,0.0,0.0,0.0,0.0,0.0,0.0,0.0,0.0,0.0,0.0,0.0,0.0,0.0,0.0,0.0,0.0,0.0,0.0,0.0,0.0,1.0,0.0,0.0,0.0,1.0,0.0,0.0,0.0,1.0,0.0,1.0,0.0,0.0
0.96875,1.0,0.0,0.0,0.9856798177025156,0.8,1.0,0.5,0.0,0.6666666666666666,1.0,0.5,0.0,0.3333333333333333,0.0,0.0,0.07692307692307693,1.0,0.9333333333333333,1.0,1.0,0.0,0.0,0.0,0.0,0.0,0.0,0.0,0.0,0.0,0.0,1.0,0.0,0.0,0.0,0.0,0.0,0.0,0.0,0.0,0.0,0.0,1.0,0.0,0.0,0.0,0.0,0.0,0.0,0.0,0.0,0.0,0.0,0.0,0.0,0.0,1.0,0.0,0.0,1.0,0.0,0.0,0.0,1.0,0.0,0.0,0.0,0.0,0.0,1.0
0.09375,0.0,0.0,1.0,0.14237522898887447,0.2,1.0,0.5,1.0,0.3333333333333333,0.0,0.5,0.8888888888888888,0.0,0.0,0.0,0.0,0.8181818181818182,0.6333333333333333,1.0,0.0,1.0,0.0,0.0,0.0,0.0,0.0,0.0,1.0,0.0,0.0,0.0,0.0,0.0,0.0,0.0,0.0,0.0,0.0,0.0,0.0,0.0,0.0,0.0,0.0,0.0,0.0,0.0,0.0,0.0,0.0,0.0,0.0,1.0,0.0,0.0,0.0,0.0,1.0,1.0,0.0,0.0,0.0,1.0,0.0,0.0,0.0,1.0,0.0,0.0
0.03125,0.0,1.0,1.0,0.7553505205308074,0.8,0.25,0.5,0.0,0.3333333333333333,1.0,0.0,0.7777777777777778,0.3333333333333333,0.0,0.0,0.38461538461538464,0.7272727272727273,0.06666666666666667,0.16666666666666666,0.0,0.0,1.0,0.0,0.0,0.0,0.0,0.0,0.0,1.0,0.0,0.0,0.0,0.0,0.0,0.0,0.0,0.0,0.0,0.0,0.0,0.0,0.0,0.0,0.0,0.0,0.0,0.0,0.0,1.0,0.0,0.0,0.0,0.0,0.0,0.0,0.0,1.0,0.0,1.0,0.0,0.0,0.0,0.0,0.0,1.0,0.0,0.0,1.0,0.0
0.15625,0.0,0.5,1.0,0.017001027657387962,0.5,0.0,1.0,0.0,0.3333333333333333,0.0,0.5,0.5555555555555556,0.3333333333333333,1.0,1.0,0.5384615384615384,0.18181818181818182,0.4,0.3333333333333333,0.0,0.0,1.0,0.0,0.0,0.0,0.0,0.0,0.0,1.0,0.0,0.0,0.0,0.0,0.0,0.0,0.0,0.0,0.0,0.0,0.0,0.0,0.0,0.0,0.0,0.0,0.0,0.0,0.0,1.0,0.0,0.0,0.0,0.0,0.0,0.0,1.0,0.0,0.0,0.0,1.0,0.0,0.0,0.0,0.0,0.0,1.0,0.0,0.0,1.0
0.3125,1.0,1.0,1.0,0.9250033510566998,0.0,1.0,0.0,0.0,0.3333333333333333,1.0,0.0,0.2222222222222222,0.3333333333333333,0.0,1.0,0.15384615384615385,0.09090909090909091,0.1,1.0,0.0,0.0,1.0,0.0,0.0,0.0,0.0,0.0,1.0,0.0,0.0,0.0,0.0,0.0,0.0,0.0,0.0,0.0,0.0,0.0,0.0,0.0,1.0,0.0,0.0,0.0,0.0,0.0,0.0,0.0,0.0,0.0,0.0,0.0,0.0,0.0,0.0,1.0,0.0,1.0,0.0,0.0,0.0,0.0,1.0,0.0,0.0,0.0,1.0,0.0
0.28125,1.0,1.0,1.0,0.14791564273267505,0.5,0.25,0.5,1.0,0.0,1.0,1.0,0.2222222222222222,0.3333333333333333,1.0,0.0,1.0,0.18181818181818182,1.0,1.0,0.0,0.0,1.0,0.0,0.0,0.0,0.0,0.0,1.0,0.0,0.0,0.0,0.0,0.0,0.0,0.0,0.0,0.0,0.0,0.0,0.0,0.0,0.0,0.0,0.0,1.0,0.0,0.0,0.0,0.0,0.0,0.0,0.0,0.0,0.0,0.0,0.0,1.0,0.0,1.0,0.0,0.0,0.0,0.0,1.0,0.0,0.0,0.0,1.0,0.0
0.90625,1.0,0.5,0.0,0.7730887806621688,0.6,0.5,0.5,0.5,0.0,1.0,1.0,0.3333333333333333,1.0,1.0,1.0,0.5384615384615384,0.5454545454545454,0.5333333333333333,0.3333333333333333,0.0,0.0,1.0,0.0,0.0,0.0,0.0,0.0,1.0,0.0,0.0,0.0,0.0,0.0,0.0,0.0,0.0,0.0,0.0,0.0,0.0,0.0,0.0,0.0,0.0,0.0,0.0,1.0,0.0,0.0,0.0,0.0,0.0,0.0,0.0,0.0,0.0,0.0,1.0,0.0,0.0,1.0,1.0,0.0,0.0,0.0,0.0,1.0,0.0,0.0
0.0625,1.0,1.0,0.0,0.7654707117644431,0.5,0.5,0.75,1.0,1.0,0.0,0.0,0.3333333333333333,1.0,1.0,1.0,0.8461538461538461,0.45454545454545453,0.5,1.0,1.0,0.0,0.0,0.0,0.0,0.0,0.0,0.0,0.0,0.0,0.0,1.0,0.0,0.0,0.0,0.0,0.0,0.0,0.0,0.0,0.0,0.0,0.0,0.0,0.0,0.0,0.0,0.0,0.0,0.0,0.0,1.0,0.0,0.0,0.0,0.0,0.0,1.0,0.0,0.0,0.0,1.0,0.0,1.0,0.0,0.0,0.0,0.0,1.0,0.0
0.25,1.0,1.0,1.0,0.14145927349090748,0.5,0.75,0.5,0.0,0.6666666666666666,0.0,0.5,1.0,1.0,1.0,1.0,0.38461538461538464,0.2727272727272727,0.4,0.8333333333333334,0.0,0.0,1.0,0.0,0.0,0.0,0.0,0.0,0.0,0.0,1.0,0.0,0.0,0.0,0.0,0.0,0.0,0.0,1.0,0.0,0.0,0.0,0.0,0.0,0.0,0.0,0.0,0.0,0.0,0.0,0.0,0.0,0.0,0.0,0.0,0.0,0.0,1.0,0.0,0.0,0.0,1.0,0.0,1.0,0.0,0.0,0.0,0.0,1.0,0.0
0.96875,1.0,0.5,0.0,0.132389080023234,0.2,0.75,0.75,0.5,0.0,1.0,0.5,0.4444444444444444,0.0,1.0,0.0,0.0,0.6363636363636364,0.36666666666666664,0.0,0.0,0.0,0.0,0.0,0.0,1.0,0.0,0.0,0.0,0.0,1.0,0.0,0.0,0.0,0.0,0.0,0.0,0.0,0.0,0.0,0.0,0.0,0.0,0.0,1.0,0.0,0.0,0.0,0.0,0.0,0.0,0.0,0.0,0.0,0.0,0.0,1.0,0.0,0.0,0.0,0.0,1.0,0.0,1.0,0.0,0.0,0.0,0.0,1.0,0.0
0.65625,1.0,1.0,1.0,0.5797774898351281,1.0,0.0,0.75,0.0,0.0,0.5,0.0,0.5555555555555556,0.0,1.0,0.0,0.15384615384615385,1.0,0.5333333333333333,0.16666666666666666,0.0,0.0,1.0,0.0,0.0,0.0,0.0,0.0,0.0,0.0,0.0,1.0,0.0,0.0,0.0,1.0,0.0,0.0,0.0,0.0,0.0,0.0,0.0,0.0,0.0,0.0,0.0,0.0,0.0,0.0,0.0,0.0,0.0,0.0,0.0,0.0,1.0,0.0,0.0,1.0,0.0,0.0,0.0,0.0,0.0,0.0,1.0,1.0,0.0,0.0
0.125,0.0,1.0,0.0,0.7426388454492651,0.1,0.75,1.0,0.0,0.6666666666666666,0.0,1.0,0.5555555555555556,0.0,0.0,0.0,0.46153846153846156,0.7272727272727273,0.8,0.3333333333333333,0.0,0.0,0.0,0.0,0.0,1.0,0.0,0.0,1.0,0.0,0.0,0.0,0.0,0.0,0.0,0.0,0.0,0.0,0.0,0.0,0.0,0.0,0.0,0.0,0.0,0.0,0.0,0.0,0.0,0.0,0.0,0.0,0.0,0.0,0.0,1.0,0.0,1.0,0.0,1.0,0.0,0.0,1.0,0.0,0.0,0.0,0.0,0.0,1.0,0.0
0.21875,1.0,0.0,0.0,0.8582056208391047,0.9,0.25,1.0,1.0,1.0,0.5,0.0,0.3333333333333333,0.6666666666666666,1.0,0.0,0.7692307692307693,0.45454545454545453,0.7666666666666667,0.0,0.0,0.0,0.0,0.0,0.0,1.0,0.0,0.0,0.0,0.0,1.0,0.0,0.0,0.0,0.0,0.0,0.0,0.0,0.0,0.0,0.0,0.0,0.0,0.0,1.0,0.0,0.0,0.0,0.0,0.0,0.0,0.0,0.0,0.0,0.0,0.0,1.0,0.0,0.0,0.0,1.0,0.0,0.0,0.0,0.0,1.0,0.0,1.0,0.0,0.0
0.375,0.0,0.5,0.0,0.9793798311067424,0.7,0.5,0.75,0.5,0.3333333333333333,0.5,1.0,0.3333333333333333,0.6666666666666666,1.0,0.0,0.9230769230769231,0.9090909090909091,0.5666666666666667,0.0,0.0,0.0,1.0,0.0,0.0,0.0,0.0,0.0,0.0,1.0,0.0,0.0,0.0,0.0,0.0,0.0,0.0,0.0,0.0,0.0,0.0,0.0,0.0,0.0,0.0,0.0,0.0,0.0,0.0,0.0,1.0,0.0,0.0,0.0,0.0,0.0,0.0,1.0,0.0,0.0,1.0,0.0,0.0,1.0,0.0,0.0,0.0,0.0,0.0,1.0
0.03125,1.0,0.5,1.0,0.5304499352129037,0.1,0.0,0.75,0.5,1.0,0.5,0.5,0.3333333333333333,0.6666666666666666,1.0,0.0,0.9230769230769231,0.6363636363636364,0.16666666666666666,0.16666666666666666,0.0,0.0,0.0,0.0,0.0,0.0,0.0,1.0,0.0,1.0,0.0,0.0,0.0,0.0,0.0,0.0,0.0,0.0,0.0,0.0,0.0,0.0,0.0,0.0,0.0,0.0,0.0,1.0,0.0,0.0,0.0,0.0,0.0,0.0,0.0,0.0,0.0,0.0,1.0,0.0,0.0,1.0,1.0,0.0,0.0,0.0,0.0,0.0,0.0,1.0
0.53125,1.0,1.0,0.0,0.12322952504356374,1.0,0.5,0.25,0.5,0.3333333333333333,0.0,0.5,0.0,0.6666666666666666,0.0,0.0,0.23076923076923078,0.7272727272727273,0.4666666666666667,1.0,0.0,0.0,0.0,0.0,0.0,1.0,0.0,0.0,1.0,0.0,0.0,0.0,0.0,0.0,0.0,0.0,0.0,1.0,0.0,0.0,0.0,0.0,0.0,0.0,0.0,0.0,0.0,0.0,0.0,0.0,0.0,0.0,0.0,0.0,0.0,0.0,0.0,1.0,0.0,0.0,0.0,1.0,1.0,0.0,0.0,0.0,0.0,1.0,0.0,0.0
0.84375,0.0,0.0,1.0,0.25175371967293686,0.1,0.5,1.0,0.5,1.0,0.5,1.0,1.0,1.0,1.0,0.0,0.46153846153846156,0.5454545454545454,0.23333333333333334,0.0,0.0,0.0,0.0,0.0,0.0,1.0,0.0,0.0,0.0,0.0,0.0,1.0,0.0,0.0,0.0,0.0,0.0,0.0,0.0,0.0,0.0,0.0,0.0,0.0,0.0,0.0,0.0,0.0,1.0,0.0,0.0,0.0,0.0,0.0,0.0,0.0,1.0,0.0,0.0,1.0,0.0,0.0,1.0,0.0,0.0,0.0,0.0,0.0,0.0,1.0
0.0625,1.0,0.0,1.0,0.8315312095080649,0.4,0.75,0.0,1.0,0.0,0.5,0.0,0.5555555555555556,0.3333333333333333,0.0,1.0,0.38461538461538464,0.8181818181818182,0.5333333333333333,0.5,0.0,0.0,0.0,0.0,0.0,1.0,0.0,0.0,0.0,0.0,1.0,0.0,0.0,0.0,0.0,0.0,0.0,0.0,0.0,0.0,0.0,1.0,0.0,0.0,0.0,0.0,0.0,0.0,0.0,0.0,0.0,0.0,0.0,0.0,0.0,0.0,0.0,1.0,0.0,1.0,0.0,0.0,0.0,0.0,1.0,0.0,0.0,0.0,1.0,0.0
0.9375,0.0,0.0,1.0,0.6942719270810063,0.8,0.0,0.75,0.5,0.6666666666666666,0.5,1.0,0.8888888888888888,1.0,1.0,1.0,0.9230769230769231,0.45454545454545453,0.5,1.0,0.0,0.0,0.0,0.0,0.0,1.0,0.0,0.0,1.0,0.0,0.0,0.0,0.0,0.0,0.0,0.0,0.0,0.0,0.0,0.0,0.0,1.0,0.0,0.0,0.0,0.0,0.0,0.0,0.0,0.0,0.0,0.0,0.0,0.0,0.0,0.0,0.0,0.0,1.0,0.0,0.0,1.0,1.0,0.0,0.0,0.0,0.0,1.0,0.0,0.0
0.15625,0.0,1.0,1.0,0.4917340601402975,0.0,0.75,0.25,0.0,0.0,0.5,0.5,0.7777777777777778,0.3333333333333333,1.0,0.0,0.9230769230769231,0.8181818181818182,0.9666666666666667,0.3333333333333333,0.0,0.0,0.0,0.0,0.0,1.0,0.0,0.0,0.0,0.0,1.0,0.0,0.0,0.0,0.0,0.0,0.0,0.0,0.0,0.0,0.0,0.0,0.0,0.0,0.0,0.0,1.0,0.0,0.0,0.0,0.0,0.0,0.0,0.0,0.0,0.0,1.0,0.0,0.0,0.0,0.0,1.0,0.0,0.0,0.0,1.0,0.0,0.0,0.0,1.0
0.96875,1.0,0.0,1.0,0.7183548545641393,0.9,0.0,1.0,1.0,0.0,1.0,0.5,0.7777777777777778,1.0,0.0,1.0,0.38461538461538464,0.6363636363636364,0.4,0.16666666666666666,0.0,0.0,1.0,0.0,0.0,0.0,0.0,0.0,0.0,0.0,0.0,1.0,0.0,0.0,0.0,0.0,0.0,0.0,0.0,0.0,0.0,0.0,0.0,0.0,0.0,0.0,0.0,0.0,0.0,0.0,0.0,0.0,0.0,0.0,1.0,0.0,1.0,0.0,0.0,0.0,1.0,0.0,0.0,0.0,0.0,0.0,1.0,1.0,0.0,0.0
0.15625,0.0,0.5,1.0,0.3527098878513024,0.1,0.0,0.0,1.0,0.6666666666666666,0.5,0.0,0.3333333333333333,0.0,1.0,0.0,0.0,0.7272727272727273,0.06666666666666667,0.16666666666666666,0.0,0.0,1.0,0.0,0.0,0.0,0.0,0.0,0.0,0.0,0.0,1.0,0.0,0.0,0.0,0.0,0.0,0.0,1.0,0.0,0.0,0.0,0.0,0.0,0.0,0.0,0.0,0.0,0.0,0.0,0.0,0.0,0.0,0.0,0.0,0.0,0.0,1.0,0.0,1.0,0.0,0.0,0.0,0.0,0.0,0.0,1.0,1.0,0.0,0.0
0.65625,0.0,0.0,1.0,0.2513515928689513,0.6,1.0,0.5,0.0,1.0,0.5,0.5,0.2222222222222222,0.0,0.0,1.0,0.5384615384615384,0.5454545454545454,0.0,0.0,0.0,0.0,0.0,0.0,0.0,1.0,0.0,0.0,0.0,0.0,0.0,1.0,0.0,0.0,0.0,0.0,0.0,0.0,0.0,0.0,0.0,1.0,0.0,0.0,0.0,0.0,0.0,0.0,0.0,0.0,0.0,0.0,0.0,0.0,0.0,0.0,0.0,0.0,1.0,0.0,1.0,0.0,0.0,0.0,0.0,0.0,1.0,0.0,1.0,0.0
0.84375,1.0,0.0,1.0,0.7020910593807248,0.5,0.75,0.0,0.0,0.3333333333333333,1.0,0.0,0.0,0.0,1.0,0.0,0.5384615384615384,0.36363636363636365,0.3333333333333333,0.8333333333333334,0.0,0.0,0.0,0.0,0.0,1.0,0.0,0.0,0.0,1.0,0.0,0.0,1.0,0.0,0.0,0.0,0.0,0.0,0.0,0.0,0.0,0.0,0.0,0.0,0.0,0.0,0.0,0.0,0.0,0.0,0.0,0.0,0.0,0.0,0.0,0.0,1.0,0.0,0.0,1.0,0.0,0.0,1.0,0.0,0.0,0.0,0.0,0.0,0.0,1.0
0.40625,1.0,1.0,1.0,0.20490594700862338,0.1,0.25,1.0,1.0,1.0,1.0,0.5,0.8888888888888888,0.0,1.0,0.0,0.5384615384615384,0.7272727272727273,0.9,0.8333333333333334,0.0,0.0,0.0,0.0,1.0,0.0,0.0,0.0,1.0,0.0,0.0,0.0,0.0,0.0,0.0,0.0,0.0,0.0,0.0,0.0,0.0,0.0,1.0,0.0,0.0,0.0,0.0,0.0,0.0,0.0,0.0,0.0,0.0,0.0,0.0,0.0,1.0,0.0,0.0,1.0,0.0,0.0,0.0,0.0,0.0,0.0,1.0,1.0,0.0,0.0
0.03125,0.0,0.5,1.0,0.8914034225459095,0.1,0.5,0.5,0.0,1.0,0.5,0.5,0.8888888888888888,0.0,1.0,1.0,0.15384615384615385,0.09090909090909091,0.5666666666666667,1.0,0.0,0.0,1.0,0.0,0.0,0.0,0.0,0.0,0.0,1.0,0.0,0.0,0.0,0.0,0.0,0.0,0.0,0.0,1.0,0.0,0.0,0.0,0.0,0.0,0.0,0.0,0.0,0.0,0.0,0.0,0.0,0.0,0.0,0.0,0.0,0.0,0.0,1.0,0.0,0.0,1.0,0.0,0.0,0.0,0.0,1.0,0.0,1.0,0.0,0.0
0.28125,0.0,0.5,1.0,0.4263661141146508,1.0,0.5,0.25,0.0,1.0,0.0,0.0,0.4444444444444444,1.0,1.0,0.0,0.07692307692307693,0.9090909090909091,0.9,0.5,0.0,0.0,0.0,0.0,0.0,1.0,0.0,0.0,0.0,0.0,1.0,0.0,0.0,0.0,0.0,0.0,0.0,0.0,0.0,0.0,0.0,1.0,0.0,0.0,0.0,0.0,0.0,0.0,0.0,0.0,0.0,0.0,0.0,0.0,0.0,0.0,0.0,1.0,0.0,0.0,0.0,1.0,0.0,0.0,0.0,0.0,1.0,1.0,0.0,0.0
0.4375,0.0,1.0,1.0,0.4446182029399937,0.3,0.0,0.75,1.0,0.3333333333333333,1.0,0.5,0.3333333333333333,0.3333333333333333,1.0,0.0,0.0,0.9090909090909091,0.4666666666666667,0.6666666666666666,0.0,1.0,0.0,0.0,0.0,0.0,0.0,0.0,1.0,0.0,0.0,0.0,0.0,0.0,0.0,0.0,0.0,1.0,0.0,0.0,0.0,0.0,0.0,0.0,0.0,0.0,0.0,0.0,0.0,0.0,0.0,0.0,0.0,0.0,0.0,0.0,0.0,1.0,0.0,1.0,0.0,0.0,1.0,0.0,0.0,0.0,0.0,0.0,1.0,0.0
0.1875,0.0,1.0,1.0,0.8636566730709084,0.5,0.25,0.75,0.0,1.0,0.5,0.0,0.6666666666666666,0.0,1.0,1.0,0.0,0.5454545454545454,0.7666666666666667,0.3333333333333333,0.0,0.0,0.0,0.0,0.0,1.0,0.0,0.0,0.0,1.0,0.0,0.0,0.0,0.0,0.0,0.0,0.0,0.0,0.0,0.0,0.0,0.0,0.0,0.0,0.0,1.0,0.0,0.0,0.0,0.0,0.0,0.0,0.0,0.0,0.0,0.0,0.0,1.0,0.0,0.0,0.0,1.0,1.0,0.0,0.0,0.0,0.0,0.0,1.0,0.0
0.125,0.0,1.0,1.0,0.5061882847057773,0.2,0.0,0.75,0.5,0.0,0.5,1.0,0.7777777777777778,0.3333333333333333,1.0,1.0,0.23076923076923078,0.0,0.8666666666666667,0.8333333333333334,0.0,0.0,0.0,0.0,0.0,1.0,0.0,0.0,0.0,1.0,0.0,0.0,0.0,0.0,0.0,0.0,0.0,0.0,0.0,0.0,0.0,0.0,1.0,0.0,0.0,0.0,0.0,0.0,0.0,0.0,0.0,0.0,0.0,0.0,0.0,0.0,0.0,1.0,0.0,0.0,1.0,0.0,0.0,1.0,0.0,0.0,0.0,0.0,1.0,0.0
0.875,1.0,0.0,0.0,0.8829364192842143,0.4,1.0,1.0,1.0,1.0,0.5,1.0,0.3333333333333333,1.0,0.0,1.0,0.9230769230769231,0.36363636363636365,0.4666666666666667,0.3333333333333333,0.0,0.0,0.0,0.0,0.0,1.0,0.0,0.0,0.0,0.0,1.0,0.0,0.0,0.0,0.0,0.0,0.0,0.0,1.0,0.0,0.0,0.0,0.0,0.0,0.0,0.0,0.0,0.0,0.0,0.0,0.0,0.0,0.0,0.0,0.0,0.0,0.0,0.0,1.0,0.0,1.0,0.0,0.0,0.0,1.0,0.0,0.0,0.0,1.0,0.0
0.59375,0.0,0.5,0.0,0.4291139806085519,0.4,0.25,0.75,0.0,1.0,0.5,0.5,0.6666666666666666,0.0,1.0,0.0,0.46153846153846156,0.0,0.6333333333333333,0.8333333333333334,0.0,0.0,1.0,0.0,0.0,0.0,0.0,0.0,0.0,1.0,0.0,0.0,0.0,0.0,0.0,0.0,0.0,0.0,0.0,0.0,0.0,0.0,0.0,0.0,0.0,0.0,0.0,0.0,0.0,0.0,0.0,0.0,1.0,0.0,0.0,0.0,0.0,1.0,0.0,0.0,1.0,0.0,0.0,0.0,0.0,1.0,0.0,1.0,0.0,0.0
0.5,1.0,0.5,1.0,0.7648898619364639,0.6,1.0,0.5,1.0,0.6666666666666666,0.5,0.0,0.2222222222222222,0.6666666666666666,0.0,1.0,0.0,0.2727272727272727,0.3333333333333333,0.5,0.0,0.0,0.0,0.0,0.0,1.0,0.0,0.0,0.0,0.0,1.0,0.0,0.0,0.0,0.0,0.0,0.0,0.0,0.0,0.0,0.0,0.0,0.0,0.0,0.0,0.0,0.0,0.0,0.0,0.0,0.0,0.0,0.0,0.0,0.0,1.0,0.0,0.0,1.0,0.0,0.0,1.0,1.0,0.0,0.0,0.0,0.0,0.0,0.0,1.0
0.4375,0.0,1.0,1.0,0.2611590188105983,0.0,0.5,1.0,0.5,0.0,0.0,1.0,0.1111111111111111,0.3333333333333333,1.0,0.0,0.9230769230769231,0.9090909090909091,0.3,1.0,0.0,0.0,0.0,0.0,0.0,1.0,0.0,0.0,0.0,0.0,1.0,0.0,0.0,0.0,0.0,0.0,0.0,0.0,0.0,0.0,0.0,0.0,1.0,0.0,0.0,0.0,0.0,0.0,0.0,0.0,0.0,0.0,0.0,0.0,0.0,0.0,0.0,0.0,1.0,1.0,0.0,0.0,0.0,0.0,0.0,1.0,0.0,0.0,1.0,0.0
0.8125,1.0,0.0,0.0,0.6110316786560029,0.0,0.75,0.25,0.0,0.0,0.5,0.5,0.5555555555555556,0.6666666666666666,0.0,0.0,1.0,0.2727272727272727,0.5666666666666667,0.5,0.0,0.0,0.0,0.0,0.0,1.0,0.0,0.0,1.0,0.0,0.0,0.0,0.0,0.0,0.0,0.0,0.0,0.0,0.0,0.0,0.0,1.0,0.0,0.0,0.0,0.0,0.0,0.0,0.0,0.0,0.0,0.0,0.0,0.0,0.0,0.0,1.0,0.0,0.0,1.0,0.0,0.0,0.0,0.0,0.0,0.0,1.0,1.0,0.0,0.0
0.1875,0.0,0.5,0.0,0.2425941646932666,0.9,1.0,0.75,0.0,0.6666666666666666,0.5,0.0,0.5555555555555556,1.0,0.0,1.0,0.07692307692307693,0.2727272727272727,0.7666666666666667,0.3333333333333333,0.0,0.0,1.0,0.0,0.0,0.0,0.0,0.0,1.0,0.0,0.0,0.0,0.0,0.0,0.0,0.0,0.0,0.0,0.0,0.0,0.0,0.0,0.0,0.0,0.0,0.0,0.0,0.0,0.0,1.0,0.0,0.0,0.0,0.0,0.0,0.0,0.0,1.0,0.0,0.0,0.0,1.0,0.0,0.0,0.0,0.0,1.0,1.0,0.0,0.0
0.125,0.0,1.0,0.0,0.6114114650819892,0.3,0.25,0.25,0.0,1.0,1.0,0.5,0.5555555555555556,0.6666666666666666,1.0,0.0,0.0,0.9090909090909091,0.6,0.16666666666666666,0.0,0.0,0.0,0.0,1.0,0.0,0.0,0.0,0.0,0.0,0.0,1.0,0.0,0.0,0.0,0.0,0.0,0.0,0.0,0.0,0.0,0.0,0.0,0.0,0.0,0.0,0.0,0.0,1.0,0.0,0.0,0.0,0.0,0.0,0.0,0.0,0.0,0.0,1.0,1.0,0.0,0.0,0.0,0.0,0.0,0.0,1.0,1.0,0.0,0.0
0.59375,1.0,0.0,1.0,0.3310397211920825,0.0,0.25,0.25,0.0,1.0,0.0,0.0,0.3333333333333333,0.3333333333333333,0.0,0.0,0.0,0.0,0.36666666666666664,0.6666666666666666,1.0,0.0,0.0,0.0,0.0,0.0,0.0,0.0,0.0,0.0,1.0,0.0,0.0,0.0,0.0,0.0,0.0,1.0,0.0,0.0,0.0,0.0,0.0,0.0,0.0,0.0,0.0,0.0,0.0,0.0,0.0,0.0,0.0,0.0,0.0,0.0,1.0,0.0,0.0,0.0,0.0,1.0,0.0,1.0,0.0,0.0,0.0,0.0,0.0,1.0
0.71875,0.0,1.0,1.0,0.5282829185469818,0.5,0.75,1.0,0.0,0.0,0.0,0.0,0.0,0.0,1.0,0.0,0.5384615384615384,0.18181818181818182,0.3333333333333333,0.0,0.0,0.0,1.0,0.0,0.0,0.0,0.0,0.0,1.0,0.0,0.0,0.0,0.0,0.0,0.0,0.0,0.0,1.0,0.0,0.0,0.0,0.0,0.0,0.0,0.0,0.0,0.0,0.0,0.0,0.0,0.0,0.0,0.0,0.0,0.0,0.0,1.0,0.0,0.0,0.0,0.0,1.0,0.0,0.0,1.0,0.0,0.0,0.0,1.0,0.0
0.4375,1.0,0.0,0.0,0.24916223582503016,0.5,1.0,0.5,0.5,0.0,1.0,1.0,0.5555555555555556,0.3333333333333333,0.0,0.0,0.46153846153846156,0.8181818181818182,0.3333333333333333,0.6666666666666666,0.0,0.0,0.0,0.0,0.0,1.0,0.0,0.0,1.0,0.0,0.0,0.0,0.0,0.0,0.0,0.0,0.0,0.0,0.0,0.0,0.0,0.0,0.0,0.0,0.0,0.0,0.0,0.0,0.0,0.0,1.0,0.0,0.0,0.0,0.0,0.0,1.0,0.0,0.0,0.0,1.0,0.0,0.0,0.0,0.0,0.0,1.0,1.0,0.0,0.0
0.59375,1.0,0.5,1.0,0.09441043742460122,0.4,1.0,1.0,0.0,0.6666666666666666,1.0,0.0,0.6666666666666666,0.3333333333333333,0.0,1.0,0.46153846153846156,1.0,0.4666666666666667,1.0,0.0,0.0,1.0,0.0,0.0,0.0,0.0,0.0,1.0,0.0,0.0,0.0,0.0,1.0,0.0,0.0,0.0,0.0,0.0,0.0,0.0,0.0,0.0,0.0,0.0,0.0,0.0,0.0,0.0,0.0,0.0,0.0,0.0,0.0,0.0,0.0,1.0,0.0,0.0,1.0,0.0,0.0,0.0,0.0,0.0,1.0,0.0,0.0,0.0,1.0
0.71875,0.0,0.0,0.0,0.2092846610964657,1.0,1.0,0.5,1.0,1.0,1.0,0.0,0.3333333333333333,0.3333333333333333,1.0,1.0,0.8461538461538461,0.45454545454545453,0.3333333333333333,0.16666666666666666,0.0,0.0,0.0,0.0,0.0,1.0,0.0,0.0,0.0,0.0,0.0,1.0,0.0,0.0,0.0,0.0,0.0,0.0,0.0,1.0,0.0,0.0,0.0,0.0,0.0,0.0,0.0,0.0,0.0,0.0,0.0,0.0,0.0,0.0,0.0,0.0,1.0,0.0,0.0,1.0,0.0,0.0,1.0,0.0,0.0,0.0,0.0,0.0,0.0,1.0
0.59375,1.0,0.0,1.0,0.452750100531701,1.0,0.25,1.0,0.0,0.0,1.0,0.0,0.8888888888888888,0.3333333333333333,0.0,1.0,0.38461538461538464,0.36363636363636365,0.23333333333333334,0.3333333333333333,0.0,0.0,1.0,0.0,0.0,0.0,0.0,0.0,0.0,0.0,1.0,0.0,0.0,0.0,0.0,0.0,1.0,0.0,0.0,0.0,0.0,0.0,0.0,0.0,0.0,0.0,0.0,0.0,0.0,0.0,0.0,0.0,0.0,0.0,0.0,0.0,1.0,0.0,0.0,0.0,0.0,1.0,0.0,1.0,0.0,0.0,0.0,1.0,0.0,0.0
0.78125,0.0,0.0,1.0,0.3550109467852196,1.0,0.0,0.25,0.5,0.6666666666666666,1.0,0.0,0.6666666666666666,0.6666666666666666,1.0,0.0,0.6153846153846154,0.8181818181818182,0.36666666666666664,0.8333333333333334,0.0,0.0,0.0,0.0,0.0,1.0,0.0,0.0,0.0,0.0,0.0,1.0,1.0,0.0,0.0,0.0,0.0,0.0,0.0,0.0,0.0,0.0,0.0,0.0,0.0,0.0,0.0,0.0,0.0,0.0,0.0,0.0,0.0,0.0,0.0,0.0,0.0,1.0,0.0,0.0,0.0,1.0,0.0,0.0,0.0,1.0,0.0,0.0,0.0,1.0
0.96875,1.0,0.0,0.0,0.8062865823689738,0.4,0.25,0.0,0.0,0.6666666666666666,0.5,1.0,0.6666666666666666,0.6666666666666666,1.0,0.0,0.8461538461538461,0.8181818181818182,0.13333333333333333,0.8333333333333334,0.0,0.0,0.0,0.0,0.0,1.0,0.0,0.0,0.0,0.0,1.0,0.0,0.0,0.0,1.0,0.0,0.0,0.0,0.0,0.0,0.0,0.0,0.0,0.0,0.0,0.0,0.0,0.0,0.0,0.0,0.0,0.0,0.0,0.0,0.0,0.0,0.0,1.0,0.0,0.0,0.0,1.0,0.0,0.0,0.0,0.0,1.0,1.0,0.0,0.0
0.28125,1.0,0.5,1.0,0.7535409499128726,0.0,0.0,1.0,0.5,1.0,1.0,0.5,0.1111111111111111,0.0,0.0,1.0,0.6923076923076923,0.9090909090909091,0.6,0.16666666666666666,0.0,0.0,1.0,0.0,0.0,0.0,0.0,0.0,0.0,0.0,1.0,0.0,0.0,0.0,0.0,0.0,0.0,0.0,0.0,1.0,0.0,0.0,0.0,0.0,0.0,0.0,0.0,0.0,0.0,0.0,0.0,0.0,0.0,0.0,0.0,0.0,0.0,0.0,1.0,0.0,0.0,1.0,0.0,0.0,0.0,0.0,1.0,0.0,0.0,1.0
0.71875,0.0,0.0,1.0,0.00015638264599437086,0.4,1.0,0.0,0.5,0.3333333333333333,0.5,0.5,0.7777777777777778,0.0,0.0,1.0,0.6153846153846154,0.0,0.36666666666666664,0.6666666666666666,0.0,0.0,0.0,0.0,0.0,1.0,0.0,0.0,0.0,0.0,0.0,1.0,0.0,0.0,0.0,0.0,0.0,0.0,0.0,0.0,0.0,0.0,0.0,1.0,0.0,0.0,0.0,0.0,0.0,0.0,0.0,0.0,0.0,0.0,0.0,0.0,0.0,0.0,1.0,0.0,0.0,1.0,0.0,0.0,1.0,0.0,0.0,0.0,0.0,1.0
0.46875,1.0,0.5,0.0,0.24375586434922475,0.0,0.25,0.0,0.5,1.0,1.0,1.0,0.7777777777777778,0.6666666666666666,1.0,1.0,0.6923076923076923,1.0,0.26666666666666666,0.0,0.0,0.0,0.0,0.0,0.0,1.0,0.0,0.0,1.0,0.0,0.0,0.0,0.0,0.0,0.0,0.0,0.0,0.0,0.0,0.0,0.0,0.0,0.0,0.0,0.0,0.0,0.0,0.0,0.0,0.0,0.0,1.0,0.0,0.0,0.0,0.0,1.0,0.0,0.0,0.0,0.0,1.0,1.0,0.0,0.0,0.0,0.0,0.0,1.0,0.0
0.875,0.0,1.0,0.0,0.0641615656136902,0.1,0.0,1.0,0.0,0.6666666666666666,0.5,1.0,0.6666666666666666,0.0,0.0,0.0,0.38461538461538464,0.0,0.4666666666666667,0.0,0.0,0.0,0.0,0.0,0.0,1.0,0.0,0.0,1.0,0.0,0.0,0.0,0.0,0.0,0.0,0.0,0.0,0.0,0.0,0.0,0.0,0.0,0.0,0.0,0.0,0.0,0.0,0.0,0.0,0.0,0.0,0.0,0.0,0.0,0.0,1.0,1.0,0.0,0.0,0.0,1.0,0.0,0.0,0.0,0.0,0.0,1.0,0.0,1.0,0.0
0.75,0.0,0.5,0.0,0.18017514856351372,0.2,0.75,0.75,1.0,0.0,0.5,0.5,0.5555555555555556,1.0,0.0,0.0,0.15384615384615385,0.9090909090909091,0.6666666666666666,0.5,0.0,0.0,1.0,0.0,0.0,0.0,0.0,0.0,0.0,1.0,0.0,0.0,0.0,0.0,0.0,0.0,0.0,0.0,0.0,0.0,0.0,0.0,0.0,0.0,0.0,0.0,0.0,0.0,0.0,0.0,0.0,0.0,0.0,0.0,0.0,1.0,1.0,0.0,0.0,0.0,1.0,0.0,0.0,0.0,1.0,0.0,0.0,1.0,0.0,0.0
0.28125,0.0,0.0,0.0,0.5563647736919708,1.0,0.25,1.0,0.15,0.3333333333333333,1.0,0.0,0.3333333333333333,0.3333333333333333,0.0,1.0,0.46153846153846156,0.5454545454545454,0.13333333333333333,0.6666666666666666,0.0,0.0,0.0,0.0,0.0,1.0,0.0,0.0,0.0,0.0,0.0,1.0,0.0,0.0,0.0,1.0,0.0,0.0,0.0,0.0,0.0,0.0,0.0,0.0,0.0,0.0,0.0,0.0,0.0,0.0,0.0,0.0,0.0,0.0,0.0,0.0,0.0,1.0,0.0,1.0,0.0,0.0,0.0,1.0,0.0,0.0,0.0,0.0,1.0,0.0
0.34375,1.0,0.5,0.0,0.6002189357043921,0.7,0.75,0.0,0.0,0.3333333333333333,0.0,0.5,0.5555555555555556,1.0,1.0,1.0,0.5384615384615384,0.9090909090909091,0.4666666666666667,0.6666666666666666,0.0,0.0,0.0,0.0,0.0,1.0,0.0,0.0,1.0,0.0,0.0,0.0,1.0,0.0,0.0,0.0,0.0,0.0,0.0,0.0,0.0,0.0,0.0,0.0,0.0,0.0,0.0,0.0,0.0,0.0,0.0,0.0,0.0,0.0,0.0,0.0,1.0,0.0,0.0,0.0,0.0,1.0,0.0,0.0,0.0,0.0,1.0,0.0,1.0,0.0
0.625,1.0,1.0,0.0,0.9511862740717574,0.6,1.0,0.25,0.5,0.0,0.5,1.0,1.0,1.0,0.0,1.0,0.15384615384615385,0.5454545454545454,0.16666666666666666,0.8333333333333334,0.0,0.0,0.0,0.0,0.0,1.0,0.0,0.0,0.0,0.0,1.0,0.0,0.0,0.0,0.0,0.0,0.0,0.0,1.0,0.0,0.0,0.0,0.0,0.0,0.0,0.0,0.0,0.0,0.0,0.0,0.0,0.0,0.0,0.0,0.0,0.0,0.0,0.0,1.0,1.0,0.0,0.0,0.0,0.0,0.0,0.0,1.0,1.0,0.0,0.0
0.09375,0.0,0.5,0.0,0.5591796613198695,0.7,0.25,0.0,1.0,1.0,0.0,1.0,0.7777777777777778,0.6666666666666666,0.0,1.0,0.9230769230769231,0.6363636363636364,0.7333333333333333,0.6666666666666666,0.0,0.0,0.0,0.0,0.0,1.0,0.0,0.0,0.0,0.0,0.0,1.0,0.0,0.0,0.0,0.0,0.0,0.0,0.0,0.0,0.0,1.0,0.0,0.0,0.0,0.0,0.0,0.0,0.0,0.0,0.0,0.0,0.0,0.0,0.0,0.0,0.0,1.0,0.0,0.0,1.0,0.0,0.0,0.0,0.0,1.0,0.0,1.0,0.0,0.0
0.0,0.0,0.5,0.0,0.7327643983736205,0.3,0.75,0.0,1.0,0.6666666666666666,0.5,1.0,0.4444444444444444,0.0,1.0,1.0,1.0,0.6363636363636364,0.9666666666666667,0.6666666666666666,0.0,0.0,0.0,0.0,0.0,1.0,0.0,0.0,0.0,0.0,1.0,0.0,0.0,0.0,0.0,0.0,0.0,0.0,1.0,0.0,0.0,0.0,0.0,0.0,0.0,0.0,0.0,0.0,0.0,0.0,0.0,0.0,0.0,0.0,0.0,0.0,0.0,0.0,1.0,1.0,0.0,0.0,0.0,0.0,0.0,1.0,0.0,1.0,0.0,0.0
0.8125,0.0,0.5,0.0,0.588914704436799,0.4,0.0,0.75,1.0,1.0,1.0,1.0,0.4444444444444444,0.3333333333333333,1.0,0.0,0.46153846153846156,0.18181818181818182,0.5,0.8333333333333334,0.0,0.0,0.0,0.0,0.0,0.0,1.0,0.0,0.0,0.0,1.0,0.0,0.0,0.0,0.0,0.0,0.0,0.0,0.0,0.0,0.0,0.0,0.0,0.0,0.0,0.0,0.0,0.0,0.0,1.0,0.0,0.0,0.0,0.0,0.0,0.0,0.0,0.0,1.0,0.0,1.0,0.0,0.0,1.0,0.0,0.0,0.0,0.0,0.0,1.0
0.125,0.0,0.0,1.0,0.35787051516911667,1.0,0.25,0.0,1.0,0.0,0.5,0.5,0.0,0.0,0.0,0.0,0.8461538461538461,0.6363636363636364,0.5333333333333333,0.8333333333333334,0.0,0.0,0.0,0.0,0.0,1.0,0.0,0.0,0.0,1.0,0.0,0.0,0.0,0.0,0.0,0.0,0.0,0.0,0.0,0.0,0.0,0.0,0.0,0.0,0.0,0.0,0.0,0.0,0.0,0.0,1.0,0.0,0.0,0.0,0.0,0.0,1.0,0.0,0.0,0.0,0.0,1.0,0.0,0.0,1.0,0.0,0.0,0.0,0.0,1.0
0.0,0.0,0.0,1.0,0.37431303337652466,0.2,0.5,0.0,1.0,0.3333333333333333,1.0,0.0,0.7777777777777778,1.0,0.0,0.0,0.8461538461538461,0.09090909090909091,0.8666666666666667,0.16666666666666666,0.0,0.0,1.0,0.0,0.0,0.0,0.0,0.0,1.0,0.0,0.0,0.0,0.0,0.0,0.0,0.0,0.0,0.0,0.0,1.0,0.0,0.0,0.0,0.0,0.0,0.0,0.0,0.0,0.0,0.0,0.0,0.0,0.0,0.0,0.0,0.0,0.0,1.0,0.0,0.0,1.0,0.0,0.0,0.0,1.0,0.0,0.0,0.0,0.0,1.0
0.1875,0.0,1.0,0.0,0.8343460971359636,0.3,0.75,0.75,0.5,0.0,0.0,1.0,0.3333333333333333,0.6666666666666666,0.0,1.0,0.3076923076923077,0.09090909090909091,0.43333333333333335,0.3333333333333333,0.0,0.0,1.0,0.0,0.0,0.0,0.0,0.0,0.0,0.0,0.0,1.0,1.0,0.0,0.0,0.0,0.0,0.0,0.0,0.0,0.0,0.0,0.0,0.0,0.0,0.0,0.0,0.0,0.0,0.0,0.0,0.0,0.0,0.0,0.0,0.0,0.0,1.0,0.0,0.0,1.0,0.0,0.0,0.0,1.0,0.0,0.0,1.0,0.0,0.0
0.3125,1.0,0.0,0.0,0.8490237254814352,0.9,0.0,0.5,0.5,0.3333333333333333,0.5,0.0,0.7777777777777778,1.0,1.0,0.0,0.38461538461538464,0.45454545454545453,0.7666666666666667,0.0,0.0,0.0,0.0,0.0,0.0,1.0,0.0,0.0,1.0,0.0,0.0,0.0,0.0,0.0,0.0,0.0,0.0,0.0,0.0,0.0,0.0,0.0,0.0,0.0,0.0,0.0,0.0,0.0,1.0,0.0,0.0,0.0,0.0,0.0,0.0,0.0,0.0,0.0,1.0,0.0,0.0,1.0,0.0,1.0,0.0,0.0,0.0,0.0,1.0,0.0
0.1875,1.0,0.5,0.0,0.250748402662973,0.9,0.0,0.25,1.0,1.0,1.0,0.5,0.7777777777777778,0.3333333333333333,0.0,1.0,1.0,0.5454545454545454,0.6666666666666666,1.0,0.0,0.0,0.0,0.0,0.0,1.0,0.0,0.0,0.0,0.0,1.0,0.0,0.0,0.0,0.0,0.0,0.0,0.0,0.0,0.0,0.0,0.0,0.0,0.0,0.0,0.0,0.0,0.0,0.0,1.0,0.0,0.0,0.0,0.0,0.0,0.0,1.0,0.0,0.0,1.0,0.0,0.0,1.0,0.0,0.0,0.0,0.0,1.0,0.0,0.0
0.6875,0.0,1.0,1.0,0.3551449890532148,0.0,0.5,0.0,0.5,0.0,0.0,0.0,0.0,0.6666666666666666,0.0,1.0,0.5384615384615384,0.45454545454545453,0.9666666666666667,1.0,0.0,0.0,1.0,0.0,0.0,0.0,0.0,0.0,0.0,1.0,0.0,0.0,0.0,0.0,0.0,0.0,0.0,0.0,0.0,0.0,0.0,0.0,0.0,0.0,1.0,0.0,0.0,0.0,0.0,0.0,0.0,0.0,0.0,0.0,0.0,0.0,0.0,0.0,1.0,0.0,1.0,0.0,0.0,0.0,0.0,1.0,0.0,1.0,0.0,0.0
1.0,1.0,0.5,0.0,0.10558062642419909,0.0,1.0,1.0,0.5,0.3333333333333333,0.5,0.0,1.0,0.0,1.0,0.0,0.0,0.8181818181818182,0.06666666666666667,0.5,0.0,0.0,0.0,0.0,0.0,1.0,0.0,0.0,0.0,0.0,0.0,1.0,0.0,0.0,0.0,1.0,0.0,0.0,0.0,0.0,0.0,0.0,0.0,0.0,0.0,0.0,0.0,0.0,0.0,0.0,0.0,0.0,0.0,0.0,0.0,0.0,1.0,0.0,0.0,1.0,0.0,0.0,0.0,1.0,0.0,0.0,0.0,0.0,1.0,0.0
0.96875,0.0,1.0,1.0,0.3167865600285956,0.7,0.25,1.0,1.0,0.6666666666666666,1.0,0.0,0.1111111111111111,0.6666666666666666,1.0,0.0,0.6153846153846154,0.6363636363636364,0.7333333333333333,0.6666666666666666,0.0,0.0,0.0,0.0,0.0,1.0,0.0,0.0,0.0,0.0,0.0,1.0,0.0,0.0,0.0,0.0,1.0,0.0,0.0,0.0,0.0,0.0,0.0,0.0,0.0,0.0,0.0,0.0,0.0,0.0,0.0,0.0,0.0,0.0,0.0,0.0,0.0,1.0,0.0,0.0,1.0,0.0,0.0,1.0,0.0,0.0,0.0,0.0,0.0,1.0
0.53125,0.0,1.0,0.0,0.22586122157186897,0.6,0.5,0.75,0.0,0.6666666666666666,0.0,0.5,1.0,0.0,0.0,0.0,0.0,0.0,0.4,0.8333333333333334,0.0,0.0,0.0,0.0,0.0,1.0,0.0,0.0,0.0,0.0,0.0,1.0,0.0,0.0,0.0,0.0,0.0,0.0,1.0,0.0,0.0,0.0,0.0,0.0,0.0,0.0,0.0,0.0,0.0,0.0,0.0,0.0,0.0,0.0,0.0,0.0,0.0,0.0,1.0,0.0,0.0,1.0,0.0,0.0,1.0,0.0,0.0,0.0,1.0,0.0
0.21875,1.0,0.0,0.0,0.42127250793083415,0.6,0.0,0.75,0.5,0.6666666666666666,0.5,1.0,0.4444444444444444,0.6666666666666666,0.0,1.0,0.6923076923076923,0.9090909090909091,0.23333333333333334,0.6666666666666666,0.0,0.0,1.0,0.0,0.0,0.0,0.0,0.0,0.0,1.0,0.0,0.0,0.0,0.0,0.0,0.0,0.0,0.0,0.0,0.0,1.0,0.0,0.0,0.0,0.0,0.0,0.0,0.0,0.0,0.0,0.0,0.0,0.0,0.0,0.0,0.0,0.0,0.0,1.0,0.0,0.0,1.0,0.0,0.0,0.0,1.0,0.0,0.0,1.0,0.0
0.6875,1.0,0.0,1.0,0.5707072963674545,0.2,0.5,1.0,0.5,0.6666666666666666,0.5,0.0,0.5555555555555556,0.6666666666666666,0.0,1.0,0.5384615384615384,0.0,0.9333333333333333,0.0,0.0,0.0,1.0,0.0,0.0,0.0,0.0,0.0,0.0,0.0,0.0,1.0,0.0,0.0,0.0,0.0,0.0,0.0,0.0,0.0,0.0,0.0,0.0,0.0,0.0,0.0,0.0,0.0,0.0,1.0,0.0,0.0,0.0,0.0,0.0,0.0,1.0,0.0,0.0,0.0,0.0,1.0,0.0,0.0,0.0,0.0,1.0,1.0,0.0,0.0
0.6875,1.0,1.0,1.0,0.7141548635002904,0.9,0.0,0.25,0.5,0.0,0.0,0.5,0.0,1.0,1.0,1.0,0.6153846153846154,0.18181818181818182,0.1,0.0,0.0,0.0,1.0,0.0,0.0,0.0,0.0,0.0,0.0,0.0,0.0,1.0,0.0,0.0,0.0,0.0,0.0,0.0,1.0,0.0,0.0,0.0,0.0,0.0,0.0,0.0,0.0,0.0,0.0,0.0,0.0,0.0,0.0,0.0,0.0,0.0,1.0,0.0,0.0,1.0,0.0,0.0,0.0,0.0,0.0,1.0,0.0,0.0,1.0,0.0
1.0,0.0,0.5,0.0,0.6609847638622045,0.4,1.0,0.0,0.5,1.0,0.5,0.0,0.8888888888888888,0.3333333333333333,0.0,0.0,0.46153846153846156,0.45454545454545453,0.06666666666666667,0.0,0.0,0.0,0.0,0.0,0.0,1.0,0.0,0.0,0.0,0.0,1.0,0.0,0.0,1.0,0.0,0.0,0.0,0.0,0.0,0.0,0.0,0.0,0.0,0.0,0.0,0.0,0.0,0.0,0.0,0.0,0.0,0.0,0.0,0.0,0.0,0.0,0.0,1.0,0.0,0.0,0.0,1.0,0.0,0.0,0.0,1.0,0.0,1.0,0.0,0.0
0.1875,0.0,0.0,0.0,0.5404807649345427,0.3,0.0,0.0,0.5,0.0,0.5,1.0,1.0,0.6666666666666666,1.0,0.0,0.0,1.0,0.16666666666666666,0.6666666666666666,0.0,0.0,0.0,0.0,0.0,1.0,0.0,0.0,0.0,0.0,1.0,0.0,0.0,0.0,0.0,0.0,0.0,0.0,0.0,0.0,0.0,0.0,0.0,0.0,0.0,0.0,0.0,0.0,0.0,0.0,0.0,0.0,1.0,0.0,0.0,0.0,1.0,0.0,0.0,0.0,0.0,1.0,0.0,1.0,0.0,0.0,0.0,0.0,0.0,1.0
0.375,0.0,0.5,1.0,0.11661677315580178,1.0,0.25,0.0,0.5,0.6666666666666666,1.0,0.5,1.0,0.0,1.0,0.0,0.9230769230769231,0.18181818181818182,0.8333333333333334,0.16666666666666666,0.0,0.0,1.0,0.0,0.0,0.0,0.0,0.0,0.0,1.0,0.0,0.0,0.0,0.0,0.0,0.0,0.0,0.0,0.0,0.0,0.0,0.0,0.0,0.0,0.0,0.0,0.0,0.0,0.0,0.0,0.0,0.0,0.0,0.0,0.0,1.0,0.0,1.0,0.0,1.0,0.0,0.0,0.0,0.0,0.0,0.0,1.0,1.0,0.0,0.0
0.4375,1.0,0.5,0.0,0.5206871900272552,0.2,0.25,0.75,0.6,0.0,0.5,0.0,0.5555555555555556,0.0,1.0,0.0,0.6923076923076923,0.6363636363636364,0.26666666666666666,0.6666666666666666,0.0,0.0,1.0,0.0,0.0,0.0,0.0,0.0,0.0,0.0,0.0,1.0,0.0,0.0,0.0,0.0,0.0,0.0,0.0,0.0,0.0,0.0,0.0,0.0,0.0,1.0,0.0,0.0,0.0,0.0,0.0,0.0,0.0,0.0,0.0,0.0,0.0,1.0,0.0,0.0,1.0,0.0,0.0,0.0,1.0,0.0,0.0,1.0,0.0,0.0
0.9375,1.0,0.0,0.0,0.0016308475939412824,0.0,0.0,0.5,1.0,1.0,0.0,0.0,0.0,1.0,1.0,0.0,0.3076923076923077,0.36363636363636365,0.5333333333333333,0.6666666666666666,0.0,0.0,1.0,0.0,0.0,0.0,0.0,0.0,0.0,0.0,0.0,1.0,0.0,0.0,0.0,1.0,0.0,0.0,0.0,0.0,0.0,0.0,0.0,0.0,0.0,0.0,0.0,0.0,0.0,0.0,0.0,0.0,0.0,0.0,0.0,0.0,1.0,0.0,0.0,0.0,0.0,1.0,0.0,0.0,0.0,1.0,0.0,0.0,1.0,0.0
0.8125,1.0,0.5,1.0,0.7930610785934498,1.0,0.0,0.5,0.5,0.3333333333333333,1.0,1.0,1.0,0.3333333333333333,1.0,1.0,1.0,0.09090909090909091,0.5333333333333333,0.8333333333333334,0.0,0.0,1.0,0.0,0.0,0.0,0.0,0.0,0.0,1.0,0.0,0.0,0.0,0.0,0.0,0.0,0.0,0.0,0.0,0.0,0.0,0.0,0.0,0.0,0.0,0.0,0.0,0.0,1.0,0.0,0.0,0.0,0.0,0.0,0.0,0.0,0.0,0.0,1.0,0.0,0.0,1.0,0.0,1.0,0.0,0.0,0.0,0.0,0.0,1.0
0.03125,1.0,1.0,0.0,0.5831508869130066,0.9,0.0,0.75,1.0,0.3333333333333333,0.5,1.0,1.0,0.6666666666666666,1.0,0.0,0.7692307692307693,0.0,0.5333333333333333,0.3333333333333333,0.0,0.0,1.0,0.0,0.0,0.0,0.0,0.0,0.0,0.0,0.0,1.0,0.0,0.0,0.0,0.0,0.0,0.0,0.0,0.0,0.0,0.0,1.0,0.0,0.0,0.0,0.0,0.0,0.0,0.0,0.0,0.0,0.0,0.0,0.0,0.0,0.0,1.0,0.0,0.0,1.0,0.0,0.0,0.0,0.0,0.0,1.0,1.0,0.0,0.0
0.65625,0.0,0.5,1.0,0.5422456547964791,0.7,0.75,0.75,0.5,0.6666666666666666,1.0,0.0,0.4444444444444444,0.0,0.0,1.0,0.46153846153846156,0.5454545454545454,0.13333333333333333,0.6666666666666666,0.0,0.0,0.0,0.0,0.0,1.0,0.0,0.0,0.0,0.0,0.0,1.0,0.0,0.0,0.0,0.0,0.0,1.0,0.0,0.0,0.0,0.0,0.0,0.0,0.0,0.0,0.0,0.0,0.0,0.0,0.0,0.0,0.0,0.0,0.0,0.0,1.0,0.0,0.0,1.0,0.0,0.0,1.0,0.0,0.0,0.0,0.0,0.0,0.0,1.0
0.53125,1.0,0.5,0.0,0.8216791028104196,0.4,0.75,0.75,1.0,0.3333333333333333,0.5,1.0,0.1111111111111111,1.0,0.0,1.0,0.15384615384615385,0.36363636363636365,0.0,0.3333333333333333,0.0,0.0,1.0,0.0,0.0,0.0,0.0,0.0,0.0,0.0,1.0,0.0,0.0,0.0,1.0,0.0,0.0,0.0,0.0,0.0,0.0,0.0,0.0,0.0,0.0,0.0,0.0,0.0,0.0,0.0,0.0,0.0,0.0,0.0,0.0,0.0,0.0,0.0,1.0,1.0,0.0,0.0,0.0,1.0,0.0,0.0,0.0,0.0,0.0,1.0
0.65625,0.0,1.0,0.0,0.0766721772932398,0.7,1.0,0.75,0.5,0.6666666666666666,0.0,0.0,0.8888888888888888,1.0,1.0,1.0,0.5384615384615384,0.8181818181818182,0.16666666666666666,1.0,0.0,0.0,0.0,0.0,0.0,1.0,0.0,0.0,0.0,0.0,1.0,0.0,0.0,0.0,0.0,0.0,0.0,0.0,0.0,0.0,0.0,0.0,0.0,1.0,0.0,0.0,0.0,0.0,0.0,0.0,0.0,0.0,0.0,0.0,0.0,0.0,1.0,0.0,0.0,0.0,1.0,0.0,0.0,1.0,0.0,0.0,0.0,1.0,0.0,0.0
0.40625,0.0,1.0,1.0,0.255194137884813,0.2,0.75,0.75,1.0,1.0,0.5,1.0,0.1111111111111111,0.3333333333333333,1.0,1.0,0.38461538461538464,0.5454545454545454,0.5666666666666667,0.5,0.0,0.0,0.0,0.0,0.0,1.0,0.0,0.0,0.0,1.0,0.0,0.0,0.0,0.0,0.0,0.0,0.0,0.0,0.0,0.0,0.0,0.0,0.0,0.0,0.0,0.0,0.0,0.0,0.0,1.0,0.0,0.0,0.0,0.0,0.0,0.0,1.0,0.0,0.0,1.0,0.0,0.0,0.0,0.0,0.0,0.0,1.0,1.0,0.0,0.0
0.625,1.0,0.5,0.0,0.08625619945489475,0.9,0.0,0.0,0.15,0.3333333333333333,0.5,0.5,0.2222222222222222,1.0,1.0,0.0,0.8461538461538461,0.2727272727272727,0.7333333333333333,0.16666666666666666,0.0,0.0,1.0,0.0,0.0,0.0,0.0,0.0,0.0,0.0,0.0,1.0,0.0,0.0,0.0,0.0,0.0,0.0,0.0,0.0,0.0,0.0,1.0,0.0,0.0,0.0,0.0,0.0,0.0,0.0,0.0,0.0,0.0,0.0,0.0,0.0,0.0,0.0,1.0,1.0,0.0,0.0,0.0,0.0,0.0,1.0,0.0,0.0,1.0,0.0
0.46875,0.0,0.0,1.0,0.7540994593628524,0.0,0.5,0.0,0.5,1.0,0.0,0.0,0.6666666666666666,0.0,0.0,0.0,0.3076923076923077,0.2727272727272727,0.03333333333333333,0.16666666666666666,0.0,0.0,0.0,0.0,0.0,1.0,0.0,0.0,0.0,1.0,0.0,0.0,0.0,0.0,0.0,0.0,0.0,1.0,0.0,0.0,0.0,0.0,0.0,0.0,0.0,0.0,0.0,0.0,0.0,0.0,0.0,0.0,0.0,0.0,0.0,0.0,0.0,1.0,0.0,0.0,1.0,0.0,0.0,1.0,0.0,0.0,0.0,0.0,1.0,0.0
0.46875,0.0,1.0,0.0,0.1250614360394978,0.3,0.5,0.75,0.65,0.6666666666666666,1.0,1.0,1.0,0.0,0.0,1.0,1.0,0.7272727272727273,0.6333333333333333,0.6666666666666666,0.0,0.0,0.0,0.0,0.0,1.0,0.0,0.0,1.0,0.0,0.0,0.0,0.0,0.0,0.0,0.0,0.0,0.0,0.0,0.0,0.0,0.0,0.0,0.0,0.0,0.0,0.0,1.0,0.0,0.0,0.0,0.0,0.0,0.0,0.0,0.0,0.0,0.0,1.0,1.0,0.0,0.0,0.0,0.0,0.0,0.0,1.0,0.0,0.0,1.0
0.75,0.0,0.5,1.0,0.5595147669898575,0.8,0.75,0.5,1.0,0.0,1.0,1.0,0.8888888888888888,0.6666666666666666,0.0,0.0,0.0,0.5454545454545454,0.8333333333333334,0.6666666666666666,1.0,0.0,0.0,0.0,0.0,0.0,0.0,0.0,0.0,1.0,0.0,0.0,0.0,0.0,0.0,0.0,0.0,0.0,0.0,0.0,0.0,0.0,0.0,0.0,0.0,0.0,0.0,0.0,0.0,0.0,0.0,1.0,0.0,0.0,0.0,0.0,0.0,0.0,1.0,0.0,0.0,1.0,1.0,0.0,0.0,0.0,0.0,0.0,0.0,1.0
0.96875,0.0,0.0,1.0,0.02457441579911532,0.4,0.25,1.0,0.5,0.3333333333333333,1.0,1.0,0.6666666666666666,0.3333333333333333,0.0,0.0,0.8461538461538461,0.8181818181818182,0.06666666666666667,0.5,0.0,0.0,0.0,0.0,0.0,1.0,0.0,0.0,1.0,0.0,0.0,0.0,0.0,0.0,0.0,0.0,0.0,0.0,0.0,0.0,0.0,0.0,0.0,0.0,0.0,0.0,1.0,0.0,0.0,0.0,0.0,0.0,0.0,0.0,0.0,0.0,0.0,1.0,0.0,0.0,0.0,1.0,1.0,0.0,0.0,0.0,0.0,0.0,1.0,0.0
0.875,0.0,0.0,1.0,0.07287431303337652,0.9,0.0,1.0,0.5,0.6666666666666666,1.0,0.5,0.5555555555555556,0.3333333333333333,1.0,1.0,0.0,0.09090909090909091,0.8666666666666667,0.16666666666666666,0.0,0.0,0.0,0.0,0.0,0.0,1.0,0.0,1.0,0.0,0.0,0.0,0.0,0.0,0.0,0.0,0.0,0.0,0.0,0.0,0.0,0.0,0.0,0.0,0.0,0.0,0.0,0.0,0.0,0.0,0.0,0.0,0.0,1.0,0.0,0.0,1.0,0.0,0.0,1.0,0.0,0.0,0.0,0.0,1.0,0.0,0.0,1.0,0.0,0.0
0.75,1.0,0.5,0.0,0.8067110495509584,0.2,0.0,0.5,0.5,1.0,0.5,0.5,0.0,1.0,1.0,1.0,0.0,0.2727272727272727,0.23333333333333334,0.0,0.0,0.0,0.0,0.0,0.0,1.0,0.0,0.0,0.0,0.0,1.0,0.0,0.0,0.0,0.0,0.0,1.0,0.0,0.0,0.0,0.0,0.0,0.0,0.0,0.0,0.0,0.0,0.0,0.0,0.0,0.0,0.0,0.0,0.0,0.0,0.0,0.0,1.0,0.0,0.0,1.0,0.0,1.0,0.0,0.0,0.0,0.0,0.0,0.0,1.0
0.8125,0.0,1.0,1.0,0.14346990751083508,0.1,0.75,0.5,0.5,1.0,0.5,0.0,0.3333333333333333,0.0,1.0,1.0,0.23076923076923078,0.6363636363636364,0.7333333333333333,0.6666666666666666,0.0,0.0,1.0,0.0,0.0,0.0,0.0,0.0,0.0,1.0,0.0,0.0,0.0,0.0,0.0,0.0,0.0,0.0,0.0,0.0,0.0,0.0,0.0,0.0,0.0,0.0,0.0,0.0,1.0,0.0,0.0,0.0,0.0,0.0,0.0,0.0,1.0,0.0,0.0,1.0,0.0,0.0,0.0,0.0,0.0,1.0,0.0,0.0,0.0,1.0
0.46875,1.0,1.0,0.0,0.8661587954068184,0.9,0.5,0.25,1.0,0.6666666666666666,1.0,0.0,0.3333333333333333,0.3333333333333333,1.0,0.0,0.23076923076923078,0.7272727272727273,0.3,0.16666666666666666,0.0,0.0,1.0,0.0,0.0,0.0,0.0,0.0,1.0,0.0,0.0,0.0,0.0,0.0,0.0,0.0,0.0,0.0,0.0,0.0,0.0,0.0,0.0,0.0,0.0,0.0,0.0,1.0,0.0,0.0,0.0,0.0,0.0,0.0,0.0,0.0,0.0,0.0,1.0,0.0,0.0,1.0,1.0,0.0,0.0,0.0,0.0,1.0,0.0,0.0
0.5625,0.0,1.0,0.0,0.31111210401679995,0.0,0.25,0.5,0.5,1.0,0.5,0.0,0.2222222222222222,0.6666666666666666,1.0,0.0,0.5384615384615384,0.18181818181818182,0.16666666666666666,0.3333333333333333,0.0,0.0,0.0,0.0,0.0,1.0,0.0,0.0,0.0,0.0,0.0,1.0,0.0,0.0,0.0,0.0,0.0,0.0,0.0,0.0,0.0,0.0,0.0,0.0,0.0,0.0,0.0,0.0,1.0,0.0,0.0,0.0,0.0,0.0,0.0,0.0,1.0,0.0,0.0,0.0,1.0,0.0,0.0,1.0,0.0,0.0,0.0,0.0,0.0,1.0
0.53125,1.0,1.0,0.0,0.3939055448818194,1.0,0.25,0.25,0.0,1.0,1.0,1.0,1.0,0.3333333333333333,1.0,1.0,0.07692307692307693,0.5454545454545454,0.2,1.0,0.0,0.0,0.0,0.0,0.0,1.0,0.0,0.0,1.0,0.0,0.0,0.0,0.0,0.0,0.0,0.0,0.0,0.0,0.0,0.0,0.0,0.0,0.0,0.0,1.0,0.0,0.0,0.0,0.0,0.0,0.0,0.0,0.0,0.0,0.0,0.0,0.0,0.0,1.0,1.0,0.0,0.0,0.0,0.0,0.0,0.0,1.0,0.0,0.0,1.0
0.25,1.0,0.5,0.0,0.5088691300656807,0.2,1.0,1.0,0.0,0.3333333333333333,0.5,0.5,0.4444444444444444,0.3333333333333333,1.0,1.0,0.5384615384615384,0.7272727272727273,0.23333333333333334,1.0,0.0,0.0,0.0,0.0,0.0,1.0,0.0,0.0,1.0,0.0,0.0,0.0,0.0,0.0,0.0,0.0,0.0,0.0,0.0,0.0,0.0,0.0,0.0,0.0,0.0,1.0,0.0,0.0,0.0,0.0,0.0,0.0,0.0,0.0,0.0,0.0,0.0,1.0,0.0,0.0,1.0,0.0,0.0,1.0,0.0,0.0,0.0,1.0,0.0,0.0
0.78125,1.0,0.5,1.0,0.15604754032438228,0.3,0.75,0.5,1.0,0.0,0.0,1.0,0.6666666666666666,0.3333333333333333,0.0,0.0,0.46153846153846156,0.45454545454545453,0.06666666666666667,0.0,0.0,0.0,1.0,0.0,0.0,0.0,0.0,0.0,0.0,0.0,0.0,1.0,1.0,0.0,0.0,0.0,0.0,0.0,0.0,0.0,0.0,0.0,0.0,0.0,0.0,0.0,0.0,0.0,0.0,0.0,0.0,0.0,0.0,0.0,0.0,0.0,0.0,0.0,1.0,0.0,0.0,1.0,0.0,0.0,1.0,0.0,0.0,1.0,0.0,0.0
0.21875,1.0,0.5,0.0,0.6037040346722667,0.9,0.5,0.5,1.0,1.0,0.0,1.0,1.0,0.0,0.0,0.0,0.6923076923076923,0.9090909090909091,0.23333333333333334,0.6666666666666666,0.0,0.0,0.0,0.0,0.0,1.0,0.0,0.0,1.0,0.0,0.0,0.0,0.0,0.0,0.0,0.0,0.0,0.0,0.0,0.0,0.0,1.0,0.0,0.0,0.0,0.0,0.0,0.0,0.0,0.0,0.0,0.0,0.0,0.0,0.0,0.0,0.0,0.0,1.0,0.0,1.0,0.0,1.0,0.0,0.0,0.0,0.0,0.0,1.0,0.0
0.59375,1.0,1.0,0.0,0.37310665296456813,0.1,0.75,0.75,1.0,0.6666666666666666,0.0,0.5,0.3333333333333333,1.0,0.0,1.0,1.0,0.8181818181818182,0.5,0.3333333333333333,0.0,0.0,1.0,0.0,0.0,0.0,0.0,0.0,1.0,0.0,0.0,0.0,0.0,0.0,0.0,0.0,0.0,0.0,0.0,0.0,0.0,0.0,0.0,0.0,0.0,0.0,0.0,1.0,0.0,0.0,0.0,0.0,0.0,0.0,0.0,0.0,1.0,0.0,0.0,0.0,0.0,1.0,0.0,0.0,1.0,0.0,0.0,0.0,1.0,0.0
0.21875,1.0,0.5,0.0,0.3840310978061749,0.1,0.0,0.25,0.5,0.6666666666666666,1.0,0.5,0.0,0.0,0.0,1.0,0.15384615384615385,0.5454545454545454,0.06666666666666667,0.3333333333333333,0.0,0.0,0.0,0.0,0.0,1.0,0.0,0.0,0.0,0.0,0.0,1.0,0.0,0.0,0.0,0.0,0.0,0.0,0.0,0.0,0.0,0.0,0.0,0.0,0.0,1.0,0.0,0.0,0.0,0.0,0.0,0.0,0.0,0.0,0.0,0.0,0.0,0.0,1.0,1.0,0.0,0.0,0.0,0.0,0.0,0.0,1.0,0.0,0.0,1.0
0.6875,0.0,0.0,0.0,0.11621464635181628,0.1,0.75,1.0,0.15,0.0,0.0,1.0,0.4444444444444444,0.0,0.0,0.0,1.0,0.5454545454545454,0.5666666666666667,0.5,0.0,0.0,1.0,0.0,0.0,0.0,0.0,0.0,1.0,0.0,0.0,0.0,0.0,0.0,0.0,1.0,0.0,0.0,0.0,0.0,0.0,0.0,0.0,0.0,0.0,0.0,0.0,0.0,0.0,0.0,0.0,0.0,0.0,0.0,0.0,0.0,0.0,1.0,0.0,0.0,0.0,1.0,0.0,0.0,1.0,0.0,0.0,1.0,0.0,0.0
0.6875,0.0,0.5,1.0,0.8403556588177472,0.0,0.75,0.25,1.0,0.0,0.0,0.0,0.3333333333333333,0.6666666666666666,0.0,0.0,0.15384615384615385,0.18181818181818182,0.43333333333333335,0.5,0.0,0.0,1.0,0.0,0.0,0.0,0.0,0.0,0.0,1.0,0.0,0.0,0.0,0.0,0.0,0.0,0.0,0.0,0.0,0.0,0.0,0.0,0.0,0.0,0.0,0.0,0.0,0.0,0.0,0.0,0.0,0.0,0.0,1.0,0.0,0.0,1.0,0.0,0.0,0.0,1.0,0.0,0.0,0.0,1.0,0.0,0.0,0.0,1.0,0.0
0.0625,0.0,0.0,0.0,0.9440373531120146,0.3,1.0,1.0,0.5,0.6666666666666666,1.0,0.5,0.8888888888888888,0.0,0.0,0.0,0.9230769230769231,1.0,0.26666666666666666,0.0,0.0,0.0,1.0,0.0,0.0,0.0,0.0,0.0,0.0,0.0,0.0,1.0,0.0,0.0,0.0,0.0,0.0,0.0,0.0,0.0,0.0,0.0,0.0,0.0,0.0,0.0,0.0,1.0,0.0,0.0,0.0,0.0,0.0,0.0,0.0,0.0,0.0,0.0,1.0,0.0,1.0,0.0,1.0,0.0,0.0,0.0,0.0,0.0,0.0,1.0
0.65625,1.0,0.5,1.0,0.8831598230642063,0.7,0.25,0.0,1.0,0.3333333333333333,0.5,1.0,0.6666666666666666,0.0,1.0,1.0,0.8461538461538461,0.45454545454545453,0.8333333333333334,0.3333333333333333,0.0,0.0,0.0,0.0,0.0,1.0,0.0,0.0,0.0,0.0,0.0,1.0,0.0,0.0,0.0,0.0,0.0,0.0,0.0,0.0,0.0,0.0,0.0,0.0,0.0,0.0,0.0,1.0,0.0,0.0,0.0,0.0,0.0,0.0,0.0,0.0,1.0,0.0,0.0,0.0,0.0,1.0,0.0,0.0,0.0,1.0,0.0,1.0,0.0,0.0
0.03125,1.0,0.5,1.0,0.5300031276529198,0.1,0.25,0.5,1.0,0.0,1.0,1.0,0.6666666666666666,1.0,1.0,1.0,0.7692307692307693,0.9090909090909091,0.36666666666666664,0.16666666666666666,0.0,0.0,1.0,0.0,0.0,0.0,0.0,0.0,0.0,0.0,1.0,0.0,0.0,1.0,0.0,0.0,0.0,0.0,0.0,0.0,0.0,0.0,0.0,0.0,0.0,0.0,0.0,0.0,0.0,0.0,0.0,0.0,0.0,0.0,0.0,0.0,0.0,1.0,0.0,0.0,0.0,1.0,0.0,0.0,0.0,0.0,1.0,0.0,0.0,1.0
0.40625,0.0,1.0,1.0,0.1827666324114204,0.4,0.0,0.25,0.0,0.6666666666666666,0.5,1.0,1.0,0.3333333333333333,1.0,1.0,0.8461538461538461,1.0,0.6333333333333333,0.6666666666666666,0.0,0.0,1.0,0.0,0.0,0.0,0.0,0.0,0.0,0.0,0.0,1.0,0.0,0.0,0.0,0.0,0.0,0.0,0.0,0.0,0.0,0.0,0.0,0.0,0.0,0.0,0.0,0.0,1.0,0.0,0.0,0.0,0.0,0.0,0.0,0.0,0.0,1.0,0.0,0.0,1.0,0.0,0.0,0.0,1.0,0.0,0.0,1.0,0.0,0.0
0.5625,0.0,0.5,0.0,0.733859076895581,0.5,1.0,0.0,0.0,0.6666666666666666,1.0,1.0,0.1111111111111111,1.0,1.0,1.0,0.46153846153846156,0.36363636363636365,0.9,0.16666666666666666,0.0,0.0,1.0,0.0,0.0,0.0,0.0,0.0,0.0,1.0,0.0,0.0,0.0,0.0,0.0,0.0,0.0,0.0,0.0,0.0,0.0,0.0,0.0,0.0,0.0,0.0,0.0,0.0,0.0,0.0,0.0,0.0,0.0,1.0,0.0,0.0,0.0,0.0,1.0,0.0,1.0,0.0,0.0,0.0,1.0,0.0,0.0,0.0,1.0,0.0
0.40625,0.0,0.0,1.0,0.8865108797640856,0.2,0.25,0.0,1.0,1.0,0.5,0.5,0.5555555555555556,0.0,1.0,1.0,0.15384615384615385,0.8181818181818182,0.4,1.0,0.0,0.0,0.0,1.0,0.0,0.0,0.0,0.0,0.0,1.0,0.0,0.0,0.0,0.0,0.0,0.0,0.0,0.0,0.0,0.0,0.0,0.0,1.0,0.0,0.0,0.0,0.0,0.0,0.0,0.0,0.0,0.0,0.0,0.0,0.0,0.0,0.0,0.0,1.0,0.0,1.0,0.0,0.0,0.0,0.0,0.0,1.0,0.0,1.0,0.0
0.84375,1.0,0.5,0.0,0.19599213618694425,0.2,1.0,0.0,0.5,0.0,1.0,0.5,0.1111111111111111,0.0,0.0,1.0,0.0,0.09090909090909091,0.7,0.5,0.0,0.0,1.0,0.0,0.0,0.0,0.0,0.0,1.0,0.0,0.0,0.0,0.0,0.0,0.0,0.0,0.0,0.0,0.0,0.0,0.0,0.0,0.0,0.0,0.0,0.0,0.0,0.0,0.0,0.0,1.0,0.0,0.0,0.0,0.0,0.0,0.0,1.0,0.0,0.0,1.0,0.0,1.0,0.0,0.0,0.0,0.0,1.0,0.0,0.0
0.84375,0.0,0.0,0.0,0.8710736785666414,0.6,0.25,0.25,1.0,0.0,1.0,0.5,0.2222222222222222,0.6666666666666666,1.0,1.0,0.38461538461538464,0.09090909090909091,0.0,0.5,1.0,0.0,0.0,0.0,0.0,0.0,0.0,0.0,0.0,0.0,1.0,0.0,0.0,0.0,0.0,0.0,0.0,0.0,0.0,0.0,0.0,0.0,0.0,0.0,0.0,1.0,0.0,0.0,0.0,0.0,0.0,0.0,0.0,0.0,0.0,0.0,0.0,1.0,0.0,0.0,0.0,1.0,0.0,0.0,1.0,0.0,0.0,1.0,0.0,0.0
0.15625,1.0,1.0,1.0,0.21283678119833782,0.2,0.0,0.25,0.5,0.3333333333333333,1.0,1.0,0.4444444444444444,1.0,0.0,0.0,0.0,0.7272727272727273,0.5,0.0,0.0,0.0,1.0,0.0,0.0,0.0,0.0,0.0,1.0,0.0,0.0,0.0,0.0,0.0,0.0,0.0,0.0,0.0,0.0,0.0,0.0,0.0,0.0,0.0,0.0,0.0,0.0,0.0,0.0,0.0,0.0,0.0,0.0,1.0,0.0,0.0,1.0,0.0,0.0,1.0,0.0,0.0,0.0,0.0,0.0,1.0,0.0,0.0,1.0,0.0
0.3125,0.0,0.0,1.0,0.7929717170814531,0.9,1.0,0.25,0.5,0.6666666666666666,0.5,0.5,0.2222222222222222,1.0,1.0,0.0,0.7692307692307693,0.2727272727272727,0.8666666666666667,0.8333333333333334,0.0,0.0,0.0,0.0,0.0,1.0,0.0,0.0,0.0,1.0,0.0,0.0,0.0,0.0,0.0,0.0,0.0,0.0,0.0,0.0,0.0,0.0,0.0,0.0,0.0,0.0,0.0,0.0,0.0,0.0,0.0,0.0,1.0,0.0,0.0,0.0,0.0,0.0,1.0,0.0,0.0,1.0,1.0,0.0,0.0,0.0,0.0,1.0,0.0,0.0
0.25,1.0,0.0,0.0,0.8249631383763014,0.5,0.75,0.75,0.0,0.0,1.0,0.0,1.0,0.6666666666666666,1.0,1.0,1.0,0.2727272727272727,0.9,1.0,0.0,0.0,1.0,0.0,0.0,0.0,0.0,0.0,0.0,0.0,1.0,0.0,0.0,0.0,0.0,0.0,0.0,1.0,0.0,0.0,0.0,0.0,0.0,0.0,0.0,0.0,0.0,0.0,0.0,0.0,0.0,0.0,0.0,0.0,0.0,0.0,1.0,0.0,0.0,1.0,0.0,0.0,0.0,0.0,0.0,0.0,1.0,0.0,1.0,0.0
1.0,0.0,1.0,1.0,0.4678745364371565,0.3,0.5,0.25,0.5,0.0,0.5,0.5,0.6666666666666666,0.3333333333333333,1.0,1.0,0.46153846153846156,0.7272727272727273,0.0,1.0,0.0,0.0,1.0,0.0,0.0,0.0,0.0,0.0,1.0,0.0,0.0,0.0,0.0,1.0,0.0,0.0,0.0,0.0,0.0,0.0,0.0,0.0,0.0,0.0,0.0,0.0,0.0,0.0,0.0,0.0,0.0,0.0,0.0,0.0,0.0,0.0,0.0,0.0,1.0,0.0,1.0,0.0,0.0,0.0,0.0,1.0,0.0,0.0,0.0,1.0
0.5625,0.0,0.5,1.0,0.7108708279344087,0.8,0.0,0.5,1.0,1.0,0.0,1.0,1.0,1.0,0.0,0.0,0.46153846153846156,0.18181818181818182,0.6666666666666666,0.5,0.0,0.0,1.0,0.0,0.0,0.0,0.0,0.0,0.0,0.0,0.0,1.0,0.0,1.0,0.0,0.0,0.0,0.0,0.0,0.0,0.0,0.0,0.0,0.0,0.0,0.0,0.0,0.0,0.0,0.0,0.0,0.0,0.0,0.0,0.0,0.0,1.0,0.0,0.0,1.0,0.0,0.0,0.0,0.0,1.0,0.0,0.0,0.0,1.0,0.0
0.4375,0.0,1.0,0.0,0.11083061525401008,0.0,1.0,0.0,0.5,0.3333333333333333,1.0,0.0,0.0,0.6666666666666666,0.0,1.0,0.5384615384615384,1.0,0.3333333333333333,0.3333333333333333,0.0,0.0,0.0,0.0,0.0,1.0,0.0,0.0,0.0,0.0,0.0,1.0,0.0,0.0,0.0,0.0,0.0,0.0,0.0,0.0,0.0,0.0,0.0,0.0,0.0,1.0,0.0,0.0,0.0,0.0,0.0,0.0,0.0,0.0,0.0,0.0,1.0,0.0,0.0,0.0,0.0,1.0,0.0,1.0,0.0,0.0,0.0,1.0,0.0,0.0
0.5,1.0,1.0,0.0,0.1275858987534069,0.5,1.0,0.5,1.0,1.0,1.0,1.0,1.0,0.3333333333333333,0.0,1.0,0.07692307692307693,1.0,0.1,0.3333333333333333,0.0,0.0,0.0,0.0,0.0,1.0,0.0,0.0,0.0,1.0,0.0,0.0,0.0,0.0,0.0,0.0,0.0,0.0,0.0,1.0,0.0,0.0,0.0,0.0,0.0,0.0,0.0,0.0,0.0,0.0,0.0,0.0,0.0,0.0,0.0,0.0,0.0,1.0,0.0,0.0,1.0,0.0,0.0,1.0,0.0,0.0,0.0,0.0,1.0,0.0
1.0,0.0,0.0,0.0,0.07410303382333228,0.9,0.75,0.25,0.5,0.6666666666666666,0.0,0.0,0.5555555555555556,0.3333333333333333,1.0,1.0,0.23076923076923078,0.09090909090909091,0.7666666666666667,0.8333333333333334,0.0,0.0,0.0,0.0,0.0,1.0,0.0,0.0,0.0,1.0,0.0,0.0,0.0,0.0,1.0,0.0,0.0,0.0,0.0,0.0,0.0,0.0,0.0,0.0,0.0,0.0,0.0,0.0,0.0,0.0,0.0,0.0,0.0,0.0,0.0,0.0,0.0,0.0,1.0,1.0,0.0,0.0,0.0,0.0,0.0,1.0,0.0,1.0,0.0,0.0
0.1875,0.0,0.5,0.0,0.0682275144095438,0.7,0.0,0.25,0.5,0.3333333333333333,1.0,1.0,0.7777777777777778,0.6666666666666666,1.0,1.0,0.6923076923076923,0.36363636363636365,0.7666666666666667,0.6666666666666666,0.0,0.0,1.0,0.0,0.0,0.0,0.0,0.0,0.0,0.0,0.0,1.0,0.0,0.0,0.0,0.0,0.0,0.0,0.0,0.0,0.0,0.0,0.0,0.0,0.0,0.0,0.0,0.0,0.0,0.0,0.0,0.0,0.0,0.0,0.0,1.0,0.0,0.0,1.0,1.0,0.0,0.0,1.0,0.0,0.0,0.0,0.0,0.0,1.0,0.0
0.96875,0.0,1.0,1.0,0.16775389839596086,1.0,0.75,0.75,1.0,0.0,0.5,0.0,0.7777777777777778,1.0,0.0,1.0,0.0,0.36363636363636365,0.5666666666666667,0.8333333333333334,0.0,0.0,0.0,0.0,0.0,1.0,0.0,0.0,0.0,0.0,0.0,1.0,0.0,0.0,0.0,0.0,0.0,0.0,0.0,0.0,0.0,0.0,0.0,0.0,0.0,1.0,0.0,0.0,0.0,0.0,0.0,0.0,0.0,0.0,0.0,0.0,1.0,0.0,0.0,1.0,0.0,0.0,0.0,0.0,0.0,0.0,1.0,0.0,1.0,0.0
0.0,0.0,0.5,0.0,0.3288280237701622,0.9,0.25,0.75,1.0,0.6666666666666666,0.0,0.5,0.3333333333333333,0.3333333333333333,1.0,1.0,0.3076923076923077,0.2727272727272727,0.03333333333333333,0.16666666666666666,0.0,0.0,1.0,0.0,0.0,0.0,0.0,0.0,0.0,0.0,1.0,0.0,0.0,0.0,0.0,0.0,0.0,0.0,0.0,0.0,0.0,0.0,0.0,0.0,1.0,0.0,0.0,0.0,0.0,0.0,0.0,0.0,0.0,0.0,0.0,0.0,0.0,1.0,0.0,1.0,0.0,0.0,0.0,0.0,1.0,0.0,0.0,0.0,0.0,1.0
0.8125,1.0,0.0,0.0,0.5548903087440239,0.6,0.0,0.0,1.0,1.0,1.0,1.0,0.6666666666666666,1.0,0.0,0.0,1.0,0.45454545454545453,0.7666666666666667,0.0,0.0,0.0,0.0,0.0,0.0,1.0,0.0,0.0,1.0,0.0,0.0,0.0,0.0,0.0,0.0,0.0,0.0,0.0,0.0,0.0,0.0,0.0,0.0,0.0,0.0,0.0,0.0,0.0,0.0,0.0,0.0,0.0,0.0,0.0,0.0,1.0,1.0,0.0,0.0,0.0,0.0,1.0,0.0,0.0,1.0,0.0,0.0,0.0,0.0,1.0
0.71875,1.0,0.0,0.0,0.06387114069970062,0.8,0.5,0.25,0.5,0.3333333333333333,0.5,1.0,0.3333333333333333,1.0,0.0,0.0,0.07692307692307693,0.7272727272727273,0.06666666666666667,0.16666666666666666,0.0,0.0,0.0,0.0,0.0,1.0,0.0,0.0,0.0,1.0,0.0,0.0,0.0,0.0,0.0,0.0,0.0,0.0,0.0,0.0,0.0,0.0,0.0,0.0,0.0,0.0,0.0,0.0,0.0,0.0,0.0,0.0,0.0,0.0,0.0,1.0,0.0,0.0,1.0,0.0,1.0,0.0,0.0,0.0,1.0,0.0,0.0,0.0,1.0,0.0
0.46875,1.0,0.0,1.0,0.011214869755596256,1.0,0.75,0.5,0.15,0.6666666666666666,0.0,0.5,0.2222222222222222,1.0,0.0,1.0,0.15384615384615385,0.36363636363636365,0.6,1.0,0.0,0.0,0.0,0.0,0.0,1.0,0.0,0.0,1.0,0.0,0.0,0.0,0.0,0.0,0.0,0.0,1.0,0.0,0.0,0.0,0.0,0.0,0.0,0.0,0.0,0.0,0.0,0.0,0.0,0.0,0.0,0.0,0.0,0.0,0.0,0.0,1.0,0.0,0.0,0.0,0.0,1.0,0.0,0.0,0.0,0.0,1.0,1.0,0.0,0.0
0.875,1.0,0.5,1.0,0.45960859657745406,0.6,0.75,0.0,1.0,1.0,0.5,0.5,0.5555555555555556,0.6666666666666666,0.0,0.0,0.15384615384615385,0.6363636363636364,0.1,1.0,0.0,0.0,0.0,0.0,0.0,1.0,0.0,0.0,0.0,0.0,1.0,0.0,0.0,0.0,0.0,0.0,0.0,0.0,0.0,0.0,0.0,0.0,0.0,0.0,0.0,0.0,0.0,0.0,0.0,0.0,0.0,0.0,1.0,0.0,0.0,0.0,1.0,0.0,0.0,0.0,0.0,1.0,0.0,0.0,0.0,1.0,0.0,1.0,0.0,0.0
0.15625,1.0,0.5,1.0,0.6400518296769582,1.0,0.0,1.0,0.5,0.3333333333333333,0.5,0.0,0.8888888888888888,0.0,1.0,1.0,0.7692307692307693,0.8181818181818182,0.7666666666666667,0.5,0.0,0.0,1.0,0.0,0.0,0.0,0.0,0.0,0.0,1.0,0.0,0.0,0.0,0.0,0.0,0.0,0.0,0.0,0.0,0.0,0.0,0.0,0.0,0.0,0.0,0.0,0.0,0.0,0.0,0.0,0.0,0.0,0.0,0.0,1.0,0.0,0.0,0.0,1.0,0.0,1.0,0.0,0.0,0.0,1.0,0.0,0.0,1.0,0.0,0.0
0.53125,1.0,1.0,0.0,0.9924936329922703,1.0,1.0,0.75,1.0,0.3333333333333333,0.0,0.5,0.4444444444444444,0.3333333333333333,0.0,0.0,0.46153846153846156,0.6363636363636364,0.5,0.6666666666666666,0.0,0.0,1.0,0.0,0.0,0.0,0.0,0.0,0.0,0.0,1.0,0.0,0.0,0.0,0.0,0.0,0.0,0.0,0.0,0.0,0.0,0.0,0.0,0.0,0.0,0.0,0.0,0.0,0.0,0.0,0.0,0.0,1.0,0.0,0.0,0.0,1.0,0.0,0.0,0.0,0.0,1.0,0.0,0.0,1.0,0.0,0.0,0.0,1.0,0.0
0.40625,0.0,0.0,1.0,0.41970868147089047,0.4,0.5,0.25,1.0,0.6666666666666666,1.0,1.0,0.8888888888888888,0.6666666666666666,1.0,1.0,0.5384615384615384,0.45454545454545453,0.3333333333333333,0.16666666666666666,0.0,0.0,1.0,0.0,0.0,0.0,0.0,0.0,0.0,0.0,0.0,1.0,0.0,1.0,0.0,0.0,0.0,0.0,0.0,0.0,0.0,0.0,0.0,0.0,0.0,0.0,0.0,0.0,0.0,0.0,0.0,0.0,0.0,0.0,0.0,0.0,0.0,0.0,1.0,0.0,0.0,1.0,0.0,0.0,0.0,0.0,1.0,0.0,0.0,1.0
0.0625,1.0,0.5,1.0,0.18138152897547025,0.6,0.5,1.0,0.0,0.0,0.0,1.0,0.3333333333333333,0.6666666666666666,1.0,1.0,0.23076923076923078,0.9090909090909091,0.0,0.6666666666666666,0.0,0.0,1.0,0.0,0.0,0.0,0.0,0.0,0.0,0.0,1.0,0.0,0.0,0.0,0.0,0.0,0.0,0.0,0.0,0.0,0.0,0.0,0.0,0.0,0.0,0.0,0.0,0.0,0.0,0.0,0.0,0.0,0.0,1.0,0.0,0.0,0.0,1.0,0.0,0.0,0.0,1.0,0.0,1.0,0.0,0.0,0.0,0.0,1.0,0.0
0.96875,0.0,0.5,1.0,0.7870961976676645,1.0,0.0,1.0,0.5,0.6666666666666666,0.5,0.0,0.0,1.0,1.0,1.0,0.07692307692307693,0.6363636363636364,0.7,0.5,0.0,0.0,1.0,0.0,0.0,0.0,0.0,0.0,0.0,1.0,0.0,0.0,0.0,0.0,0.0,0.0,0.0,0.0,0.0,1.0,0.0,0.0,0.0,0.0,0.0,0.0,0.0,0.0,0.0,0.0,0.0,0.0,0.0,0.0,0.0,0.0,0.0,1.0,0.0,0.0,0.0,1.0,0.0,0.0,0.0,1.0,0.0,0.0,0.0,1.0
0.25,1.0,0.5,1.0,0.6431571422188465,0.8,0.0,0.5,1.0,0.6666666666666666,0.5,0.5,0.2222222222222222,0.6666666666666666,0.0,0.0,0.6153846153846154,0.6363636363636364,0.7666666666666667,0.8333333333333334,0.0,0.0,1.0,0.0,0.0,0.0,0.0,0.0,0.0,0.0,0.0,1.0,0.0,0.0,0.0,0.0,0.0,0.0,0.0,0.0,0.0,0.0,0.0,0.0,1.0,0.0,0.0,0.0,0.0,0.0,0.0,0.0,0.0,0.0,0.0,0.0,1.0,0.0,0.0,1.0,0.0,0.0,0.0,0.0,0.0,1.0,0.0,0.0,1.0,0.0
0.5625,0.0,0.0,1.0,0.7029846745006926,0.9,0.0,0.75,0.0,1.0,0.5,0.0,0.8888888888888888,0.6666666666666666,0.0,0.0,1.0,0.6363636363636364,0.0,0.5,0.0,0.0,0.0,0.0,0.0,1.0,0.0,0.0,0.0,0.0,0.0,1.0,0.0,0.0,0.0,0.0,0.0,0.0,0.0,0.0,1.0,0.0,0.0,0.0,0.0,0.0,0.0,0.0,0.0,0.0,0.0,0.0,0.0,0.0,0.0,0.0,0.0,0.0,1.0,1.0,0.0,0.0,1.0,0.0,0.0,0.0,0.0,1.0,0.0,0.0
0.09375,0.0,0.0,1.0,0.8562620079531746,0.9,0.5,0.25,0.5,1.0,0.0,0.0,0.1111111111111111,0.0,0.0,0.0,0.5384615384615384,0.09090909090909091,0.26666666666666666,0.6666666666666666,0.0,0.0,0.0,0.0,0.0,1.0,0.0,0.0,0.0,1.0,0.0,0.0,0.0,0.0,0.0,0.0,0.0,0.0,0.0,0.0,0.0,0.0,0.0,0.0,0.0,0.0,0.0,0.0,0.0,0.0,0.0,0.0,0.0,1.0,0.0,0.0,0.0,1.0,0.0,1.0,0.0,0.0,0.0,1.0,0.0,0.0,0.0,0.0,1.0,0.0
0.53125,0.0,0.0,0.0,0.9946829900361914,0.3,0.75,0.25,0.0,1.0,1.0,0.5,0.6666666666666666,0.0,0.0,0.0,0.38461538461538464,0.2727272727272727,0.3,0.3333333333333333,0.0,0.0,1.0,0.0,0.0,0.0,0.0,0.0,0.0,0.0,0.0,1.0,0.0,0.0,0.0,0.0,0.0,0.0,0.0,0.0,0.0,0.0,0.0,1.0,0.0,0.0,0.0,0.0,0.0,0.0,0.0,0.0,0.0,0.0,0.0,0.0,1.0,0.0,0.0,0.0,1.0,0.0,0.0,0.0,0.0,1.0,0.0,0.0,1.0,0.0
0.71875,1.0,0.0,0.0,0.6825208882534294,0.5,0.25,1.0,0.0,0.6666666666666666,1.0,0.5,0.6666666666666666,1.0,0.0,1.0,0.38461538461538464,0.45454545454545453,0.3,0.0,0.0,0.0,0.0,0.0,0.0,1.0,0.0,0.0,0.0,1.0,0.0,0.0,0.0,0.0,1.0,0.0,0.0,0.0,0.0,0.0,0.0,0.0,0.0,0.0,0.0,0.0,0.0,0.0,0.0,0.0,0.0,0.0,0.0,0.0,0.0,0.0,1.0,0.0,0.0,0.0,1.0,0.0,0.0,1.0,0.0,0.0,0.0,1.0,0.0,0.0
0.125,1.0,0.0,0.0,0.23611545507349985,0.5,0.75,1.0,1.0,0.3333333333333333,0.5,0.5,0.6666666666666666,0.3333333333333333,0.0,1.0,0.23076923076923078,0.9090909090909091,0.2,0.5,0.0,0.0,0.0,0.0,1.0,0.0,0.0,0.0,0.0,0.0,1.0,0.0,0.0,0.0,0.0,0.0,0.0,0.0,0.0,0.0,0.0,0.0,0.0,0.0,1.0,0.0,0.0,0.0,0.0,0.0,0.0,0.0,0.0,0.0,0.0,0.0,1.0,0.0,0.0,1.0,0.0,0.0,0.0,1.0,0.0,0.0,0.0,0.0,0.0,1.0
0.75,0.0,1.0,0.0,0.9017693579375363,0.1,0.75,1.0,0.5,0.3333333333333333,1.0,0.5,0.7777777777777778,0.6666666666666666,1.0,0.0,0.8461538461538461,0.7272727272727273,0.5,0.0,0.0,0.0,0.0,0.0,0.0,1.0,0.0,0.0,0.0,0.0,1.0,0.0,0.0,0.0,0.0,0.0,0.0,0.0,0.0,0.0,0.0,0.0,0.0,0.0,0.0,0.0,0.0,0.0,0.0,0.0,0.0,0.0,0.0,1.0,0.0,0.0,1.0,0.0,0.0,0.0,0.0,1.0,1.0,0.0,0.0,0.0,0.0,0.0,1.0,0.0
1.0,1.0,0.5,1.0,0.972610696572986,0.9,1.0,0.0,0.0,0.6666666666666666,0.5,1.0,0.5555555555555556,0.0,0.0,0.0,0.8461538461538461,0.0,0.5,0.16666666666666666,0.0,0.0,0.0,0.0,0.0,1.0,0.0,0.0,0.0,0.0,1.0,0.0,0.0,0.0,0.0,0.0,0.0,0.0,0.0,0.0,0.0,0.0,0.0,0.0,0.0,0.0,0.0,0.0,0.0,0.0,0.0,0.0,1.0,0.0,0.0,0.0,0.0,1.0,0.0,0.0,0.0,1.0,0.0,1.0,0.0,0.0,0.0,0.0,0.0,1.0
0.375,1.0,0.0,0.0,0.8425673562396676,0.9,0.75,0.5,0.5,0.6666666666666666,0.0,0.0,0.5555555555555556,0.6666666666666666,1.0,1.0,0.5384615384615384,0.18181818181818182,0.06666666666666667,1.0,0.0,0.0,1.0,0.0,0.0,0.0,0.0,0.0,1.0,0.0,0.0,0.0,0.0,0.0,0.0,0.0,0.0,0.0,0.0,0.0,0.0,0.0,0.0,0.0,0.0,0.0,0.0,0.0,0.0,0.0,0.0,1.0,0.0,0.0,0.0,0.0,0.0,1.0,0.0,1.0,0.0,0.0,0.0,0.0,1.0,0.0,0.0,1.0,0.0,0.0
0.96875,1.0,1.0,1.0,0.4120012510611679,0.8,1.0,0.75,0.5,0.6666666666666666,1.0,1.0,0.2222222222222222,0.0,1.0,0.0,0.38461538461538464,0.18181818181818182,0.9333333333333333,0.6666666666666666,0.0,0.0,1.0,0.0,0.0,0.0,0.0,0.0,1.0,0.0,0.0,0.0,0.0,0.0,0.0,1.0,0.0,0.0,0.0,0.0,0.0,0.0,0.0,0.0,0.0,0.0,0.0,0.0,0.0,0.0,0.0,0.0,0.0,0.0,0.0,0.0,0.0,0.0,1.0,0.0,1.0,0.0,0.0,0.0,0.0,1.0,0.0,0.0,1.0,0.0
0.6875,0.0,0.5,0.0,0.6938027791430231,0.2,0.5,0.5,0.5,0.0,0.0,0.0,0.4444444444444444,1.0,1.0,0.0,0.07692307692307693,0.7272727272727273,0.4666666666666667,1.0,0.0,0.0,1.0,0.0,0.0,0.0,0.0,0.0,1.0,0.0,0.0,0.0,0.0,0.0,0.0,0.0,0.0,0.0,0.0,0.0,0.0,0.0,1.0,0.0,0.0,0.0,0.0,0.0,0.0,0.0,0.0,0.0,0.0,0.0,0.0,0.0,0.0,0.0,1.0,0.0,0.0,1.0,0.0,1.0,0.0,0.0,0.0,0.0,0.0,1.0
0.625,0.0,0.5,0.0,0.32420356552432866,0.8,0.0,0.25,1.0,0.0,0.0,0.5,0.6666666666666666,1.0,1.0,0.0,0.9230769230769231,0.0,0.8,0.5,0.0,0.0,1.0,0.0,0.0,0.0,0.0,0.0,0.0,0.0,1.0,0.0,0.0,0.0,0.0,0.0,0.0,0.0,0.0,0.0,1.0,0.0,0.0,0.0,0.0,0.0,0.0,0.0,0.0,0.0,0.0,0.0,0.0,0.0,0.0,0.0,0.0,1.0,0.0,1.0,0.0,0.0,0.0,0.0,1.0,0.0,0.0,0.0,1.0,0.0
0.09375,1.0,1.0,1.0,0.6469773468567088,0.8,1.0,0.0,0.5,0.3333333333333333,0.5,0.0,0.4444444444444444,0.3333333333333333,0.0,1.0,1.0,0.7272727272727273,0.5666666666666667,0.3333333333333333,0.0,0.0,0.0,0.0,0.0,1.0,0.0,0.0,0.0,1.0,0.0,0.0,0.0,0.0,0.0,0.0,0.0,0.0,0.0,0.0,0.0,0.0,0.0,0.0,0.0,0.0,0.0,0.0,0.0,0.0,0.0,0.0,0.0,1.0,0.0,0.0,0.0,0.0,1.0,1.0,0.0,0.0,0.0,0.0,0.0,1.0,0.0,0.0,1.0,0.0
0.6875,1.0,1.0,1.0,0.9806532326526965,0.3,1.0,1.0,0.5,0.0,1.0,0.5,0.4444444444444444,0.6666666666666666,0.0,0.0,0.7692307692307693,1.0,0.6666666666666666,0.8333333333333334,0.0,0.0,0.0,0.0,0.0,1.0,0.0,0.0,1.0,0.0,0.0,0.0,1.0,0.0,0.0,0.0,0.0,0.0,0.0,0.0,0.0,0.0,0.0,0.0,0.0,0.0,0.0,0.0,0.0,0.0,0.0,0.0,0.0,0.0,0.0,0.0,0.0,1.0,0.0,0.0,0.0,1.0,0.0,0.0,1.0,0.0,0.0,0.0,0.0,1.0
0.25,1.0,1.0,0.0,0.9646351816272731,0.9,0.0,0.0,0.5,0.0,1.0,1.0,0.0,0.0,1.0,1.0,0.9230769230769231,0.7272727272727273,0.9,0.8333333333333334,0.0,0.0,0.0,0.0,0.0,1.0,0.0,0.0,1.0,0.0,0.0,0.0,0.0,0.0,0.0,0.0,0.0,0.0,0.0,0.0,0.0,0.0,0.0,0.0,0.0,0.0,0.0,0.0,0.0,1.0,0.0,0.0,0.0,0.0,0.0,0.0,0.0,1.0,0.0,0.0,1.0,0.0,1.0,0.0,0.0,0.0,0.0,0.0,1.0,0.0
0.4375,0.0,1.0,0.0,0.8543630758232429,0.8,0.5,0.0,1.0,0.6666666666666666,0.0,1.0,0.2222222222222222,1.0,0.0,0.0,0.3076923076923077,0.5454545454545454,0.26666666666666666,0.16666666666666666,0.0,0.0,1.0,0.0,0.0,0.0,0.0,0.0,0.0,1.0,0.0,0.0,0.0,0.0,0.0,0.0,0.0,0.0,0.0,0.0,0.0,0.0,0.0,0.0,0.0,0.0,0.0,1.0,0.0,0.0,0.0,0.0,0.0,0.0,0.0,0.0,1.0,0.0,0.0,0.0,0.0,1.0,0.0,0.0,1.0,0.0,0.0,0.0,1.0,0.0
0.90625,0.0,0.0,1.0,0.7260399445958626,0.4,0.5,0.0,1.0,0.3333333333333333,1.0,1.0,1.0,0.6666666666666666,1.0,0.0,0.6923076923076923,0.7272727272727273,0.8666666666666667,0.6666666666666666,0.0,0.0,1.0,0.0,0.0,0.0,0.0,0.0,0.0,0.0,0.0,1.0,0.0,0.0,0.0,0.0,0.0,0.0,0.0,0.0,0.0,0.0,0.0,0.0,0.0,0.0,0.0,1.0,0.0,0.0,0.0,0.0,0.0,0.0,0.0,0.0,0.0,0.0,1.0,0.0,0.0,1.0,0.0,0.0,0.0,1.0,0.0,0.0,1.0,0.0
0.09375,0.0,1.0,0.0,0.7385505562754122,1.0,0.25,0.0,0.5,1.0,1.0,0.0,0.3333333333333333,0.3333333333333333,0.0,0.0,0.46153846153846156,0.0,0.26666666666666666,0.16666666666666666,0.0,0.0,0.0,0.0,0.0,1.0,0.0,0.0,0.0,0.0,1.0,0.0,0.0,0.0,0.0,0.0,0.0,0.0,0.0,0.0,0.0,0.0,0.0,0.0,0.0,0.0,0.0,0.0,0.0,0.0,0.0,0.0,0.0,0.0,0.0,1.0,0.0,0.0,1.0,1.0,0.0,0.0,0.0,1.0,0.0,0.0,0.0,1.0,0.0,0.0
0.5,1.0,0.0,1.0,0.3563290290871722,0.2,0.75,0.0,1.0,1.0,1.0,0.0,1.0,1.0,0.0,1.0,1.0,0.5454545454545454,0.13333333333333333,0.6666666666666666,0.0,0.0,0.0,0.0,0.0,1.0,0.0,0.0,0.0,0.0,0.0,1.0,0.0,0.0,0.0,0.0,0.0,0.0,1.0,0.0,0.0,0.0,0.0,0.0,0.0,0.0,0.0,0.0,0.0,0.0,0.0,0.0,0.0,0.0,0.0,0.0,0.0,1.0,0.0,1.0,0.0,0.0,0.0,0.0,0.0,0.0,1.0,0.0,1.0,0.0
0.34375,0.0,1.0,1.0,0.8000089361511997,0.6,1.0,0.75,1.0,0.3333333333333333,1.0,0.5,0.2222222222222222,0.6666666666666666,0.0,1.0,0.8461538461538461,0.5454545454545454,0.5,0.16666666666666666,0.0,0.0,0.0,0.0,0.0,1.0,0.0,0.0,0.0,0.0,0.0,1.0,0.0,0.0,0.0,0.0,0.0,0.0,0.0,0.0,0.0,0.0,0.0,0.0,1.0,0.0,0.0,0.0,0.0,0.0,0.0,0.0,0.0,0.0,0.0,0.0,0.0,1.0,0.0,1.0,0.0,0.0,0.0,0.0,1.0,0.0,0.0,1.0,0.0,0.0
0.0625,0.0,0.5,1.0,0.1517805281265359,0.8,0.0,0.5,0.0,0.3333333333333333,1.0,0.0,0.1111111111111111,0.3333333333333333,1.0,1.0,0.9230769230769231,0.0,0.26666666666666666,0.16666666666666666,0.0,0.0,1.0,0.0,0.0,0.0,0.0,0.0,1.0,0.0,0.0,0.0,0.0,0.0,0.0,0.0,0.0,0.0,0.0,0.0,0.0,0.0,0.0,0.0,0.0,0.0,0.0,1.0,0.0,0.0,0.0,0.0,0.0,0.0,0.0,0.0,0.0,1.0,0.0,0.0,1.0,0.0,0.0,1.0,0.0,0.0,0.0,0.0,0.0,1.0
1.0,1.0,0.5,0.0,0.2585675349626915,0.5,1.0,0.25,1.0,0.3333333333333333,1.0,1.0,0.0,1.0,1.0,0.0,0.8461538461538461,0.6363636363636364,0.4,0.16666666666666666,0.0,0.0,0.0,0.0,0.0,1.0,0.0,0.0,1.0,0.0,0.0,0.0,0.0,0.0,0.0,0.0,0.0,0.0,0.0,0.0,0.0,0.0,0.0,0.0,0.0,0.0,0.0,0.0,0.0,0.0,0.0,0.0,1.0,0.0,0.0,0.0,0.0,1.0,0.0,0.0,1.0,0.0,1.0,0.0,0.0,0.0,0.0,1.0,0.0,0.0
0.34375,0.0,1.0,1.0,0.7475313882310889,0.8,0.0,0.0,0.5,0.3333333333333333,1.0,0.0,0.0,0.6666666666666666,1.0,1.0,0.6153846153846154,0.7272727272727273,0.13333333333333333,0.5,0.0,0.0,1.0,0.0,0.0,0.0,0.0,0.0,1.0,0.0,0.0,0.0,0.0,0.0,0.0,0.0,0.0,0.0,0.0,0.0,0.0,0.0,0.0,0.0,0.0,0.0,0.0,0.0,0.0,0.0,0.0,0.0,0.0,0.0,0.0,1.0,0.0,0.0,1.0,0.0,1.0,0.0,0.0,0.0,0.0,0.0,1.0,0.0,0.0,1.0
0.21875,0.0,0.5,1.0,0.5434967159644342,0.8,0.5,0.75,0.0,0.0,0.5,1.0,0.6666666666666666,0.0,0.0,1.0,0.3076923076923077,0.7272727272727273,0.9333333333333333,1.0,0.0,0.0,0.0,0.0,0.0,0.0,1.0,0.0,0.0,1.0,0.0,0.0,0.0,0.0,0.0,0.0,0.0,0.0,0.0,0.0,0.0,0.0,0.0,0.0,0.0,0.0,0.0,0.0,0.0,1.0,0.0,0.0,0.0,0.0,0.0,0.0,0.0,1.0,0.0,0.0,0.0,1.0,0.0,1.0,0.0,0.0,0.0,0.0,1.0,0.0
0.59375,0.0,0.0,0.0,0.2473079844510969,0.7,0.0,0.75,0.0,0.3333333333333333,1.0,0.5,0.7777777777777778,1.0,1.0,0.0,0.15384615384615385,0.2727272727272727,0.2,1.0,0.0,0.0,0.0,0.0,0.0,1.0,0.0,0.0,0.0,0.0,0.0,1.0,0.0,0.0,0.0,0.0,0.0,0.0,0.0,0.0,0.0,0.0,0.0,0.0,0.0,0.0,0.0,0.0,0.0,0.0,0.0,0.0,0.0,0.0,1.0,0.0,0.0,1.0,0.0,1.0,0.0,0.0,0.0,0.0,0.0,0.0,1.0,0.0,0.0,1.0
0.65625,0.0,1.0,0.0,0.17919217193154904,0.0,0.0,0.25,0.5,1.0,1.0,1.0,0.1111111111111111,0.0,1.0,1.0,0.6153846153846154,1.0,0.5666666666666667,0.3333333333333333,0.0,0.0,0.0,0.0,0.0,1.0,0.0,0.0,0.0,0.0,1.0,0.0,0.0,0.0,0.0,0.0,0.0,0.0,0.0,0.0,0.0,0.0,1.0,0.0,0.0,0.0,0.0,0.0,0.0,0.0,0.0,0.0,0.0,0.0,0.0,0.0,0.0,0.0,1.0,0.0,0.0,1.0,1.0,0.0,0.0,0.0,0.0,0.0,1.0,0.0
0.9375,0.0,0.5,1.0,0.9335820562083912,0.2,0.5,0.75,1.0,0.6666666666666666,0.5,0.0,0.5555555555555556,0.0,0.0,1.0,0.07692307692307693,0.45454545454545453,0.43333333333333335,0.6666666666666666,0.0,0.0,1.0,0.0,0.0,0.0,0.0,0.0,1.0,0.0,0.0,0.0,0.0,0.0,0.0,0.0,0.0,0.0,0.0,0.0,0.0,0.0,0.0,0.0,0.0,0.0,0.0,0.0,0.0,0.0,0.0,0.0,0.0,0.0,1.0,0.0,0.0,1.0,0.0,1.0,0.0,0.0,0.0,0.0,0.0,0.0,1.0,0.0,1.0,0.0
0.90625,1.0,0.5,0.0,0.41745230329297167,0.3,0.5,0.5,0.0,0.6666666666666666,0.5,0.0,0.2222222222222222,0.6666666666666666,1.0,1.0,0.7692307692307693,0.2727272727272727,0.8,0.5,0.0,0.0,0.0,0.0,0.0,1.0,0.0,0.0,1.0,0.0,0.0,0.0,0.0,0.0,0.0,0.0,0.0,0.0,0.0,0.0,0.0,0.0,0.0,0.0,0.0,0.0,0.0,0.0,0.0,0.0,0.0,0.0,0.0,0.0,1.0,0.0,0.0,0.0,1.0,0.0,1.0,0.0,1.0,0.0,0.0,0.0,0.0,0.0,1.0,0.0
1.0,0.0,0.0,1.0,0.7695590009382959,0.3,0.25,0.25,0.5,0.0,0.0,0.0,0.4444444444444444,1.0,1.0,1.0,0.38461538461538464,0.5454545454545454,0.6333333333333333,0.8333333333333334,0.0,0.0,1.0,0.0,0.0,0.0,0.0,0.0,1.0,0.0,0.0,0.0,0.0,0.0,0.0,0.0,0.0,0.0,0.0,0.0,1.0,0.0,0.0,0.0,0.0,0.0,0.0,0.0,0.0,0.0,0.0,0.0,0.0,0.0,0.0,0.0,1.0,0.0,0.0,0.0,1.0,0.0,0.0,0.0,0.0,1.0,0.0,0.0,0.0,1.0
0.75,1.0,0.0,0.0,0.8427460792636612,1.0,1.0,0.75,0.65,1.0,0.0,0.5,0.1111111111111111,0.0,0.0,0.0,0.6923076923076923,0.18181818181818182,0.9333333333333333,0.6666666666666666,0.0,0.0,0.0,0.0,0.0,0.0,0.0,1.0,0.0,1.0,0.0,0.0,0.0,0.0,0.0,0.0,0.0,0.0,1.0,0.0,0.0,0.0,0.0,0.0,0.0,0.0,0.0,0.0,0.0,0.0,0.0,0.0,0.0,0.0,0.0,0.0,0.0,1.0,0.0,0.0,1.0,0.0,0.0,0.0,0.0,1.0,0.0,0.0,1.0,0.0
0.3125,1.0,0.5,1.0,0.06818283365354542,0.7,0.25,1.0,1.0,1.0,0.0,0.5,1.0,0.6666666666666666,0.0,1.0,0.38461538461538464,0.18181818181818182,0.8333333333333334,0.16666666666666666,0.0,0.0,1.0,0.0,0.0,0.0,0.0,0.0,0.0,0.0,1.0,0.0,0.0,0.0,0.0,0.0,0.0,0.0,0.0,0.0,0.0,0.0,0.0,0.0,0.0,0.0,1.0,0.0,0.0,0.0,0.0,0.0,0.0,0.0,0.0,0.0,0.0,1.0,0.0,0.0,0.0,1.0,1.0,0.0,0.0,0.0,0.0,0.0,0.0,1.0
0.15625,0.0,0.0,0.0,0.46182029399937446,0.3,0.75,0.25,0.0,0.3333333333333333,0.5,0.5,0.6666666666666666,0.3333333333333333,1.0,1.0,0.9230769230769231,0.2727272727272727,0.43333333333333335,1.0,0.0,0.0,0.0,0.0,0.0,1.0,0.0,0.0,0.0,0.0,1.0,0.0,0.0,0.0,0.0,0.0,0.0,0.0,0.0,0.0,0.0,0.0,0.0,0.0,0.0,0.0,1.0,0.0,0.0,0.0,0.0,0.0,0.0,0.0,0.0,0.0,0.0,0.0,1.0,1.0,0.0,0.0,0.0,0.0,0.0,1.0,0.0,0.0,0.0,1.0
0.75,1.0,0.0,1.0,0.56972431973549,0.5,0.25,1.0,0.5,0.6666666666666666,0.0,1.0,0.7777777777777778,0.6666666666666666,1.0,0.0,1.0,1.0,0.43333333333333335,0.8333333333333334,0.0,0.0,0.0,0.0,0.0,1.0,0.0,0.0,1.0,0.0,0.0,0.0,0.0,1.0,0.0,0.0,0.0,0.0,0.0,0.0,0.0,0.0,0.0,0.0,0.0,0.0,0.0,0.0,0.0,0.0,0.0,0.0,0.0,0.0,0.0,0.0,0.0,1.0,0.0,0.0,0.0,1.0,1.0,0.0,0.0,0.0,0.0,1.0,0.0,0.0
0.4375,1.0,0.5,1.0,0.4448192663419865,0.8,1.0,0.5,0.5,1.0,0.0,1.0,0.5555555555555556,0.6666666666666666,1.0,0.0,0.6923076923076923,0.6363636363636364,0.36666666666666664,0.0,0.0,0.0,0.0,0.0,0.0,1.0,0.0,0.0,0.0,0.0,1.0,0.0,0.0,0.0,0.0,0.0,0.0,0.0,0.0,0.0,0.0,0.0,0.0,0.0,0.0,0.0,0.0,0.0,0.0,0.0,0.0,0.0,0.0,0.0,1.0,0.0,1.0,0.0,0.0,0.0,0.0,1.0,0.0,0.0,0.0,0.0,1.0,0.0,1.0,0.0
0.46875,0.0,0.5,1.0,0.6301773826013137,0.9,0.5,1.0,1.0,0.0,0.0,1.0,0.0,1.0,0.0,0.0,0.23076923076923078,0.6363636363636364,0.9333333333333333,0.5,0.0,0.0,0.0,0.0,0.0,1.0,0.0,0.0,1.0,0.0,0.0,0.0,1.0,0.0,0.0,0.0,0.0,0.0,0.0,0.0,0.0,0.0,0.0,0.0,0.0,0.0,0.0,0.0,0.0,0.0,0.0,0.0,0.0,0.0,0.0,0.0,0.0,0.0,1.0,0.0,0.0,1.0,0.0,0.0,0.0,0.0,1.0,0.0,1.0,0.0
0.4375,1.0,0.5,0.0,0.06297752557973282,0.1,0.75,0.0,0.5,0.3333333333333333,0.0,0.0,0.0,0.6666666666666666,0.0,1.0,0.6923076923076923,0.7272727272727273,0.2,0.8333333333333334,0.0,0.0,0.0,0.0,0.0,1.0,0.0,0.0,0.0,0.0,1.0,0.0,0.0,1.0,0.0,0.0,0.0,0.0,0.0,0.0,0.0,0.0,0.0,0.0,0.0,0.0,0.0,0.0,0.0,0.0,0.0,0.0,0.0,0.0,0.0,0.0,1.0,0.0,0.0,0.0,0.0,1.0,0.0,0.0,1.0,0.0,0.0,0.0,0.0,1.0
0.34375,1.0,0.0,1.0,0.16049327554622225,0.7,0.25,0.75,0.15,0.3333333333333333,0.0,1.0,0.2222222222222222,0.6666666666666666,0.0,0.0,0.23076923076923078,0.45454545454545453,0.9,0.6666666666666666,0.0,0.0,0.0,0.0,0.0,1.0,0.0,0.0,0.0,0.0,0.0,1.0,0.0,0.0,0.0,0.0,0.0,0.0,0.0,0.0,0.0,0.0,0.0,1.0,0.0,0.0,0.0,0.0,0.0,0.0,0.0,0.0,0.0,0.0,0.0,0.0,0.0,1.0,0.0,1.0,0.0,0.0,0.0,1.0,0.0,0.0,0.0,1.0,0.0,0.0
0.21875,1.0,0.5,0.0,0.5739243107993388,0.4,0.0,0.0,0.0,0.3333333333333333,0.5,0.0,0.8888888888888888,0.6666666666666666,1.0,1.0,0.6923076923076923,0.7272727272727273,0.36666666666666664,0.5,0.0,0.0,0.0,0.0,0.0,0.0,1.0,0.0,1.0,0.0,0.0,0.0,0.0,0.0,0.0,0.0,0.0,0.0,0.0,0.0,0.0,0.0,0.0,0.0,0.0,0.0,0.0,0.0,0.0,1.0,0.0,0.0,0.0,0.0,0.0,0.0,0.0,1.0,0.0,0.0,1.0,0.0,0.0,0.0,0.0,0.0,1.0,0.0,1.0,0.0
0.71875,1.0,0.5,0.0,0.2270229212278272,0.0,0.0,1.0,0.5,0.0,0.0,0.5,0.5555555555555556,1.0,0.0,1.0,0.5384615384615384,0.0,0.6,0.6666666666666666,0.0,0.0,1.0,0.0,0.0,0.0,0.0,0.0,1.0,0.0,0.0,0.0,0.0,0.0,0.0,0.0,0.0,0.0,0.0,0.0,0.0,0.0,0.0,0.0,0.0,0.0,0.0,0.0,0.0,0.0,0.0,0.0,1.0,0.0,0.0,0.0,1.0,0.0,0.0,0.0,1.0,0.0,0.0,0.0,1.0,0.0,0.0,0.0,1.0,0.0
0.1875,0.0,0.5,1.0,0.925695902774675,0.6,0.25,0.75,0.0,0.6666666666666666,0.0,0.5,0.1111111111111111,1.0,0.0,0.0,0.5384615384615384,0.18181818181818182,0.03333333333333333,0.8333333333333334,0.0,0.0,1.0,0.0,0.0,0.0,0.0,0.0,1.0,0.0,0.0,0.0,0.0,0.0,0.0,0.0,0.0,0.0,0.0,0.0,0.0,0.0,0.0,0.0,0.0,0.0,0.0,0.0,0.0,1.0,0.0,0.0,0.0,0.0,0.0,0.0,0.0,0.0,1.0,1.0,0.0,0.0,1.0,0.0,0.0,0.0,0.0,0.0,1.0,0.0
0.4375,1.0,1.0,0.0,0.9997765962200081,0.8,1.0,0.25,0.0,0.0,1.0,0.0,0.6666666666666666,0.6666666666666666,1.0,0.0,0.6153846153846154,0.0,0.23333333333333334,0.0,0.0,0.0,1.0,0.0,0.0,0.0,0.0,0.0,0.0,0.0,1.0,0.0,0.0,0.0,0.0,0.0,0.0,0.0,0.0,0.0,0.0,0.0,0.0,0.0,0.0,0.0,0.0,0.0,0.0,0.0,0.0,0.0,0.0,1.0,0.0,0.0,0.0,0.0,1.0,0.0,1.0,0.0,0.0,0.0,0.0,1.0,0.0,0.0,1.0,0.0
0.71875,0.0,0.0,0.0,0.9840266297305751,0.1,0.75,0.75,0.5,1.0,1.0,0.0,0.5555555555555556,0.0,0.0,0.0,1.0,0.6363636363636364,0.8666666666666667,0.16666666666666666,0.0,0.0,1.0,0.0,0.0,0.0,0.0,0.0,0.0,0.0,0.0,1.0,0.0,0.0,0.0,0.0,0.0,0.0,0.0,0.0,0.0,0.0,0.0,0.0,0.0,0.0,0.0,0.0,1.0,0.0,0.0,0.0,0.0,0.0,0.0,0.0,0.0,1.0,0.0,0.0,1.0,0.0,1.0,0.0,0.0,0.0,0.0,0.0,1.0,0.0
0.0,0.0,0.5,0.0,0.22052187123006117,0.1,0.0,0.0,1.0,0.6666666666666666,1.0,0.0,0.5555555555555556,0.0,1.0,0.0,0.3076923076923077,0.0,0.06666666666666667,0.3333333333333333,0.0,0.0,0.0,0.0,0.0,1.0,0.0,0.0,1.0,0.0,0.0,0.0,0.0,0.0,0.0,0.0,0.0,0.0,0.0,0.0,0.0,0.0,0.0,1.0,0.0,0.0,0.0,0.0,0.0,0.0,0.0,0.0,0.0,0.0,0.0,0.0,0.0,1.0,0.0,1.0,0.0,0.0,1.0,0.0,0.0,0.0,0.0,1.0,0.0,0.0
0.21875,0.0,1.0,0.0,0.07019346767347302,0.7,1.0,0.0,0.0,0.6666666666666666,0.5,1.0,0.5555555555555556,1.0,1.0,1.0,0.38461538461538464,0.2727272727272727,0.26666666666666666,0.16666666666666666,0.0,0.0,0.0,0.0,0.0,1.0,0.0,0.0,0.0,0.0,1.0,0.0,0.0,0.0,0.0,0.0,0.0,0.0,0.0,0.0,1.0,0.0,0.0,0.0,0.0,0.0,0.0,0.0,0.0,0.0,0.0,0.0,0.0,0.0,0.0,0.0,0.0,0.0,1.0,0.0,0.0,1.0,0.0,0.0,1.0,0.0,0.0,1.0,0.0,0.0
0.96875,0.0,0.5,1.0,0.8365801349358831,0.2,0.25,0.0,0.0,0.6666666666666666,1.0,0.5,0.7777777777777778,0.6666666666666666,1.0,0.0,0.6923076923076923,0.18181818181818182,0.6,0.16666666666666666,0.0,0.0,0.0,0.0,0.0,1.0,0.0,0.0,1.0,0.0,0.0,0.0,0.0,0.0,0.0,0.0,0.0,0.0,0.0,0.0,0.0,0.0,0.0,0.0,0.0,0.0,0.0,0.0,0.0,0.0,0.0,0.0,0.0,1.0,0.0,0.0,0.0,1.0,0.0,0.0,0.0,1.0,0.0,0.0,0.0,0.0,1.0,0.0,0.0,1.0
0.65625,1.0,1.0,0.0,0.2801706804879138,0.6,0.25,0.5,0.6,0.6666666666666666,0.5,0.5,1.0,0.3333333333333333,1.0,1.0,1.0,0.45454545454545453,0.4666666666666667,0.8333333333333334,0.0,0.0,0.0,0.0,0.0,1.0,0.0,0.0,0.0,1.0,0.0,0.0,0.0,1.0,0.0,0.0,0.0,0.0,0.0,0.0,0.0,0.0,0.0,0.0,0.0,0.0,0.0,0.0,0.0,0.0,0.0,0.0,0.0,0.0,0.0,0.0,0.0,0.0,1.0,1.0,0.0,0.0,0.0,1.0,0.0,0.0,0.0,0.0,0.0,1.0
0.90625,1.0,0.0,0.0,0.04376480050042446,0.4,0.5,1.0,0.0,0.0,1.0,0.5,0.7777777777777778,0.6666666666666666,1.0,1.0,0.15384615384615385,0.18181818181818182,0.06666666666666667,1.0,0.0,0.0,1.0,0.0,0.0,0.0,0.0,0.0,0.0,0.0,1.0,0.0,0.0,0.0,0.0,0.0,0.0,0.0,0.0,0.0,0.0,0.0,0.0,0.0,0.0,0.0,0.0,1.0,0.0,0.0,0.0,0.0,0.0,0.0,0.0,0.0,0.0,0.0,1.0,1.0,0.0,0.0,1.0,0.0,0.0,0.0,0.0,0.0,0.0,1.0
0.78125,0.0,0.5,0.0,0.6002412760823913,0.5,0.75,1.0,0.0,0.0,1.0,0.5,1.0,1.0,0.0,1.0,0.15384615384615385,0.9090909090909091,0.5333333333333333,1.0,0.0,0.0,0.0,0.0,0.0,1.0,0.0,0.0,0.0,1.0,0.0,0.0,0.0,0.0,0.0,0.0,0.0,0.0,0.0,0.0,0.0,0.0,0.0,0.0,0.0,0.0,0.0,0.0,1.0,0.0,0.0,0.0,0.0,0.0,0.0,0.0,0.0,1.0,0.0,1.0,0.0,0.0,0.0,1.0,0.0,0.0,0.0,0.0,0.0,1.0
0.625,1.0,0.0,1.0,0.14029757383494929,0.9,0.75,0.0,0.5,1.0,0.0,1.0,0.1111111111111111,0.3333333333333333,1.0,1.0,0.5384615384615384,0.09090909090909091,0.43333333333333335,0.3333333333333333,0.0,0.0,1.0,0.0,0.0,0.0,0.0,0.0,0.0,0.0,0.0,1.0,0.0,0.0,0.0,0.0,0.0,0.0,0.0,0.0,0.0,0.0,0.0,0.0,0.0,1.0,0.0,0.0,0.0,0.0,0.0,0.0,0.0,0.0,0.0,0.0,0.0,1.0,0.0,1.0,0.0,0.0,0.0,1.0,0.0,0.0,0.0,1.0,0.0,0.0
0.6875,1.0,0.5,0.0,0.9875117286984496,0.0,0.0,1.0,1.0,0.3333333333333333,1.0,0.5,0.2222222222222222,1.0,1.0,0.0,0.9230769230769231,0.09090909090909091,0.9333333333333333,0.5,0.0,0.0,1.0,0.0,0.0,0.0,0.0,0.0,0.0,0.0,1.0,0.0,1.0,0.0,0.0,0.0,0.0,0.0,0.0,0.0,0.0,0.0,0.0,0.0,0.0,0.0,0.0,0.0,0.0,0.0,0.0,0.0,0.0,0.0,0.0,0.0,0.0,1.0,0.0,0.0,0.0,1.0,0.0,0.0,0.0,1.0,0.0,1.0,0.0,0.0
0.46875,0.0,1.0,0.0,0.20796657879451322,0.7,0.25,0.25,1.0,0.3333333333333333,0.5,0.0,0.6666666666666666,0.0,1.0,0.0,0.7692307692307693,0.09090909090909091,0.7,0.5,0.0,0.0,0.0,0.0,0.0,1.0,0.0,0.0,1.0,0.0,0.0,0.0,0.0,0.0,0.0,0.0,0.0,0.0,0.0,0.0,1.0,0.0,0.0,0.0,0.0,0.0,0.0,0.0,0.0,0.0,0.0,0.0,0.0,0.0,0.0,0.0,1.0,0.0,0.0,0.0,0.0,1.0,0.0,0.0,1.0,0.0,0.0,0.0,1.0,0.0
0.0,0.0,0.5,0.0,0.2408962959653277,0.3,0.25,0.0,0.5,0.3333333333333333,0.0,1.0,0.6666666666666666,1.0,0.0,0.0,0.3076923076923077,0.18181818181818182,1.0,1.0,1.0,0.0,0.0,0.0,0.0,0.0,0.0,0.0,0.0,0.0,0.0,1.0,0.0,1.0,0.0,0.0,0.0,0.0,0.0,0.0,0.0,0.0,0.0,0.0,0.0,0.0,0.0,0.0,0.0,0.0,0.0,0.0,0.0,0.0,0.0,0.0,0.0,0.0,1.0,0.0,1.0,0.0,0.0,0.0,1.0,0.0,0.0,1.0,0.0,0.0
0.65625,1.0,0.5,1.0,0.36343326929091635,0.4,0.5,0.75,1.0,0.6666666666666666,0.0,1.0,0.4444444444444444,0.6666666666666666,0.0,1.0,0.23076923076923078,0.8181818181818182,0.8666666666666667,1.0,0.0,0.0,1.0,0.0,0.0,0.0,0.0,0.0,0.0,1.0,0.0,0.0,0.0,0.0,0.0,0.0,0.0,0.0,0.0,0.0,1.0,0.0,0.0,0.0,0.0,0.0,0.0,0.0,0.0,0.0,0.0,0.0,0.0,0.0,0.0,0.0,0.0,0.0,1.0,1.0,0.0,0.0,1.0,0.0,0.0,0.0,0.0,0.0,0.0,1.0
0.40625,0.0,0.5,1.0,0.17083687055984986,0.0,1.0,1.0,0.5,0.6666666666666666,0.5,0.0,0.1111111111111111,0.6666666666666666,0.0,0.0,0.23076923076923078,1.0,0.6666666666666666,0.8333333333333334,0.0,0.0,0.0,0.0,0.0,1.0,0.0,0.0,1.0,0.0,0.0,0.0,0.0,0.0,0.0,0.0,0.0,0.0,0.0,0.0,0.0,0.0,0.0,0.0,1.0,0.0,0.0,0.0,0.0,0.0,0.0,0.0,0.0,0.0,0.0,0.0,1.0,0.0,0.0,1.0,0.0,0.0,0.0,0.0,1.0,0.0,0.0,0.0,0.0,1.0
0.28125,0.0,1.0,1.0,0.9515213797417452,0.7,0.5,1.0,1.0,0.6666666666666666,0.0,1.0,0.1111111111111111,0.0,1.0,0.0,0.0,0.9090909090909091,0.6,0.16666666666666666,0.0,0.0,0.0,0.0,0.0,1.0,0.0,0.0,1.0,0.0,0.0,0.0,0.0,0.0,0.0,0.0,0.0,0.0,0.0,0.0,0.0,0.0,0.0,0.0,0.0,0.0,0.0,0.0,1.0,0.0,0.0,0.0,0.0,0.0,0.0,0.0,1.0,0.0,0.0,1.0,0.0,0.0,0.0,0.0,1.0,0.0,0.0,0.0,1.0,0.0
0.40625,1.0,0.5,0.0,0.011862740717572946,0.1,1.0,0.5,0.5,0.0,1.0,0.5,0.5555555555555556,1.0,0.0,1.0,0.8461538461538461,0.7272727272727273,0.4,0.6666666666666666,0.0,0.0,1.0,0.0,0.0,0.0,0.0,0.0,0.0,0.0,1.0,0.0,1.0,0.0,0.0,0.0,0.0,0.0,0.0,0.0,0.0,0.0,0.0,0.0,0.0,0.0,0.0,0.0,0.0,0.0,0.0,0.0,0.0,0.0,0.0,0.0,0.0,0.0,1.0,1.0,0.0,0.0,0.0,0.0,0.0,0.0,1.0,0.0,0.0,1.0
0.5625,1.0,0.5,0.0,0.7780260041999911,0.1,0.25,0.5,0.5,1.0,0.0,1.0,0.2222222222222222,1.0,0.0,0.0,0.6153846153846154,0.7272727272727273,0.8333333333333334,0.5,0.0,0.0,1.0,0.0,0.0,0.0,0.0,0.0,0.0,0.0,0.0,1.0,0.0,0.0,0.0,0.0,0.0,0.0,1.0,0.0,0.0,0.0,0.0,0.0,0.0,0.0,0.0,0.0,0.0,0.0,0.0,0.0,0.0,0.0,0.0,0.0,0.0,0.0,1.0,0.0,0.0,1.0,0.0,0.0,1.0,0.0,0.0,0.0,1.0,0.0
0.28125,0.0,0.0,0.0,0.006121263571779639,0.4,0.25,0.5,0.5,1.0,0.5,0.5,0.8888888888888888,1.0,0.0,0.0,0.7692307692307693,0.5454545454545454,0.43333333333333335,1.0,0.0,0.0,1.0,0.0,0.0,0.0,0.0,0.0,1.0,0.0,0.0,0.0,0.0,0.0,0.0,0.0,0.0,0.0,0.0,0.0,0.0,0.0,1.0,0.0,0.0,0.0,0.0,0.0,0.0,0.0,0.0,0.0,0.0,0.0,0.0,0.0,0.0,1.0,0.0,0.0,0.0,1.0,0.0,0.0,1.0,0.0,0.0,0.0,0.0,1.0
0.09375,0.0,0.5,1.0,0.023412716143157136,0.0,0.75,1.0,0.5,0.0,0.0,1.0,0.5555555555555556,1.0,1.0,1.0,0.15384615384615385,0.6363636363636364,0.36666666666666664,0.0,1.0,0.0,0.0,0.0,0.0,0.0,0.0,0.0,0.0,1.0,0.0,0.0,0.0,0.0,0.0,0.0,0.0,0.0,0.0,0.0,0.0,0.0,1.0,0.0,0.0,0.0,0.0,0.0,0.0,0.0,0.0,0.0,0.0,0.0,0.0,0.0,0.0,1.0,0.0,1.0,0.0,0.0,0.0,0.0,0.0,0.0,1.0,0.0,1.0,0.0
1.0,0.0,0.0,0.0,0.9396362986461732,0.2,0.0,1.0,1.0,1.0,1.0,0.0,0.7777777777777778,0.0,0.0,1.0,0.46153846153846156,1.0,0.5333333333333333,0.16666666666666666,0.0,0.0,1.0,0.0,0.0,0.0,0.0,0.0,0.0,1.0,0.0,0.0,0.0,0.0,0.0,0.0,0.0,0.0,0.0,0.0,0.0,0.0,0.0,0.0,0.0,0.0,0.0,0.0,1.0,0.0,0.0,0.0,0.0,0.0,0.0,0.0,0.0,1.0,0.0,0.0,1.0,0.0,0.0,0.0,0.0,1.0,0.0,1.0,0.0,0.0
0.96875,1.0,0.0,1.0,0.28702917653366694,0.8,0.5,0.0,0.5,0.3333333333333333,0.0,1.0,0.6666666666666666,0.0,0.0,0.0,0.8461538461538461,0.18181818181818182,0.6666666666666666,0.5,0.0,0.0,1.0,0.0,0.0,0.0,0.0,0.0,1.0,0.0,0.0,0.0,0.0,0.0,0.0,0.0,0.0,0.0,0.0,0.0,0.0,0.0,0.0,1.0,0.0,0.0,0.0,0.0,0.0,0.0,0.0,0.0,0.0,0.0,0.0,0.0,1.0,0.0,0.0,0.0,0.0,1.0,0.0,0.0,0.0,0.0,1.0,1.0,0.0,0.0
0.78125,1.0,0.0,0.0,0.5448818194003843,0.4,0.25,0.0,0.0,0.0,1.0,0.0,0.1111111111111111,0.0,0.0,1.0,0.23076923076923078,0.8181818181818182,0.06666666666666667,0.5,0.0,0.0,1.0,0.0,0.0,0.0,0.0,0.0,1.0,0.0,0.0,0.0,0.0,0.0,0.0,0.0,0.0,0.0,0.0,1.0,0.0,0.0,0.0,0.0,0.0,0.0,0.0,0.0,0.0,0.0,0.0,0.0,0.0,0.0,0.0,0.0,1.0,0.0,0.0,1.0,0.0,0.0,0.0,0.0,0.0,0.0,1.0,1.0,0.0,0.0
0.53125,1.0,0.5,1.0,0.7254814351458827,0.4,0.5,0.75,0.0,1.0,0.0,0.5,0.7777777777777778,0.6666666666666666,0.0,1.0,0.0,0.2727272727272727,0.43333333333333335,1.0,0.0,0.0,0.0,0.0,0.0,0.0,1.0,0.0,0.0,0.0,0.0,1.0,0.0,0.0,0.0,0.0,0.0,0.0,0.0,0.0,0.0,0.0,0.0,1.0,0.0,0.0,0.0,0.0,0.0,0.0,0.0,0.0,0.0,0.0,0.0,0.0,0.0,0.0,1.0,0.0,1.0,0.0,0.0,0.0,0.0,1.0,0.0,1.0,0.0,0.0
0.09375,0.0,1.0,1.0,0.07325409945936286,1.0,0.25,0.75,0.0,0.0,0.0,1.0,0.6666666666666666,0.3333333333333333,1.0,1.0,0.6923076923076923,0.0,0.8,0.5,0.0,0.0,0.0,0.0,0.0,1.0,0.0,0.0,0.0,0.0,0.0,1.0,0.0,0.0,0.0,0.0,0.0,0.0,1.0,0.0,0.0,0.0,0.0,0.0,0.0,0.0,0.0,0.0,0.0,0.0,0.0,0.0,0.0,0.0,0.0,0.0,1.0,0.0,0.0,0.0,1.0,0.0,1.0,0.0,0.0,0.0,0.0,0.0,0.0,1.0
0.5,1.0,0.0,0.0,0.13218801662124122,0.5,0.75,0.75,0.5,0.3333333333333333,1.0,0.5,0.2222222222222222,0.6666666666666666,0.0,1.0,0.7692307692307693,0.0,0.13333333333333333,0.6666666666666666,0.0,0.0,0.0,0.0,0.0,1.0,0.0,0.0,0.0,1.0,0.0,0.0,0.0,0.0,0.0,0.0,0.0,0.0,0.0,0.0,0.0,0.0,0.0,0.0,0.0,1.0,0.0,0.0,0.0,0.0,0.0,0.0,0.0,0.0,0.0,0.0,0.0,0.0,1.0,0.0,1.0,0.0,0.0,1.0,0.0,0.0,0.0,0.0,0.0,1.0
0.09375,1.0,0.0,1.0,0.29451320316339746,0.9,1.0,1.0,0.5,0.6666666666666666,0.5,0.5,0.0,1.0,0.0,0.0,0.9230769230769231,0.6363636363636364,0.6666666666666666,0.3333333333333333,0.0,0.0,1.0,0.0,0.0,0.0,0.0,0.0,0.0,1.0,0.0,0.0,0.0,0.0,0.0,0.0,0.0,0.0,0.0,0.0,0.0,0.0,0.0,0.0,0.0,0.0,0.0,0.0,0.0,0.0,1.0,0.0,0.0,0.0,0.0,0.0,0.0,1.0,0.0,0.0,0.0,1.0,1.0,0.0,0.0,0.0,0.0,0.0,0.0,1.0
0.15625,1.0,0.5,1.0,0.926611858272642,0.1,0.5,0.5,1.0,0.6666666666666666,1.0,0.5,0.7777777777777778,0.6666666666666666,0.0,0.0,0.0,0.45454545454545453,0.6666666666666666,0.6666666666666666,0.0,0.0,1.0,0.0,0.0,0.0,0.0,0.0,0.0,0.0,0.0,1.0,0.0,0.0,0.0,0.0,0.0,0.0,0.0,0.0,1.0,0.0,0.0,0.0,0.0,0.0,0.0,0.0,0.0,0.0,0.0,0.0,0.0,0.0,0.0,0.0,0.0,1.0,0.0,0.0,0.0,1.0,1.0,0.0,0.0,0.0,0.0,0.0,1.0,0.0
0.40625,0.0,0.0,0.0,0.38829811000402126,0.6,0.5,0.5,1.0,0.3333333333333333,0.0,0.5,0.4444444444444444,1.0,1.0,0.0,0.0,0.9090909090909091,0.9333333333333333,0.6666666666666666,0.0,0.0,1.0,0.0,0.0,0.0,0.0,0.0,0.0,1.0,0.0,0.0,0.0,0.0,0.0,0.0,0.0,0.0,0.0,0.0,0.0,0.0,0.0,1.0,0.0,0.0,0.0,0.0,0.0,0.0,0.0,0.0,0.0,0.0,0.0,0.0,0.0,1.0,0.0,1.0,0.0,0.0,0.0,1.0,0.0,0.0,0.0,1.0,0.0,0.0
0.09375,1.0,1.0,0.0,0.5153031589294491,1.0,0.25,0.5,1.0,0.3333333333333333,1.0,0.0,0.1111111111111111,0.3333333333333333,0.0,1.0,1.0,0.0,0.03333333333333333,0.16666666666666666,0.0,0.0,0.0,0.0,0.0,1.0,0.0,0.0,0.0,0.0,0.0,1.0,0.0,0.0,0.0,1.0,0.0,0.0,0.0,0.0,0.0,0.0,0.0,0.0,0.0,0.0,0.0,0.0,0.0,0.0,0.0,0.0,0.0,0.0,0.0,0.0,0.0,0.0,1.0,0.0,1.0,0.0,0.0,0.0,1.0,0.0,0.0,1.0,0.0,0.0
0.125,0.0,0.5,0.0,0.1674858138599705,0.0,0.0,0.75,0.5,0.0,0.0,0.5,0.7777777777777778,0.6666666666666666,1.0,0.0,0.6153846153846154,0.45454545454545453,0.6666666666666666,0.6666666666666666,0.0,0.0,1.0,0.0,0.0,0.0,0.0,0.0,0.0,1.0,0.0,0.0,0.0,0.0,0.0,0.0,0.0,0.0,0.0,0.0,0.0,0.0,0.0,0.0,0.0,0.0,0.0,0.0,0.0,0.0,1.0,0.0,0.0,0.0,0.0,0.0,0.0,0.0,1.0,0.0,1.0,0.0,0.0,0.0,1.0,0.0,0.0,1.0,0.0,0.0
0.625,1.0,0.0,1.0,0.28483981948974574,0.5,0.0,1.0,1.0,0.3333333333333333,0.5,1.0,0.7777777777777778,0.0,0.0,0.0,0.6153846153846154,0.36363636363636365,0.7666666666666667,0.6666666666666666,0.0,0.0,1.0,0.0,0.0,0.0,0.0,0.0,0.0,0.0,1.0,0.0,0.0,0.0,0.0,1.0,0.0,0.0,0.0,0.0,0.0,0.0,0.0,0.0,0.0,0.0,0.0,0.0,0.0,0.0,0.0,0.0,0.0,0.0,0.0,0.0,1.0,0.0,0.0,1.0,0.0,0.0,0.0,0.0,0.0,0.0,1.0,0.0,1.0,0.0
0.28125,1.0,0.5,0.0,0.9662660292212145,0.5,0.25,0.75,1.0,0.6666666666666666,0.5,0.0,0.4444444444444444,1.0,1.0,0.0,0.6153846153846154,1.0,0.6,0.5,0.0,0.0,0.0,0.0,0.0,1.0,0.0,0.0,1.0,0.0,0.0,0.0,0.0,0.0,0.0,0.0,0.0,0.0,0.0,0.0,0.0,0.0,0.0,1.0,0.0,0.0,0.0,0.0,0.0,0.0,0.0,0.0,0.0,0.0,0.0,0.0,0.0,0.0,1.0,0.0,1.0,0.0,0.0,0.0,0.0,0.0,1.0,1.0,0.0,0.0
0.0,0.0,1.0,1.0,0.8145078414726777,0.9,0.75,0.25,0.5,0.3333333333333333,1.0,0.5,0.8888888888888888,0.0,0.0,1.0,0.07692307692307693,0.7272727272727273,0.8,0.3333333333333333,0.0,0.0,0.0,0.0,0.0,1.0,0.0,0.0,0.0,1.0,0.0,0.0,0.0,0.0,0.0,0.0,0.0,0.0,0.0,0.0,0.0,0.0,0.0,0.0,0.0,1.0,0.0,0.0,0.0,0.0,0.0,0.0,0.0,0.0,0.0,0.0,1.0,0.0,0.0,0.0,0.0,1.0,0.0,0.0,0.0,0.0,1.0,0.0,0.0,1.0
0.5625,1.0,1.0,0.0,0.07776685581520038,0.5,0.0,1.0,0.0,0.6666666666666666,0.5,0.5,0.2222222222222222,0.3333333333333333,0.0,1.0,0.46153846153846156,0.8181818181818182,1.0,0.5,0.0,0.0,0.0,0.0,0.0,1.0,0.0,0.0,0.0,1.0,0.0,0.0,0.0,0.0,0.0,0.0,0.0,0.0,1.0,0.0,0.0,0.0,0.0,0.0,0.0,0.0,0.0,0.0,0.0,0.0,0.0,0.0,0.0,0.0,0.0,0.0,0.0,1.0,0.0,0.0,1.0,0.0,0.0,0.0,0.0,1.0,0.0,0.0,1.0,0.0
0.8125,0.0,0.0,1.0,0.830168446450114,0.0,0.5,0.75,0.5,0.6666666666666666,1.0,0.0,0.5555555555555556,0.0,1.0,1.0,0.15384615384615385,0.6363636363636364,0.26666666666666666,0.6666666666666666,0.0,0.0,1.0,0.0,0.0,0.0,0.0,0.0,0.0,0.0,0.0,1.0,0.0,0.0,0.0,0.0,0.0,0.0,0.0,0.0,0.0,0.0,0.0,0.0,0.0,0.0,0.0,0.0,0.0,0.0,0.0,1.0,0.0,0.0,0.0,0.0,1.0,0.0,0.0,0.0,1.0,0.0,0.0,0.0,0.0,1.0,0.0,0.0,1.0,0.0
0.9375,1.0,0.0,1.0,0.044032885036414816,0.9,0.75,1.0,0.5,1.0,0.0,1.0,0.6666666666666666,0.3333333333333333,0.0,1.0,1.0,0.8181818181818182,0.0,0.16666666666666666,0.0,1.0,0.0,0.0,0.0,0.0,0.0,0.0,0.0,1.0,0.0,0.0,0.0,1.0,0.0,0.0,0.0,0.0,0.0,0.0,0.0,0.0,0.0,0.0,0.0,0.0,0.0,0.0,0.0,0.0,0.0,0.0,0.0,0.0,0.0,0.0,0.0,0.0,1.0,1.0,0.0,0.0,0.0,0.0,0.0,1.0,0.0,1.0,0.0,0.0
0.15625,0.0,1.0,0.0,0.8638800768509003,0.4,0.0,0.75,0.5,1.0,0.5,1.0,0.4444444444444444,0.3333333333333333,0.0,0.0,0.0,0.45454545454545453,0.5,1.0,0.0,0.0,1.0,0.0,0.0,0.0,0.0,0.0,0.0,0.0,0.0,1.0,0.0,0.0,0.0,0.0,0.0,0.0,0.0,0.0,0.0,0.0,0.0,0.0,0.0,0.0,0.0,0.0,0.0,0.0,0.0,0.0,0.0,0.0,1.0,0.0,0.0,1.0,0.0,0.0,0.0,1.0,0.0,1.0,0.0,0.0,0.0,1.0,0.0,0.0
0.53125,0.0,0.5,0.0,0.34940351190742147,0.2,0.0,0.75,1.0,1.0,0.0,0.0,0.0,0.3333333333333333,1.0,0.0,0.07692307692307693,0.18181818181818182,0.9,0.5,0.0,0.0,0.0,0.0,0.0,1.0,0.0,0.0,1.0,0.0,0.0,0.0,0.0,0.0,0.0,0.0,0.0,0.0,0.0,0.0,0.0,0.0,0.0,0.0,0.0,0.0,0.0,1.0,0.0,0.0,0.0,0.0,0.0,0.0,0.0,0.0,0.0,1.0,0.0,0.0,0.0,1.0,0.0,0.0,0.0,1.0,0.0,0.0,1.0,0.0
1.0,1.0,0.5,0.0,0.7331218444216077,0.0,1.0,0.25,1.0,0.0,1.0,1.0,0.1111111111111111,0.6666666666666666,1.0,0.0,0.6153846153846154,0.45454545454545453,0.5,1.0,0.0,0.0,1.0,0.0,0.0,0.0,0.0,0.0,0.0,0.0,0.0,1.0,1.0,0.0,0.0,0.0,0.0,0.0,0.0,0.0,0.0,0.0,0.0,0.0,0.0,0.0,0.0,0.0,0.0,0.0,0.0,0.0,0.0,0.0,0.0,0.0,0.0,0.0,1.0,1.0,0.0,0.0,0.0,0.0,1.0,0.0,0.0,0.0,1.0,0.0
0.375,1.0,0.0,1.0,0.66639113533801,0.8,0.5,1.0,0.5,0.3333333333333333,0.0,0.5,0.4444444444444444,0.3333333333333333,0.0,1.0,0.6923076923076923,0.0,0.4666666666666667,0.0,0.0,0.0,1.0,0.0,0.0,0.0,0.0,0.0,1.0,0.0,0.0,0.0,0.0,0.0,1.0,0.0,0.0,0.0,0.0,0.0,0.0,0.0,0.0,0.0,0.0,0.0,0.0,0.0,0.0,0.0,0.0,0.0,0.0,0.0,0.0,0.0,0.0,1.0,0.0,1.0,0.0,0.0,0.0,0.0,0.0,0.0,1.0,0.0,1.0,0.0
0.625,0.0,0.5,0.0,0.6245476073455163,0.1,0.5,0.25,0.5,1.0,0.0,0.5,0.8888888888888888,1.0,1.0,0.0,0.6153846153846154,0.09090909090909091,0.3,0.8333333333333334,0.0,0.0,0.0,0.0,0.0,1.0,0.0,0.0,0.0,1.0,0.0,0.0,0.0,0.0,0.0,0.0,0.0,0.0,0.0,0.0,0.0,0.0,0.0,0.0,0.0,0.0,1.0,0.0,0.0,0.0,0.0,0.0,0.0,0.0,0.0,0.0,1.0,0.0,0.0,0.0,1.0,0.0,0.0,0.0,0.0,1.0,0.0,0.0,1.0,0.0
0.75,0.0,1.0,0.0,0.8033153120950808,0.8,0.25,0.75,0.5,0.3333333333333333,0.0,1.0,0.3333333333333333,1.0,1.0,0.0,0.0,0.7272727272727273,0.03333333333333333,0.0,0.0,0.0,0.0,0.0,0.0,1.0,0.0,0.0,0.0,1.0,0.0,0.0,0.0,0.0,0.0,0.0,0.0,0.0,0.0,0.0,0.0,0.0,0.0,0.0,1.0,0.0,0.0,0.0,0.0,0.0,0.0,0.0,0.0,0.0,0.0,0.0,0.0,0.0,1.0,0.0,1.0,0.0,0.0,1.0,0.0,0.0,0.0,1.0,0.0,0.0
0.1875,1.0,1.0,0.0,0.7822483356418392,0.5,0.5,0.5,0.5,1.0,1.0,0.5,0.6666666666666666,0.3333333333333333,1.0,0.0,0.3076923076923077,0.7272727272727273,0.36666666666666664,0.5,0.0,0.0,1.0,0.0,0.0,0.0,0.0,0.0,1.0,0.0,0.0,0.0,0.0,0.0,0.0,0.0,0.0,0.0,0.0,0.0,0.0,0.0,0.0,0.0,0.0,0.0,1.0,0.0,0.0,0.0,0.0,0.0,0.0,0.0,0.0,0.0,0.0,0.0,1.0,0.0,1.0,0.0,0.0,1.0,0.0,0.0,0.0,0.0,1.0,0.0
0.28125,1.0,1.0,0.0,0.389638532683973,0.9,0.5,0.25,0.5,0.6666666666666666,0.5,0.0,0.0,0.0,1.0,0.0,0.38461538461538464,0.6363636363636364,1.0,0.8333333333333334,0.0,0.0,1.0,0.0,0.0,0.0,0.0,0.0,0.0,1.0,0.0,0.0,0.0,0.0,0.0,1.0,0.0,0.0,0.0,0.0,0.0,0.0,0.0,0.0,0.0,0.0,0.0,0.0,0.0,0.0,0.0,0.0,0.0,0.0,0.0,0.0,1.0,0.0,0.0,1.0,0.0,0.0,1.0,0.0,0.0,0.0,0.0,1.0,0.0,0.0
0.5625,1.0,1.0,1.0,0.49767660068808367,1.0,1.0,0.5,1.0,0.3333333333333333,1.0,0.0,0.4444444444444444,0.6666666666666666,1.0,0.0,0.3076923076923077,0.0,0.7,0.0,0.0,0.0,1.0,0.0,0.0,0.0,0.0,0.0,0.0,0.0,0.0,1.0,0.0,0.0,0.0,1.0,0.0,0.0,0.0,0.0,0.0,0.0,0.0,0.0,0.0,0.0,0.0,0.0,0.0,0.0,0.0,0.0,0.0,0.0,0.0,0.0,0.0,0.0,1.0,0.0,1.0,0.0,0.0,0.0,0.0,1.0,0.0,1.0,0.0,0.0
0.03125,1.0,1.0,0.0,0.6995442562888163,0.9,0.5,0.25,0.5,0.3333333333333333,0.0,0.0,0.2222222222222222,0.6666666666666666,1.0,0.0,0.3076923076923077,0.6363636363636364,0.9666666666666667,0.6666666666666666,0.0,1.0,0.0,0.0,0.0,0.0,0.0,0.0,0.0,0.0,1.0,0.0,0.0,0.0,0.0,0.0,0.0,0.0,0.0,0.0,1.0,0.0,0.0,0.0,0.0,0.0,0.0,0.0,0.0,0.0,0.0,0.0,0.0,0.0,0.0,0.0,0.0,0.0,1.0,1.0,0.0,0.0,1.0,0.0,0.0,0.0,0.0,1.0,0.0,0.0
0.1875,1.0,0.5,0.0,0.5627317814217416,0.7,0.0,0.75,1.0,0.6666666666666666,1.0,1.0,1.0,0.0,0.0,1.0,0.07692307692307693,0.5454545454545454,0.7333333333333333,0.16666666666666666,0.0,0.0,1.0,0.0,0.0,0.0,0.0,0.0,0.0,0.0,1.0,0.0,0.0,0.0,0.0,0.0,0.0,0.0,0.0,0.0,0.0,0.0,0.0,0.0,0.0,0.0,0.0,0.0,0.0,0.0,0.0,1.0,0.0,0.0,0.0,0.0,0.0,0.0,1.0,1.0,0.0,0.0,0.0,0.0,1.0,0.0,0.0,0.0,0.0,1.0
0.53125,1.0,0.0,1.0,0.5951029891425763,0.4,0.0,0.0,0.5,1.0,0.0,1.0,0.1111111111111111,1.0,1.0,0.0,0.23076923076923078,0.2727272727272727,0.3333333333333333,0.5,0.0,0.0,0.0,0.0,0.0,1.0,0.0,0.0,1.0,0.0,0.0,0.0,1.0,0.0,0.0,0.0,0.0,0.0,0.0,0.0,0.0,0.0,0.0,0.0,0.0,0.0,0.0,0.0,0.0,0.0,0.0,0.0,0.0,0.0,0.0,0.0,0.0,0.0,1.0,1.0,0.0,0.0,0.0,0.0,0.0,1.0,0.0,0.0,0.0,1.0
0.625,1.0,0.0,1.0,0.31859613064653053,0.7,0.75,0.5,0.0,0.0,1.0,0.0,0.7777777777777778,1.0,0.0,1.0,0.38461538461538464,0.5454545454545454,0.3333333333333333,0.5,0.0,0.0,1.0,0.0,0.0,0.0,0.0,0.0,0.0,1.0,0.0,0.0,0.0,0.0,0.0,1.0,0.0,0.0,0.0,0.0,0.0,0.0,0.0,0.0,0.0,0.0,0.0,0.0,0.0,0.0,0.0,0.0,0.0,0.0,0.0,0.0,0.0,1.0,0.0,0.0,0.0,1.0,0.0,0.0,0.0,0.0,1.0,1.0,0.0,0.0
0.5,1.0,0.0,1.0,0.5172467718153791,0.4,0.25,0.5,1.0,0.0,0.0,0.5,0.6666666666666666,0.6666666666666666,1.0,1.0,0.0,0.7272727272727273,0.5,0.0,0.0,0.0,0.0,0.0,0.0,1.0,0.0,0.0,0.0,0.0,0.0,1.0,0.0,0.0,0.0,0.0,0.0,0.0,0.0,0.0,0.0,0.0,0.0,0.0,0.0,0.0,0.0,0.0,0.0,0.0,0.0,0.0,1.0,0.0,0.0,0.0,0.0,0.0,1.0,1.0,0.0,0.0,0.0,1.0,0.0,0.0,0.0,0.0,1.0,0.0
0.34375,1.0,1.0,0.0,0.23117823153567757,0.4,1.0,0.75,0.5,0.6666666666666666,1.0,1.0,0.0,0.0,1.0,1.0,0.0,0.7272727272727273,0.7,1.0,0.0,0.0,1.0,0.0,0.0,0.0,0.0,0.0,1.0,0.0,0.0,0.0,0.0,0.0,0.0,0.0,0.0,0.0,0.0,0.0,0.0,0.0,0.0,0.0,0.0,0.0,1.0,0.0,0.0,0.0,0.0,0.0,0.0,0.0,0.0,0.0,0.0,0.0,1.0,0.0,0.0,1.0,0.0,0.0,0.0,0.0,1.0,0.0,1.0,0.0
0.71875,0.0,0.5,0.0,0.07470622402931058,0.8,0.0,0.5,0.5,1.0,0.0,1.0,0.0,1.0,1.0,1.0,0.0,0.9090909090909091,0.06666666666666667,1.0,0.0,0.0,1.0,0.0,0.0,0.0,0.0,0.0,0.0,0.0,0.0,1.0,0.0,0.0,0.0,0.0,0.0,0.0,0.0,0.0,1.0,0.0,0.0,0.0,0.0,0.0,0.0,0.0,0.0,0.0,0.0,0.0,0.0,0.0,0.0,0.0,1.0,0.0,0.0,1.0,0.0,0.0,0.0,0.0,0.0,0.0,1.0,0.0,0.0,1.0
0.71875,0.0,0.0,1.0,0.3663375184308118,0.5,0.75,0.75,0.0,0.6666666666666666,0.0,0.5,0.6666666666666666,0.0,1.0,1.0,0.6153846153846154,0.36363636363636365,0.4666666666666667,0.3333333333333333,0.0,0.0,0.0,0.0,0.0,1.0,0.0,0.0,1.0,0.0,0.0,0.0,0.0,0.0,0.0,0.0,0.0,0.0,0.0,0.0,0.0,0.0,0.0,0.0,1.0,0.0,0.0,0.0,0.0,0.0,0.0,0.0,0.0,0.0,0.0,0.0,1.0,0.0,0.0,0.0,0.0,1.0,0.0,1.0,0.0,0.0,0.0,0.0,0.0,1.0
0.4375,1.0,0.5,1.0,0.023457396899155533,1.0,1.0,1.0,0.0,0.0,0.0,0.0,0.4444444444444444,0.3333333333333333,1.0,0.0,0.9230769230769231,0.9090909090909091,0.7666666666666667,1.0,0.0,0.0,0.0,0.0,0.0,1.0,0.0,0.0,0.0,1.0,0.0,0.0,1.0,0.0,0.0,0.0,0.0,0.0,0.0,0.0,0.0,0.0,0.0,0.0,0.0,0.0,0.0,0.0,0.0,0.0,0.0,0.0,0.0,0.0,0.0,0.0,0.0,1.0,0.0,0.0,1.0,0.0,0.0,1.0,0.0,0.0,0.0,0.0,0.0,1.0
0.5625,0.0,0.0,1.0,0.9199097448728834,0.9,0.0,0.5,0.0,0.6666666666666666,1.0,1.0,0.1111111111111111,0.3333333333333333,0.0,0.0,0.8461538461538461,0.18181818181818182,1.0,1.0,0.0,0.0,1.0,0.0,0.0,0.0,0.0,0.0,0.0,0.0,1.0,0.0,0.0,0.0,0.0,0.0,0.0,0.0,0.0,0.0,0.0,0.0,0.0,0.0,0.0,0.0,0.0,0.0,0.0,0.0,0.0,1.0,0.0,0.0,0.0,0.0,0.0,0.0,1.0,0.0,1.0,0.0,0.0,0.0,1.0,0.0,0.0,1.0,0.0,0.0
0.46875,0.0,0.5,1.0,0.890197042133953,0.1,1.0,0.5,1.0,0.6666666666666666,0.5,0.0,0.7777777777777778,1.0,1.0,1.0,0.6923076923076923,0.18181818181818182,0.6666666666666666,0.5,0.0,0.0,0.0,0.0,0.0,1.0,0.0,0.0,0.0,1.0,0.0,0.0,0.0,0.0,0.0,0.0,0.0,0.0,0.0,0.0,0.0,0.0,0.0,0.0,0.0,0.0,0.0,0.0,0.0,0.0,0.0,0.0,1.0,0.0,0.0,0.0,0.0,1.0,0.0,0.0,0.0,1.0,0.0,1.0,0.0,0.0,0.0,0.0,0.0,1.0
0.21875,0.0,1.0,0.0,0.589004065948796,0.5,0.5,1.0,1.0,0.6666666666666666,1.0,0.5,0.3333333333333333,0.0,1.0,0.0,0.0,0.5454545454545454,0.06666666666666667,0.3333333333333333,0.0,0.0,1.0,0.0,0.0,0.0,0.0,0.0,0.0,1.0,0.0,0.0,0.0,0.0,0.0,0.0,0.0,0.0,0.0,0.0,0.0,0.0,0.0,0.0,0.0,0.0,0.0,0.0,0.0,1.0,0.0,0.0,0.0,0.0,0.0,0.0,1.0,0.0,0.0,1.0,0.0,0.0,1.0,0.0,0.0,0.0,0.0,1.0,0.0,0.0
0.875,0.0,0.5,0.0,0.708167642196506,0.1,0.5,1.0,1.0,0.0,0.5,1.0,0.2222222222222222,1.0,1.0,1.0,0.15384615384615385,0.18181818181818182,0.5333333333333333,1.0,0.0,0.0,1.0,0.0,0.0,0.0,0.0,0.0,0.0,1.0,0.0,0.0,0.0,0.0,0.0,0.0,0.0,0.0,0.0,0.0,0.0,0.0,0.0,0.0,0.0,0.0,0.0,1.0,0.0,0.0,0.0,0.0,0.0,0.0,0.0,0.0,0.0,1.0,0.0,1.0,0.0,0.0,0.0,1.0,0.0,0.0,0.0,0.0,1.0,0.0
0.71875,1.0,0.0,0.0,0.40047361601358294,0.5,0.5,0.75,0.0,0.0,1.0,1.0,0.8888888888888888,0.0,0.0,1.0,0.38461538461538464,0.9090909090909091,0.6666666666666666,0.5,0.0,0.0,1.0,0.0,0.0,0.0,0.0,0.0,0.0,0.0,1.0,0.0,0.0,0.0,0.0,0.0,0.0,0.0,0.0,0.0,0.0,0.0,0.0,0.0,0.0,0.0,0.0,0.0,0.0,0.0,0.0,0.0,0.0,1.0,0.0,0.0,0.0,1.0,0.0,1.0,0.0,0.0,0.0,0.0,0.0,1.0,0.0,0.0,0.0,1.0
0.3125,0.0,0.5,0.0,0.3927885259818596,0.1,0.5,0.0,0.5,1.0,0.0,0.5,1.0,0.6666666666666666,1.0,0.0,0.9230769230769231,0.6363636363636364,0.03333333333333333,0.6666666666666666,0.0,0.0,1.0,0.0,0.0,0.0,0.0,0.0,0.0,0.0,0.0,1.0,0.0,0.0,0.0,0.0,0.0,0.0,0.0,0.0,0.0,0.0,0.0,0.0,0.0,1.0,0.0,0.0,0.0,0.0,0.0,0.0,0.0,0.0,0.0,0.0,0.0,0.0,1.0,1.0,0.0,0.0,0.0,0.0,0.0,0.0,1.0,0.0,1.0,0.0
0.15625,1.0,1.0,0.0,0.37444707564451984,0.0,1.0,0.5,0.0,1.0,0.0,1.0,0.6666666666666666,0.3333333333333333,0.0,0.0,0.15384615384615385,0.7272727272727273,0.7666666666666667,0.16666666666666666,0.0,0.0,0.0,0.0,0.0,1.0,0.0,0.0,1.0,0.0,0.0,0.0,0.0,0.0,0.0,0.0,0.0,0.0,0.0,0.0,0.0,0.0,0.0,0.0,0.0,0.0,0.0,0.0,0.0,0.0,0.0,0.0,1.0,0.0,0.0,0.0,0.0,1.0,0.0,1.0,0.0,0.0,0.0,0.0,0.0,0.0,1.0,1.0,0.0,0.0
0.9375,1.0,0.0,1.0,0.18310173808140828,0.5,0.25,1.0,0.5,0.3333333333333333,1.0,1.0,0.2222222222222222,0.3333333333333333,1.0,0.0,0.0,1.0,0.5666666666666667,0.3333333333333333,0.0,0.0,1.0,0.0,0.0,0.0,0.0,0.0,0.0,0.0,0.0,1.0,0.0,0.0,0.0,0.0,0.0,0.0,0.0,0.0,1.0,0.0,0.0,0.0,0.0,0.0,0.0,0.0,0.0,0.0,0.0,0.0,0.0,0.0,0.0,0.0,1.0,0.0,0.0,0.0,1.0,0.0,0.0,0.0,0.0,1.0,0.0,1.0,0.0,0.0
0.25,1.0,1.0,1.0,0.8182163442205442,0.5,1.0,0.0,0.5,1.0,0.0,0.0,0.0,1.0,0.0,0.0,0.46153846153846156,0.36363636363636365,0.8,0.8333333333333334,0.0,0.0,0.0,0.0,0.0,1.0,0.0,0.0,0.0,0.0,1.0,0.0,0.0,1.0,0.0,0.0,0.0,0.0,0.0,0.0,0.0,0.0,0.0,0.0,0.0,0.0,0.0,0.0,0.0,0.0,0.0,0.0,0.0,0.0,0.0,0.0,1.0,0.0,0.0,0.0,0.0,1.0,0.0,0.0,0.0,1.0,0.0,1.0,0.0,0.0
0.65625,1.0,1.0,0.0,0.9132746526071222,0.5,0.0,0.25,1.0,1.0,0.0,0.0,0.4444444444444444,0.6666666666666666,1.0,0.0,0.7692307692307693,0.0,0.13333333333333333,0.6666666666666666,0.0,0.0,1.0,0.0,0.0,0.0,0.0,0.0,0.0,1.0,0.0,0.0,0.0,1.0,0.0,0.0,0.0,0.0,0.0,0.0,0.0,0.0,0.0,0.0,0.0,0.0,0.0,0.0,0.0,0.0,0.0,0.0,0.0,0.0,0.0,0.0,1.0,0.0,0.0,0.0,0.0,1.0,0.0,0.0,1.0,0.0,0.0,0.0,1.0,0.0
0.84375,0.0,0.0,1.0,0.976833028014834,0.0,1.0,0.5,1.0,0.3333333333333333,1.0,0.0,0.1111111111111111,0.0,1.0,1.0,0.8461538461538461,0.18181818181818182,0.4666666666666667,0.6666666666666666,0.0,0.0,0.0,0.0,0.0,1.0,0.0,0.0,0.0,1.0,0.0,0.0,0.0,0.0,0.0,0.0,0.0,0.0,0.0,0.0,0.0,0.0,0.0,0.0,0.0,0.0,0.0,0.0,0.0,0.0,0.0,0.0,0.0,1.0,0.0,0.0,0.0,1.0,0.0,1.0,0.0,0.0,0.0,0.0,0.0,0.0,1.0,0.0,1.0,0.0
0.125,0.0,0.0,1.0,0.22206335731200572,0.5,0.75,0.75,0.75,0.3333333333333333,1.0,0.0,0.2222222222222222,1.0,1.0,0.0,0.5384615384615384,0.5454545454545454,0.7333333333333333,0.16666666666666666,0.0,0.0,0.0,0.0,0.0,1.0,0.0,0.0,1.0,0.0,0.0,0.0,0.0,0.0,0.0,0.0,0.0,0.0,0.0,0.0,0.0,0.0,0.0,0.0,0.0,0.0,0.0,0.0,0.0,0.0,0.0,0.0,0.0,0.0,1.0,0.0,0.0,1.0,0.0,0.0,1.0,0.0,0.0,1.0,0.0,0.0,0.0,0.0,0.0,1.0
0.5625,1.0,0.0,0.0,0.3756757964344757,0.3,0.75,0.5,0.0,0.6666666666666666,1.0,0.0,0.3333333333333333,0.6666666666666666,1.0,0.0,0.7692307692307693,0.7272727272727273,0.5666666666666667,0.3333333333333333,0.0,0.0,0.0,0.0,0.0,1.0,0.0,0.0,0.0,1.0,0.0,0.0,0.0,0.0,0.0,0.0,0.0,0.0,0.0,0.0,0.0,0.0,0.0,0.0,0.0,0.0,1.0,0.0,0.0,0.0,0.0,0.0,0.0,0.0,0.0,0.0,0.0,1.0,0.0,0.0,1.0,0.0,1.0,0.0,0.0,0.0,0.0,0.0,1.0,0.0
0.34375,0.0,0.5,1.0,0.8631205039989277,0.5,0.5,1.0,1.0,0.3333333333333333,1.0,0.0,0.5555555555555556,0.3333333333333333,0.0,0.0,0.7692307692307693,0.18181818181818182,0.26666666666666666,0.8333333333333334,0.0,0.0,1.0,0.0,0.0,0.0,0.0,0.0,0.0,1.0,0.0,0.0,0.0,0.0,0.0,0.0,0.0,0.0,0.0,0.0,0.0,0.0,0.0,0.0,0.0,0.0,0.0,0.0,0.0,1.0,0.0,0.0,0.0,0.0,0.0,0.0,1.0,0.0,0.0,0.0,1.0,0.0,1.0,0.0,0.0,0.0,0.0,1.0,0.0,0.0
0.46875,1.0,0.5,1.0,0.16056029668021984,0.0,1.0,0.75,0.75,0.3333333333333333,0.0,1.0,0.4444444444444444,0.0,1.0,0.0,0.8461538461538461,0.0,0.9333333333333333,0.0,0.0,0.0,0.0,0.0,0.0,1.0,0.0,0.0,0.0,1.0,0.0,0.0,0.0,0.0,0.0,1.0,0.0,0.0,0.0,0.0,0.0,0.0,0.0,0.0,0.0,0.0,0.0,0.0,0.0,0.0,0.0,0.0,0.0,0.0,0.0,0.0,1.0,0.0,0.0,0.0,0.0,1.0,0.0,0.0,0.0,1.0,0.0,1.0,0.0,0.0
0.53125,1.0,1.0,0.0,0.32250569679638974,0.6,0.5,0.0,0.5,1.0,0.5,0.0,0.5555555555555556,0.0,0.0,0.0,0.6923076923076923,0.5454545454545454,0.7,0.0,0.0,0.0,0.0,0.0,0.0,1.0,0.0,0.0,0.0,1.0,0.0,0.0,0.0,0.0,0.0,0.0,0.0,0.0,0.0,1.0,0.0,0.0,0.0,0.0,0.0,0.0,0.0,0.0,0.0,0.0,0.0,0.0,0.0,0.0,0.0,0.0,0.0,0.0,1.0,0.0,1.0,0.0,0.0,0.0,1.0,0.0,0.0,0.0,1.0,0.0
0.65625,0.0,0.0,1.0,0.3113131674187927,0.7,1.0,0.0,0.5,0.0,0.5,0.5,0.1111111111111111,0.3333333333333333,1.0,1.0,0.8461538461538461,0.09090909090909091,0.06666666666666667,0.8333333333333334,0.0,0.0,1.0,0.0,0.0,0.0,0.0,0.0,0.0,0.0,1.0,0.0,0.0,0.0,0.0,0.0,1.0,0.0,0.0,0.0,0.0,0.0,0.0,0.0,0.0,0.0,0.0,0.0,0.0,0.0,0.0,0.0,0.0,0.0,0.0,0.0,1.0,0.0,0.0,0.0,1.0,0.0,0.0,0.0,0.0,1.0,0.0,0.0,0.0,1.0
0.625,0.0,0.0,0.0,0.9719181448550109,0.8,0.5,0.75,0.0,0.6666666666666666,0.5,0.0,0.3333333333333333,1.0,1.0,1.0,0.23076923076923078,0.45454545454545453,0.06666666666666667,0.0,0.0,0.0,1.0,0.0,0.0,0.0,0.0,0.0,0.0,0.0,1.0,0.0,0.0,0.0,0.0,0.0,0.0,0.0,0.0,0.0,0.0,0.0,1.0,0.0,0.0,0.0,0.0,0.0,0.0,0.0,0.0,0.0,0.0,0.0,0.0,0.0,1.0,0.0,0.0,1.0,0.0,0.0,0.0,0.0,1.0,0.0,0.0,0.0,1.0,0.0
0.28125,1.0,0.5,1.0,0.42862249229256955,0.5,0.0,0.0,0.5,0.3333333333333333,0.0,0.0,1.0,0.3333333333333333,1.0,0.0,0.0,0.8181818181818182,0.13333333333333333,0.8333333333333334,0.0,0.0,1.0,0.0,0.0,0.0,0.0,0.0,0.0,0.0,1.0,0.0,0.0,0.0,0.0,0.0,1.0,0.0,0.0,0.0,0.0,0.0,0.0,0.0,0.0,0.0,0.0,0.0,0.0,0.0,0.0,0.0,0.0,0.0,0.0,0.0,1.0,0.0,0.0,0.0,1.0,0.0,0.0,0.0,0.0,0.0,1.0,0.0,1.0,0.0
0.53125,0.0,0.0,1.0,0.563915821455699,0.0,0.0,0.0,0.5,1.0,0.0,0.0,0.6666666666666666,0.6666666666666666,0.0,1.0,0.6923076923076923,0.0,0.1,0.5,0.0,0.0,0.0,0.0,0.0,1.0,0.0,0.0,0.0,0.0,0.0,1.0,0.0,1.0,0.0,0.0,0.0,0.0,0.0,0.0,0.0,0.0,0.0,0.0,0.0,0.0,0.0,0.0,0.0,0.0,0.0,0.0,0.0,0.0,0.0,0.0,0.0,0.0,1.0,1.0,0.0,0.0,0.0,0.0,1.0,0.0,0.0,0.0,0.0,1.0
0.78125,0.0,1.0,0.0,0.19076448773513244,0.3,0.5,1.0,1.0,0.3333333333333333,1.0,0.0,0.1111111111111111,1.0,0.0,1.0,1.0,0.09090909090909091,0.8666666666666667,0.16666666666666666,0.0,0.0,1.0,0.0,0.0,0.0,0.0,0.0,0.0,0.0,0.0,1.0,0.0,0.0,0.0,0.0,0.0,0.0,0.0,0.0,0.0,0.0,0.0,0.0,0.0,0.0,0.0,0.0,0.0,0.0,0.0,0.0,0.0,0.0,1.0,0.0,1.0,0.0,0.0,0.0,0.0,1.0,0.0,0.0,1.0,0.0,0.0,1.0,0.0,0.0
0.6875,1.0,0.5,0.0,0.44303203610205083,0.9,0.5,0.25,0.15,0.6666666666666666,0.0,0.5,0.0,0.6666666666666666,1.0,1.0,1.0,0.8181818181818182,0.0,0.16666666666666666,0.0,1.0,0.0,0.0,0.0,0.0,0.0,0.0,0.0,0.0,1.0,0.0,0.0,0.0,0.0,0.0,0.0,0.0,1.0,0.0,0.0,0.0,0.0,0.0,0.0,0.0,0.0,0.0,0.0,0.0,0.0,0.0,0.0,0.0,0.0,0.0,0.0,1.0,0.0,0.0,1.0,0.0,0.0,0.0,0.0,0.0,1.0,1.0,0.0,0.0
0.03125,0.0,0.0,0.0,0.9294267459005406,0.5,0.5,0.75,0.1,0.6666666666666666,0.0,1.0,0.2222222222222222,1.0,1.0,1.0,0.3076923076923077,1.0,0.3333333333333333,0.3333333333333333,0.0,0.0,0.0,0.0,0.0,1.0,0.0,0.0,1.0,0.0,0.0,0.0,0.0,0.0,0.0,0.0,0.0,0.0,0.0,0.0,0.0,0.0,0.0,0.0,0.0,0.0,0.0,0.0,0.0,0.0,1.0,0.0,0.0,0.0,0.0,0.0,1.0,0.0,0.0,0.0,0.0,1.0,0.0,0.0,1.0,0.0,0.0,1.0,0.0,0.0
0.875,1.0,0.0,1.0,0.39897681068763685,0.4,0.75,1.0,1.0,0.0,0.5,0.0,0.5555555555555556,0.0,0.0,0.0,0.38461538461538464,0.9090909090909091,0.8,0.0,1.0,0.0,0.0,0.0,0.0,0.0,0.0,0.0,0.0,1.0,0.0,0.0,1.0,0.0,0.0,0.0,0.0,0.0,0.0,0.0,0.0,0.0,0.0,0.0,0.0,0.0,0.0,0.0,0.0,0.0,0.0,0.0,0.0,0.0,0.0,0.0,1.0,0.0,0.0,0.0,1.0,0.0,0.0,0.0,0.0,1.0,0.0,1.0,0.0,0.0
0.375,1.0,0.0,1.0,0.8931906527858451,0.6,0.25,0.25,0.1,1.0,0.5,0.0,0.5555555555555556,0.3333333333333333,1.0,1.0,0.5384615384615384,0.0,0.4,0.8333333333333334,0.0,0.0,1.0,0.0,0.0,0.0,0.0,0.0,0.0,0.0,1.0,0.0,0.0,0.0,0.0,0.0,0.0,0.0,0.0,0.0,0.0,0.0,0.0,0.0,0.0,0.0,0.0,0.0,0.0,0.0,0.0,1.0,0.0,0.0,0.0,0.0,0.0,0.0,1.0,1.0,0.0,0.0,0.0,0.0,0.0,0.0,1.0,0.0,1.0,0.0
0.53125,1.0,0.5,0.0,0.4372682185782583,0.2,0.5,0.0,0.5,0.6666666666666666,0.5,0.0,0.2222222222222222,0.6666666666666666,0.0,1.0,0.3076923076923077,0.7272727272727273,0.5333333333333333,0.16666666666666666,0.0,0.0,0.0,0.0,0.0,1.0,0.0,0.0,1.0,0.0,0.0,0.0,0.0,0.0,0.0,0.0,0.0,0.0,0.0,0.0,0.0,0.0,1.0,0.0,0.0,0.0,0.0,0.0,0.0,0.0,0.0,0.0,0.0,0.0,0.0,0.0,0.0,1.0,0.0,0.0,1.0,0.0,0.0,0.0,1.0,0.0,0.0,0.0,1.0,0.0
0.5,1.0,0.0,0.0,0.09563915821455699,0.0,0.0,1.0,0.5,0.0,0.5,0.5,0.1111111111111111,1.0,0.0,1.0,0.8461538461538461,0.6363636363636364,0.36666666666666664,0.0,0.0,0.0,0.0,0.0,0.0,1.0,0.0,0.0,0.0,0.0,0.0,1.0,0.0,0.0,0.0,0.0,0.0,0.0,0.0,0.0,0.0,0.0,0.0,0.0,0.0,1.0,0.0,0.0,0.0,0.0,0.0,0.0,0.0,0.0,0.0,0.0,0.0,0.0,1.0,1.0,0.0,0.0,0.0,0.0,0.0,0.0,1.0,0.0,1.0,0.0
0.3125,0.0,0.0,1.0,0.19445065010499976,0.4,0.5,0.5,1.0,1.0,1.0,0.0,0.0,0.6666666666666666,0.0,1.0,0.23076923076923078,0.7272727272727273,0.26666666666666666,0.0,0.0,0.0,1.0,0.0,0.0,0.0,0.0,0.0,0.0,1.0,0.0,0.0,0.0,0.0,0.0,0.0,0.0,0.0,0.0,0.0,0.0,0.0,1.0,0.0,0.0,0.0,0.0,0.0,0.0,0.0,0.0,0.0,0.0,0.0,0.0,0.0,0.0,0.0,1.0,0.0,1.0,0.0,1.0,0.0,0.0,0.0,0.0,0.0,1.0,0.0
0.8125,0.0,1.0,0.0,0.06239667575175372,0.3,0.5,0.75,1.0,1.0,0.5,0.0,0.2222222222222222,1.0,1.0,0.0,0.8461538461538461,0.36363636363636365,0.8333333333333334,1.0,0.0,0.0,1.0,0.0,0.0,0.0,0.0,0.0,0.0,1.0,0.0,0.0,0.0,0.0,0.0,0.0,0.0,0.0,0.0,0.0,0.0,0.0,0.0,0.0,0.0,1.0,0.0,0.0,0.0,0.0,0.0,0.0,0.0,0.0,0.0,0.0,0.0,1.0,0.0,0.0,0.0,1.0,0.0,0.0,0.0,0.0,1.0,0.0,0.0,1.0
0.21875,1.0,1.0,0.0,0.36662794334480137,0.7,1.0,0.75,0.15,0.0,1.0,0.5,0.8888888888888888,0.6666666666666666,1.0,0.0,0.7692307692307693,0.9090909090909091,0.26666666666666666,0.8333333333333334,0.0,0.0,0.0,0.0,0.0,1.0,0.0,0.0,1.0,0.0,0.0,0.0,0.0,0.0,0.0,0.0,0.0,0.0,0.0,0.0,0.0,0.0,0.0,0.0,0.0,0.0,0.0,0.0,0.0,0.0,0.0,0.0,1.0,0.0,0.0,0.0,0.0,1.0,0.0,0.0,0.0,1.0,0.0,0.0,0.0,1.0,0.0,0.0,1.0,0.0
0.84375,0.0,0.5,1.0,0.014923372503462758,0.1,0.25,1.0,0.125,0.0,0.5,0.0,1.0,0.6666666666666666,0.0,0.0,0.15384615384615385,0.5454545454545454,0.6,0.6666666666666666,0.0,0.0,0.0,0.0,0.0,1.0,0.0,0.0,0.0,1.0,0.0,0.0,0.0,0.0,0.0,0.0,0.0,0.0,0.0,0.0,0.0,0.0,0.0,0.0,0.0,0.0,0.0,0.0,0.0,1.0,0.0,0.0,0.0,0.0,0.0,0.0,0.0,1.0,0.0,1.0,0.0,0.0,0.0,1.0,0.0,0.0,0.0,0.0,0.0,1.0
0.90625,1.0,0.0,0.0,0.6997006389348108,0.8,0.0,0.0,0.15,0.6666666666666666,1.0,0.0,0.1111111111111111,0.3333333333333333,1.0,1.0,0.6153846153846154,0.0,0.2,1.0,0.0,0.0,1.0,0.0,0.0,0.0,0.0,0.0,0.0,0.0,1.0,0.0,0.0,0.0,0.0,1.0,0.0,0.0,0.0,0.0,0.0,0.0,0.0,0.0,0.0,0.0,0.0,0.0,0.0,0.0,0.0,0.0,0.0,0.0,0.0,0.0,0.0,0.0,1.0,0.0,1.0,0.0,1.0,0.0,0.0,0.0,0.0,0.0,0.0,1.0
0.65625,0.0,0.0,0.0,0.5676243242035656,1.0,0.25,0.75,1.0,0.3333333333333333,0.5,0.5,0.8888888888888888,1.0,1.0,1.0,0.6923076923076923,0.0,0.2,1.0,0.0,0.0,0.0,0.0,0.0,1.0,0.0,0.0,0.0,0.0,1.0,0.0,0.0,0.0,0.0,0.0,0.0,0.0,0.0,0.0,0.0,0.0,0.0,0.0,0.0,0.0,0.0,0.0,0.0,0.0,0.0,0.0,0.0,0.0,0.0,1.0,1.0,0.0,0.0,1.0,0.0,0.0,0.0,0.0,0.0,1.0,0.0,0.0,0.0,1.0
0.4375,1.0,0.0,0.0,0.6998570215808052,0.2,0.75,0.75,0.5,0.0,0.5,1.0,0.6666666666666666,0.0,1.0,1.0,0.0,0.36363636363636365,0.8666666666666667,0.0,0.0,0.0,0.0,0.0,0.0,1.0,0.0,0.0,1.0,0.0,0.0,0.0,0.0,0.0,0.0,0.0,0.0,0.0,0.0,0.0,0.0,0.0,0.0,0.0,0.0,0.0,0.0,1.0,0.0,0.0,0.0,0.0,0.0,0.0,0.0,0.0,0.0,0.0,1.0,0.0,0.0,1.0,0.0,0.0,0.0,0.0,1.0,1.0,0.0,0.0
0.90625,0.0,0.5,1.0,0.44432777802600415,0.5,0.75,0.0,0.5,0.3333333333333333,0.5,1.0,0.6666666666666666,1.0,1.0,0.0,0.7692307692307693,0.36363636363636365,0.3333333333333333,0.8333333333333334,0.0,0.0,0.0,0.0,0.0,1.0,0.0,0.0,0.0,0.0,0.0,1.0,0.0,0.0,0.0,0.0,1.0,0.0,0.0,0.0,0.0,0.0,0.0,0.0,0.0,0.0,0.0,0.0,0.0,0.0,0.0,0.0,0.0,0.0,0.0,0.0,0.0,1.0,0.0,0.0,1.0,0.0,0.0,0.0,1.0,0.0,0.0,0.0,0.0,1.0
0.03125,1.0,0.5,0.0,0.6575443456503285,1.0,0.0,1.0,0.5,0.3333333333333333,0.5,0.0,0.7777777777777778,0.6666666666666666,1.0,1.0,0.9230769230769231,0.8181818181818182,0.5,0.3333333333333333,0.0,0.0,0.0,0.0,0.0,1.0,0.0,0.0,0.0,1.0,0.0,0.0,0.0,0.0,0.0,0.0,0.0,0.0,1.0,0.0,0.0,0.0,0.0,0.0,0.0,0.0,0.0,0.0,0.0,0.0,0.0,0.0,0.0,0.0,0.0,0.0,1.0,0.0,0.0,0.0,0.0,1.0,0.0,1.0,0.0,0.0,0.0,1.0,0.0,0.0
0.9375,0.0,0.0,1.0,0.018855279031321205,0.1,0.75,0.25,0.5,0.0,0.0,0.0,0.0,1.0,0.0,0.0,0.5384615384615384,0.2727272727272727,0.6,0.6666666666666666,0.0,0.0,1.0,0.0,0.0,0.0,0.0,0.0,0.0,0.0,1.0,0.0,0.0,1.0,0.0,0.0,0.0,0.0,0.0,0.0,0.0,0.0,0.0,0.0,0.0,0.0,0.0,0.0,0.0,0.0,0.0,0.0,0.0,0.0,0.0,0.0,1.0,0.0,0.0,1.0,0.0,0.0,0.0,0.0,1.0,0.0,0.0,0.0,0.0,1.0
0.28125,1.0,1.0,1.0,0.9184129395469371,1.0,0.75,0.5,0.0,0.6666666666666666,1.0,0.0,0.7777777777777778,0.3333333333333333,1.0,0.0,0.5384615384615384,0.45454545454545453,0.2,0.6666666666666666,0.0,0.0,0.0,0.0,0.0,1.0,0.0,0.0,0.0,0.0,1.0,0.0,0.0,0.0,0.0,0.0,0.0,0.0,0.0,0.0,0.0,0.0,0.0,0.0,0.0,1.0,0.0,0.0,0.0,0.0,0.0,0.0,0.0,0.0,0.0,0.0,0.0,1.0,0.0,1.0,0.0,0.0,0.0,0.0,0.0,1.0,0.0,0.0,1.0,0.0
0.40625,1.0,0.5,1.0,0.5142084804074885,0.2,0.5,0.75,0.5,1.0,0.0,0.0,0.1111111111111111,1.0,1.0,1.0,0.07692307692307693,0.36363636363636365,0.13333333333333333,1.0,0.0,0.0,1.0,0.0,0.0,0.0,0.0,0.0,1.0,0.0,0.0,0.0,0.0,0.0,0.0,0.0,0.0,0.0,0.0,0.0,0.0,0.0,0.0,1.0,0.0,0.0,0.0,0.0,0.0,0.0,0.0,0.0,0.0,0.0,0.0,0.0,0.0,1.0,0.0,0.0,1.0,0.0,0.0,1.0,0.0,0.0,0.0,0.0,1.0,0.0
0.8125,0.0,1.0,0.0,0.5205084670032617,0.6,0.25,1.0,0.5,0.6666666666666666,0.0,0.5,0.2222222222222222,0.3333333333333333,0.0,0.0,0.5384615384615384,0.09090909090909091,0.9333333333333333,0.5,0.0,0.0,0.0,0.0,0.0,1.0,0.0,0.0,0.0,1.0,0.0,0.0,0.0,0.0,0.0,0.0,0.0,0.0,0.0,0.0,0.0,0.0,0.0,0.0,0.0,0.0,0.0,0.0,1.0,0.0,0.0,0.0,0.0,0.0,0.0,0.0,0.0,1.0,0.0,0.0,1.0,0.0,1.0,0.0,0.0,0.0,0.0,1.0,0.0,0.0
0.1875,1.0,0.0,0.0,0.8070238148429472,0.8,1.0,0.5,0.5,0.0,0.0,0.0,0.3333333333333333,0.0,1.0,1.0,0.3076923076923077,1.0,0.5666666666666667,0.3333333333333333,0.0,0.0,1.0,0.0,0.0,0.0,0.0,0.0,0.0,0.0,0.0,1.0,0.0,0.0,0.0,0.0,0.0,0.0,0.0,0.0,0.0,0.0,0.0,0.0,0.0,0.0,0.0,0.0,1.0,0.0,0.0,0.0,0.0,0.0,0.0,0.0,1.0,0.0,0.0,0.0,1.0,0.0,0.0,0.0,0.0,0.0,1.0,0.0,0.0,1.0
0.4375,0.0,1.0,0.0,0.9503596800857871,0.3,0.0,0.75,0.5,0.0,1.0,1.0,1.0,1.0,1.0,0.0,0.0,0.8181818181818182,0.9333333333333333,0.16666666666666666,0.0,0.0,1.0,0.0,0.0,0.0,0.0,0.0,0.0,0.0,0.0,1.0,0.0,0.0,0.0,0.0,0.0,0.0,0.0,0.0,0.0,1.0,0.0,0.0,0.0,0.0,0.0,0.0,0.0,0.0,0.0,0.0,0.0,0.0,0.0,0.0,1.0,0.0,0.0,1.0,0.0,0.0,0.0,0.0,1.0,0.0,0.0,0.0,0.0,1.0
0.3125,0.0,1.0,1.0,0.7786291944059694,0.5,0.75,0.25,0.5,0.6666666666666666,1.0,0.5,0.1111111111111111,0.6666666666666666,0.0,0.0,0.6923076923076923,0.45454545454545453,0.6666666666666666,0.6666666666666666,0.0,0.0,1.0,0.0,0.0,0.0,0.0,0.0,0.0,1.0,0.0,0.0,0.0,0.0,0.0,0.0,0.0,0.0,0.0,0.0,0.0,1.0,0.0,0.0,0.0,0.0,0.0,0.0,0.0,0.0,0.0,0.0,0.0,0.0,0.0,0.0,1.0,0.0,0.0,0.0,1.0,0.0,0.0,0.0,1.0,0.0,0.0,0.0,0.0,1.0
0.25,0.0,1.0,0.0,0.08954023502077656,1.0,0.75,0.0,1.0,0.6666666666666666,0.5,0.0,0.1111111111111111,0.6666666666666666,0.0,0.0,0.38461538461538464,0.7272727272727273,0.5,0.0,0.0,0.0,0.0,0.0,0.0,1.0,0.0,0.0,1.0,0.0,0.0,0.0,0.0,0.0,0.0,0.0,0.0,0.0,0.0,0.0,0.0,0.0,0.0,0.0,0.0,0.0,0.0,1.0,0.0,0.0,0.0,0.0,0.0,0.0,0.0,0.0,1.0,0.0,0.0,0.0,0.0,1.0,0.0,0.0,0.0,1.0,0.0,0.0,1.0,0.0
0.625,0.0,1.0,0.0,0.3995576605156159,0.7,0.0,0.25,0.5,0.0,0.5,0.0,0.8888888888888888,0.3333333333333333,1.0,1.0,0.7692307692307693,0.0,0.43333333333333335,1.0,0.0,0.0,1.0,0.0,0.0,0.0,0.0,0.0,0.0,1.0,0.0,0.0,1.0,0.0,0.0,0.0,0.0,0.0,0.0,0.0,0.0,0.0,0.0,0.0,0.0,0.0,0.0,0.0,0.0,0.0,0.0,0.0,0.0,0.0,0.0,0.0,0.0,0.0,1.0,0.0,0.0,1.0,0.0,0.0,0.0,0.0,1.0,0.0,1.0,0.0
0.3125,0.0,0.0,0.0,0.24520798891917248,0.5,0.0,1.0,0.0,0.0,0.0,0.0,0.2222222222222222,0.0,1.0,0.0,0.38461538461538464,0.18181818181818182,0.5333333333333333,1.0,0.0,0.0,1.0,0.0,0.0,0.0,0.0,0.0,1.0,0.0,0.0,0.0,0.0,0.0,0.0,0.0,0.0,0.0,0.0,0.0,0.0,0.0,0.0,0.0,0.0,0.0,0.0,0.0,0.0,0.0,0.0,0.0,0.0,1.0,0.0,0.0,0.0,1.0,0.0,0.0,1.0,0.0,0.0,0.0,1.0,0.0,0.0,0.0,1.0,0.0
0.375,1.0,0.0,1.0,0.1207050623296546,0.4,0.25,0.75,1.0,0.0,1.0,0.0,0.3333333333333333,0.3333333333333333,0.0,0.0,0.0,0.7272727272727273,0.7,1.0,0.0,0.0,0.0,0.0,1.0,0.0,0.0,0.0,0.0,1.0,0.0,0.0,0.0,0.0,0.0,0.0,0.0,0.0,0.0,0.0,0.0,0.0,0.0,0.0,0.0,0.0,0.0,0.0,0.0,0.0,0.0,0.0,1.0,0.0,0.0,0.0,0.0,0.0,1.0,0.0,1.0,0.0,0.0,0.0,0.0,0.0,1.0,0.0,1.0,0.0
0.59375,1.0,1.0,0.0,0.7802153612439122,0.8,0.25,0.0,0.0,0.3333333333333333,0.0,0.5,0.1111111111111111,1.0,1.0,0.0,0.6923076923076923,0.18181818181818182,0.2,0.5,0.0,0.0,1.0,0.0,0.0,0.0,0.0,0.0,0.0,0.0,0.0,1.0,0.0,0.0,0.0,0.0,0.0,0.0,0.0,1.0,0.0,0.0,0.0,0.0,0.0,0.0,0.0,0.0,0.0,0.0,0.0,0.0,0.0,0.0,0.0,0.0,1.0,0.0,0.0,0.0,1.0,0.0,1.0,0.0,0.0,0.0,0.0,1.0,0.0,0.0
0.90625,1.0,0.5,0.0,0.6403199142129485,0.6,0.0,0.75,0.5,0.0,0.5,0.0,0.4444444444444444,0.6666666666666666,0.0,0.0,0.6923076923076923,0.9090909090909091,0.8,0.0,0.0,0.0,1.0,0.0,0.0,0.0,0.0,0.0,1.0,0.0,0.0,0.0,0.0,0.0,1.0,0.0,0.0,0.0,0.0,0.0,0.0,0.0,0.0,0.0,0.0,0.0,0.0,0.0,0.0,0.0,0.0,0.0,0.0,0.0,0.0,0.0,1.0,0.0,0.0,1.0,0.0,0.0,0.0,0.0,1.0,0.0,0.0,1.0,0.0,0.0
0.71875,1.0,1.0,0.0,0.34430990572360487,0.4,1.0,0.0,0.0,1.0,1.0,0.5,0.4444444444444444,0.6666666666666666,1.0,0.0,0.3076923076923077,0.2727272727272727,0.7,0.0,0.0,0.0,1.0,0.0,0.0,0.0,0.0,0.0,0.0,0.0,0.0,1.0,0.0,0.0,0.0,0.0,0.0,0.0,0.0,0.0,0.0,0.0,0.0,0.0,0.0,0.0,0.0,1.0,0.0,0.0,0.0,0.0,0.0,0.0,0.0,0.0,1.0,0.0,0.0,0.0,1.0,0.0,0.0,0.0,1.0,0.0,0.0,0.0,0.0,1.0
0.125,0.0,1.0,1.0,0.31998123408248064,0.9,0.75,0.0,0.0,0.0,0.0,0.0,0.2222222222222222,1.0,0.0,0.0,0.6153846153846154,0.6363636363636364,0.26666666666666666,0.6666666666666666,0.0,0.0,1.0,0.0,0.0,0.0,0.0,0.0,0.0,0.0,0.0,1.0,0.0,0.0,0.0,0.0,0.0,0.0,0.0,0.0,0.0,0.0,0.0,0.0,0.0,0.0,0.0,0.0,0.0,0.0,0.0,1.0,0.0,0.0,0.0,0.0,0.0,1.0,0.0,1.0,0.0,0.0,0.0,0.0,0.0,1.0,0.0,0.0,0.0,1.0
0.875,1.0,1.0,0.0,0.915195925115053,0.8,1.0,0.75,1.0,0.3333333333333333,1.0,1.0,0.6666666666666666,1.0,1.0,1.0,0.8461538461538461,0.5454545454545454,0.4,0.8333333333333334,0.0,0.0,0.0,0.0,0.0,1.0,0.0,0.0,0.0,1.0,0.0,0.0,0.0,0.0,0.0,0.0,0.0,0.0,0.0,0.0,0.0,0.0,0.0,0.0,0.0,0.0,0.0,0.0,0.0,1.0,0.0,0.0,0.0,0.0,0.0,0.0,0.0,0.0,1.0,1.0,0.0,0.0,0.0,1.0,0.0,0.0,0.0,1.0,0.0,0.0
0.5,0.0,0.5,0.0,0.5508690407041688,0.7,1.0,0.75,1.0,0.0,0.0,0.0,0.8888888888888888,0.3333333333333333,1.0,1.0,0.15384615384615385,0.0,0.0,0.0,0.0,0.0,0.0,0.0,0.0,0.0,1.0,0.0,0.0,0.0,1.0,0.0,0.0,1.0,0.0,0.0,0.0,0.0,0.0,0.0,0.0,0.0,0.0,0.0,0.0,0.0,0.0,0.0,0.0,0.0,0.0,0.0,0.0,0.0,0.0,0.0,0.0,0.0,1.0,0.0,1.0,0.0,1.0,0.0,0.0,0.0,0.0,0.0,0.0,1.0
0.40625,0.0,0.5,0.0,0.7568026451007552,0.2,1.0,0.5,1.0,0.3333333333333333,0.0,0.5,0.8888888888888888,1.0,1.0,1.0,0.38461538461538464,0.09090909090909091,0.3333333333333333,1.0,0.0,0.0,0.0,0.0,0.0,1.0,0.0,0.0,0.0,0.0,1.0,0.0,0.0,0.0,0.0,0.0,1.0,0.0,0.0,0.0,0.0,0.0,0.0,0.0,0.0,0.0,0.0,0.0,0.0,0.0,0.0,0.0,0.0,0.0,0.0,0.0,1.0,0.0,0.0,1.0,0.0,0.0,0.0,1.0,0.0,0.0,0.0,0.0,0.0,1.0
0.625,1.0,1.0,1.0,0.7134176310263171,0.9,1.0,0.5,0.0,0.6666666666666666,1.0,0.5,1.0,1.0,1.0,1.0,0.6923076923076923,0.8181818181818182,0.9666666666666667,0.3333333333333333,0.0,0.0,0.0,0.0,0.0,1.0,0.0,0.0,0.0,0.0,1.0,0.0,0.0,0.0,0.0,0.0,0.0,0.0,0.0,0.0,0.0,0.0,0.0,0.0,0.0,1.0,0.0,0.0,0.0,0.0,0.0,0.0,0.0,0.0,0.0,0.0,0.0,1.0,0.0,0.0,1.0,0.0,1.0,0.0,0.0,0.0,0.0,0.0,1.0,0.0
0.84375,1.0,1.0,0.0,0.9193735758009026,0.0,0.75,1.0,0.0,0.3333333333333333,0.0,1.0,0.0,0.0,1.0,1.0,0.9230769230769231,0.18181818181818182,0.6,0.16666666666666666,0.0,0.0,0.0,0.0,0.0,1.0,0.0,0.0,0.0,0.0,1.0,0.0,0.0,0.0,0.0,0.0,0.0,0.0,0.0,0.0,0.0,0.0,0.0,0.0,0.0,0.0,0.0,1.0,0.0,0.0,0.0,0.0,0.0,0.0,0.0,0.0,0.0,1.0,0.0,0.0,1.0,0.0,0.0,0.0,0.0,1.0,0.0,1.0,0.0,0.0
0.375,1.0,0.0,1.0,0.942361824762075,0.9,0.75,0.0,0.5,0.6666666666666666,0.5,1.0,0.6666666666666666,0.6666666666666666,0.0,0.0,0.23076923076923078,0.2727272727272727,0.9666666666666667,0.16666666666666666,0.0,0.0,1.0,0.0,0.0,0.0,0.0,0.0,0.0,1.0,0.0,0.0,0.0,0.0,0.0,0.0,0.0,0.0,0.0,1.0,0.0,0.0,0.0,0.0,0.0,0.0,0.0,0.0,0.0,0.0,0.0,0.0,0.0,0.0,0.0,0.0,0.0,0.0,1.0,0.0,1.0,0.0,0.0,0.0,1.0,0.0,0.0,1.0,0.0,0.0
0.84375,0.0,0.0,0.0,0.796613198695322,0.1,1.0,1.0,0.0,0.3333333333333333,0.0,0.0,0.4444444444444444,0.3333333333333333,0.0,0.0,0.15384615384615385,0.9090909090909091,0.8,0.0,0.0,0.0,1.0,0.0,0.0,0.0,0.0,0.0,0.0,1.0,0.0,0.0,0.0,0.0,0.0,0.0,0.0,0.0,0.0,0.0,0.0,0.0,0.0,0.0,0.0,1.0,0.0,0.0,0.0,0.0,0.0,0.0,0.0,0.0,0.0,0.0,1.0,0.0,0.0,0.0,0.0,1.0,0.0,0.0,0.0,1.0,0.0,1.0,0.0,0.0
0.0,1.0,0.5,1.0,0.18975917072516865,0.6,0.75,0.0,0.5,0.3333333333333333,1.0,0.0,0.8888888888888888,0.0,0.0,0.0,1.0,0.09090909090909091,0.5,0.6666666666666666,0.0,0.0,0.0,0.0,0.0,1.0,0.0,0.0,0.0,1.0,0.0,0.0,0.0,0.0,0.0,0.0,0.0,0.0,0.0,0.0,0.0,0.0,0.0,0.0,0.0,0.0,0.0,0.0,0.0,1.0,0.0,0.0,0.0,0.0,0.0,0.0,0.0,0.0,1.0,1.0,0.0,0.0,0.0,0.0,0.0,1.0,0.0,0.0,0.0,1.0
0.5625,1.0,0.5,0.0,0.6738751619677406,0.2,0.25,0.25,0.0,0.3333333333333333,1.0,0.5,0.0,0.3333333333333333,0.0,0.0,1.0,0.45454545454545453,0.6333333333333333,0.5,0.0,0.0,0.0,0.0,0.0,1.0,0.0,0.0,0.0,0.0,1.0,0.0,1.0,0.0,0.0,0.0,0.0,0.0,0.0,0.0,0.0,0.0,0.0,0.0,0.0,0.0,0.0,0.0,0.0,0.0,0.0,0.0,0.0,0.0,0.0,0.0,0.0,0.0,1.0,0.0,1.0,0.0,0.0,1.0,0.0,0.0,0.0,1.0,0.0,0.0
0.21875,1.0,0.0,1.0,0.8735534605245522,1.0,0.0,0.75,1.0,0.3333333333333333,0.5,0.0,0.7777777777777778,0.6666666666666666,1.0,0.0,0.5384615384615384,0.09090909090909091,0.1,1.0,0.0,0.0,1.0,0.0,0.0,0.0,0.0,0.0,0.0,0.0,1.0,0.0,0.0,0.0,0.0,0.0,1.0,0.0,0.0,0.0,0.0,0.0,0.0,0.0,0.0,0.0,0.0,0.0,0.0,0.0,0.0,0.0,0.0,0.0,0.0,0.0,0.0,0.0,1.0,0.0,1.0,0.0,0.0,1.0,0.0,0.0,0.0,0.0,0.0,1.0
0.09375,1.0,0.0,0.0,0.1234082480675573,1.0,0.0,0.75,1.0,0.3333333333333333,1.0,0.5,0.6666666666666666,0.6666666666666666,0.0,0.0,0.7692307692307693,0.6363636363636364,0.1,1.0,0.0,0.0,1.0,0.0,0.0,0.0,0.0,0.0,1.0,0.0,0.0,0.0,0.0,0.0,0.0,0.0,0.0,0.0,0.0,0.0,0.0,0.0,0.0,0.0,0.0,0.0,0.0,0.0,1.0,0.0,0.0,0.0,0.0,0.0,0.0,0.0,0.0,1.0,0.0,1.0,0.0,0.0,1.0,0.0,0.0,0.0,0.0,0.0,0.0,1.0
0.25,1.0,1.0,1.0,0.6720655913498057,0.9,0.0,0.5,1.0,0.0,0.5,0.0,0.7777777777777778,0.0,1.0,0.0,0.8461538461538461,0.18181818181818182,0.6666666666666666,0.5,0.0,0.0,0.0,0.0,0.0,1.0,0.0,0.0,0.0,0.0,1.0,0.0,0.0,0.0,0.0,0.0,0.0,0.0,0.0,0.0,0.0,0.0,1.0,0.0,0.0,0.0,0.0,0.0,0.0,0.0,0.0,0.0,0.0,0.0,0.0,0.0,0.0,1.0,0.0,0.0,0.0,1.0,0.0,0.0,0.0,0.0,1.0,1.0,0.0,0.0
0.6875,1.0,0.5,1.0,0.6044189267682409,1.0,0.75,0.0,0.0,0.0,1.0,0.0,0.5555555555555556,0.0,0.0,0.0,1.0,0.45454545454545453,0.4,0.5,0.0,0.0,0.0,0.0,0.0,1.0,0.0,0.0,1.0,0.0,0.0,0.0,0.0,0.0,0.0,0.0,0.0,0.0,0.0,0.0,0.0,0.0,0.0,0.0,0.0,1.0,0.0,0.0,0.0,0.0,0.0,0.0,0.0,0.0,0.0,0.0,0.0,0.0,1.0,1.0,0.0,0.0,0.0,0.0,1.0,0.0,0.0,0.0,0.0,1.0
0.90625,1.0,0.0,0.0,0.8283588758321792,0.9,1.0,0.0,1.0,0.3333333333333333,0.5,0.0,0.7777777777777778,0.0,1.0,1.0,0.15384615384615385,0.2727272727272727,0.1,0.5,0.0,0.0,1.0,0.0,0.0,0.0,0.0,0.0,1.0,0.0,0.0,0.0,1.0,0.0,0.0,0.0,0.0,0.0,0.0,0.0,0.0,0.0,0.0,0.0,0.0,0.0,0.0,0.0,0.0,0.0,0.0,0.0,0.0,0.0,0.0,0.0,0.0,0.0,1.0,1.0,0.0,0.0,0.0,0.0,0.0,0.0,1.0,1.0,0.0,0.0
0.28125,1.0,0.0,0.0,0.4525713775077074,0.4,0.5,0.25,1.0,0.0,0.5,0.5,0.3333333333333333,0.0,1.0,0.0,0.5384615384615384,0.36363636363636365,0.03333333333333333,0.5,0.0,1.0,0.0,0.0,0.0,0.0,0.0,0.0,0.0,0.0,0.0,1.0,0.0,0.0,0.0,0.0,0.0,0.0,0.0,1.0,0.0,0.0,0.0,0.0,0.0,0.0,0.0,0.0,0.0,0.0,0.0,0.0,0.0,0.0,0.0,0.0,0.0,1.0,0.0,1.0,0.0,0.0,0.0,0.0,0.0,0.0,1.0,0.0,0.0,1.0
0.34375,0.0,0.0,1.0,0.3728832491845762,0.1,1.0,0.25,0.5,1.0,1.0,1.0,0.2222222222222222,0.3333333333333333,0.0,1.0,0.3076923076923077,0.09090909090909091,0.43333333333333335,0.3333333333333333,0.0,0.0,1.0,0.0,0.0,0.0,0.0,0.0,1.0,0.0,0.0,0.0,0.0,0.0,0.0,0.0,0.0,0.0,0.0,0.0,0.0,0.0,0.0,0.0,0.0,0.0,0.0,1.0,0.0,0.0,0.0,0.0,0.0,0.0,0.0,0.0,0.0,0.0,1.0,0.0,1.0,0.0,0.0,0.0,0.0,0.0,1.0,0.0,1.0,0.0
0.09375,0.0,0.5,1.0,0.391693847459899,0.9,0.75,0.0,0.5,0.0,1.0,0.0,0.8888888888888888,0.6666666666666666,1.0,0.0,0.8461538461538461,0.36363636363636365,0.43333333333333335,0.16666666666666666,0.0,0.0,0.0,0.0,0.0,1.0,0.0,0.0,0.0,0.0,1.0,0.0,0.0,0.0,0.0,0.0,1.0,0.0,0.0,0.0,0.0,0.0,0.0,0.0,0.0,0.0,0.0,0.0,0.0,0.0,0.0,0.0,0.0,0.0,0.0,0.0,0.0,0.0,1.0,1.0,0.0,0.0,0.0,0.0,0.0,0.0,1.0,1.0,0.0,0.0
0.71875,1.0,0.5,1.0,0.004646798623832712,0.2,0.25,0.25,0.0,0.3333333333333333,0.0,0.5,0.6666666666666666,0.0,1.0,1.0,0.23076923076923078,0.09090909090909091,0.16666666666666666,0.16666666666666666,0.0,0.0,0.0,1.0,0.0,0.0,0.0,0.0,0.0,0.0,1.0,0.0,0.0,0.0,0.0,0.0,0.0,0.0,0.0,0.0,0.0,0.0,0.0,0.0,0.0,0.0,0.0,0.0,0.0,0.0,0.0,1.0,0.0,0.0,0.0,0.0,0.0,0.0,1.0,0.0,0.0,1.0,0.0,0.0,1.0,0.0,0.0,1.0,0.0,0.0
0.78125,0.0,0.0,1.0,0.7469952191591082,0.5,0.25,0.75,0.5,1.0,0.5,0.5,0.0,0.3333333333333333,0.0,1.0,0.0,0.9090909090909091,0.36666666666666664,0.16666666666666666,0.0,0.0,0.0,0.0,0.0,1.0,0.0,0.0,0.0,0.0,0.0,1.0,0.0,0.0,0.0,0.0,0.0,0.0,0.0,0.0,0.0,0.0,0.0,0.0,0.0,0.0,0.0,1.0,0.0,0.0,0.0,0.0,0.0,0.0,0.0,0.0,1.0,0.0,0.0,0.0,0.0,1.0,0.0,0.0,1.0,0.0,0.0,0.0,1.0,0.0
0.46875,1.0,1.0,0.0,0.2912961887315133,0.0,0.25,1.0,1.0,0.3333333333333333,0.0,1.0,0.6666666666666666,0.3333333333333333,0.0,0.0,0.3076923076923077,1.0,0.8333333333333334,0.5,0.0,0.0,0.0,0.0,0.0,1.0,0.0,0.0,0.0,0.0,0.0,1.0,0.0,0.0,0.0,0.0,0.0,0.0,0.0,0.0,0.0,0.0,0.0,0.0,0.0,0.0,1.0,0.0,0.0,0.0,0.0,0.0,0.0,0.0,0.0,0.0,0.0,0.0,1.0,0.0,0.0,1.0,0.0,1.0,0.0,0.0,0.0,0.0,1.0,0.0
0.15625,0.0,1.0,0.0,0.4372011974442607,0.5,0.25,0.75,0.0,0.0,0.5,1.0,0.7777777777777778,0.3333333333333333,1.0,0.0,0.7692307692307693,0.8181818181818182,0.0,0.16666666666666666,0.0,0.0,1.0,0.0,0.0,0.0,0.0,0.0,0.0,0.0,1.0,0.0,0.0,0.0,0.0,0.0,0.0,0.0,0.0,0.0,0.0,0.0,0.0,0.0,0.0,0.0,0.0,0.0,0.0,0.0,1.0,0.0,0.0,0.0,0.0,0.0,1.0,0.0,0.0,0.0,1.0,0.0,1.0,0.0,0.0,0.0,0.0,0.0,0.0,1.0
0.59375,0.0,0.5,1.0,0.20142084804074883,0.6,0.5,0.5,1.0,0.3333333333333333,0.0,1.0,0.6666666666666666,0.6666666666666666,1.0,0.0,0.6153846153846154,0.18181818181818182,0.06666666666666667,1.0,0.0,0.0,1.0,0.0,0.0,0.0,0.0,0.0,1.0,0.0,0.0,0.0,0.0,0.0,1.0,0.0,0.0,0.0,0.0,0.0,0.0,0.0,0.0,0.0,0.0,0.0,0.0,0.0,0.0,0.0,0.0,0.0,0.0,0.0,0.0,0.0,1.0,0.0,0.0,0.0,0.0,1.0,0.0,0.0,0.0,1.0,0.0,0.0,1.0,0.0
0.5,1.0,1.0,1.0,0.22461016040391402,0.0,0.25,1.0,0.0,0.6666666666666666,0.5,0.5,0.7777777777777778,0.6666666666666666,1.0,0.0,0.6923076923076923,0.2727272727272727,0.6333333333333333,0.8333333333333334,0.0,0.0,1.0,0.0,0.0,0.0,0.0,0.0,0.0,0.0,1.0,0.0,0.0,0.0,0.0,0.0,0.0,0.0,0.0,0.0,0.0,0.0,0.0,0.0,0.0,0.0,0.0,0.0,0.0,0.0,0.0,0.0,1.0,0.0,0.0,0.0,1.0,0.0,0.0,0.0,0.0,1.0,0.0,0.0,1.0,0.0,0.0,0.0,1.0,0.0
0.28125,1.0,1.0,0.0,0.26989410660828383,0.1,1.0,1.0,1.0,0.6666666666666666,1.0,0.5,0.8888888888888888,0.6666666666666666,1.0,1.0,0.8461538461538461,0.6363636363636364,0.6666666666666666,0.3333333333333333,0.0,0.0,0.0,0.0,0.0,1.0,0.0,0.0,1.0,0.0,0.0,0.0,0.0,0.0,0.0,0.0,0.0,0.0,0.0,0.0,0.0,0.0,0.0,0.0,0.0,0.0,1.0,0.0,0.0,0.0,0.0,0.0,0.0,0.0,0.0,0.0,0.0,1.0,0.0,0.0,1.0,0.0,1.0,0.0,0.0,0.0,0.0,0.0,0.0,1.0
0.6875,0.0,1.0,1.0,0.7793440865019436,0.8,0.75,0.25,0.5,0.3333333333333333,0.0,0.0,0.3333333333333333,0.6666666666666666,1.0,1.0,0.0,0.8181818181818182,0.6666666666666666,0.0,0.0,0.0,0.0,0.0,0.0,1.0,0.0,0.0,0.0,0.0,0.0,1.0,0.0,0.0,0.0,0.0,0.0,0.0,0.0,0.0,0.0,0.0,0.0,0.0,0.0,0.0,0.0,0.0,0.0,0.0,0.0,0.0,0.0,1.0,0.0,0.0,0.0,0.0,1.0,1.0,0.0,0.0,1.0,0.0,0.0,0.0,0.0,0.0,1.0,0.0
0.6875,0.0,1.0,0.0,0.2742281399401278,0.2,1.0,0.5,0.5,0.0,0.0,0.0,0.8888888888888888,0.6666666666666666,0.0,1.0,0.07692307692307693,0.2727272727272727,0.3333333333333333,0.5,0.0,0.0,1.0,0.0,0.0,0.0,0.0,0.0,0.0,0.0,0.0,1.0,0.0,0.0,0.0,0.0,0.0,0.0,0.0,0.0,0.0,0.0,0.0,0.0,0.0,0.0,0.0,0.0,0.0,0.0,0.0,0.0,0.0,1.0,0.0,0.0,0.0,1.0,0.0,0.0,1.0,0.0,0.0,0.0,0.0,0.0,1.0,0.0,1.0,0.0
0.78125,1.0,0.5,1.0,0.6287252580313659,0.8,0.75,0.75,0.0,0.3333333333333333,0.5,0.5,0.1111111111111111,0.0,1.0,1.0,0.9230769230769231,0.09090909090909091,0.26666666666666666,0.6666666666666666,0.0,0.0,0.0,0.0,0.0,1.0,0.0,0.0,0.0,0.0,0.0,1.0,0.0,0.0,0.0,0.0,0.0,0.0,0.0,0.0,0.0,0.0,0.0,0.0,0.0,0.0,0.0,0.0,0.0,0.0,0.0,0.0,0.0,0.0,1.0,0.0,0.0,0.0,1.0,1.0,0.0,0.0,0.0,0.0,0.0,0.0,1.0,0.0,1.0,0.0
0.59375,0.0,0.5,0.0,0.4386309816362093,0.6,0.5,0.25,0.5,0.3333333333333333,0.5,0.5,0.7777777777777778,1.0,0.0,0.0,0.07692307692307693,0.36363636363636365,0.8,0.8333333333333334,0.0,0.0,0.0,0.0,0.0,0.0,1.0,0.0,0.0,0.0,1.0,0.0,0.0,0.0,0.0,0.0,0.0,0.0,0.0,1.0,0.0,0.0,0.0,0.0,0.0,0.0,0.0,0.0,0.0,0.0,0.0,0.0,0.0,0.0,0.0,0.0,1.0,0.0,0.0,1.0,0.0,0.0,1.0,0.0,0.0,0.0,0.0,0.0,0.0,1.0
0.96875,1.0,0.5,1.0,0.7041016934006523,0.8,0.75,1.0,0.5,0.0,0.5,0.5,0.0,0.6666666666666666,0.0,0.0,0.6153846153846154,0.2727272727272727,0.5,0.16666666666666666,0.0,0.0,0.0,0.0,0.0,1.0,0.0,0.0,0.0,0.0,1.0,0.0,0.0,0.0,0.0,0.0,0.0,0.0,0.0,0.0,0.0,0.0,0.0,0.0,0.0,0.0,0.0,0.0,0.0,0.0,1.0,0.0,0.0,0.0,0.0,0.0,0.0,1.0,0.0,0.0,0.0,1.0,0.0,0.0,0.0,0.0,1.0,1.0,0.0,0.0
0.28125,0.0,0.5,0.0,0.6796166391135339,0.6,1.0,0.75,0.0,0.0,0.5,0.0,0.0,0.0,1.0,1.0,0.9230769230769231,0.09090909090909091,0.5333333333333333,0.8333333333333334,0.0,0.0,1.0,0.0,0.0,0.0,0.0,0.0,0.0,1.0,0.0,0.0,0.0,0.0,0.0,0.0,0.0,0.0,0.0,0.0,0.0,0.0,0.0,0.0,0.0,0.0,0.0,0.0,0.0,0.0,0.0,0.0,0.0,0.0,1.0,0.0,0.0,1.0,0.0,0.0,0.0,1.0,0.0,0.0,1.0,0.0,0.0,1.0,0.0,0.0
0.03125,1.0,0.0,1.0,0.3233769715383584,0.8,1.0,0.5,1.0,0.0,0.0,0.0,1.0,0.3333333333333333,1.0,0.0,0.6153846153846154,0.5454545454545454,0.2,1.0,0.0,0.0,1.0,0.0,0.0,0.0,0.0,0.0,0.0,0.0,1.0,0.0,0.0,0.0,0.0,0.0,0.0,0.0,0.0,0.0,0.0,0.0,0.0,0.0,0.0,0.0,0.0,1.0,0.0,0.0,0.0,0.0,0.0,0.0,0.0,0.0,0.0,1.0,0.0,0.0,0.0,1.0,0.0,0.0,0.0,1.0,0.0,0.0,0.0,1.0
0.6875,1.0,1.0,0.0,0.9457128814619543,0.5,0.5,0.0,0.5,0.6666666666666666,0.5,0.0,0.5555555555555556,1.0,1.0,1.0,0.9230769230769231,0.6363636363636364,0.06666666666666667,0.8333333333333334,0.0,0.0,1.0,0.0,0.0,0.0,0.0,0.0,0.0,1.0,0.0,0.0,0.0,0.0,0.0,0.0,1.0,0.0,0.0,0.0,0.0,0.0,0.0,0.0,0.0,0.0,0.0,0.0,0.0,0.0,0.0,0.0,0.0,0.0,0.0,0.0,1.0,0.0,0.0,1.0,0.0,0.0,0.0,0.0,0.0,1.0,0.0,0.0,0.0,1.0
0.28125,0.0,0.5,1.0,0.12566462624547606,0.4,0.5,0.0,1.0,0.3333333333333333,0.0,0.0,0.6666666666666666,0.6666666666666666,1.0,1.0,0.15384615384615385,0.18181818181818182,0.26666666666666666,0.8333333333333334,0.0,0.0,0.0,0.0,0.0,1.0,0.0,0.0,0.0,1.0,0.0,0.0,1.0,0.0,0.0,0.0,0.0,0.0,0.0,0.0,0.0,0.0,0.0,0.0,0.0,0.0,0.0,0.0,0.0,0.0,0.0,0.0,0.0,0.0,0.0,0.0,1.0,0.0,0.0,0.0,0.0,1.0,0.0,0.0,1.0,0.0,0.0,0.0,0.0,1.0
0.34375,0.0,1.0,1.0,0.717416558688173,0.7,1.0,0.75,0.0,0.0,0.0,1.0,0.5555555555555556,0.0,0.0,1.0,0.07692307692307693,0.5454545454545454,0.9,1.0,0.0,0.0,1.0,0.0,0.0,0.0,0.0,0.0,0.0,1.0,0.0,0.0,0.0,0.0,0.0,0.0,0.0,0.0,1.0,0.0,0.0,0.0,0.0,0.0,0.0,0.0,0.0,0.0,0.0,0.0,0.0,0.0,0.0,0.0,0.0,0.0,1.0,0.0,0.0,0.0,0.0,1.0,0.0,0.0,0.0,1.0,0.0,0.0,0.0,1.0
0.84375,1.0,0.5,1.0,0.9169608149769896,0.6,0.0,0.75,0.5,1.0,0.0,0.0,0.2222222222222222,0.6666666666666666,1.0,1.0,1.0,0.09090909090909091,0.9333333333333333,0.5,0.0,0.0,0.0,0.0,0.0,0.0,0.0,1.0,0.0,0.0,1.0,0.0,0.0,0.0,0.0,0.0,0.0,0.0,0.0,0.0,0.0,0.0,0.0,0.0,1.0,0.0,0.0,0.0,0.0,0.0,0.0,0.0,0.0,0.0,0.0,0.0,0.0,1.0,0.0,0.0,1.0,0.0,0.0,0.0,0.0,1.0,0.0,1.0,0.0,0.0
0.1875,1.0,0.0,0.0,0.9987042580760467,0.9,0.75,0.0,1.0,0.0,1.0,1.0,0.0,0.6666666666666666,1.0,0.0,0.9230769230769231,0.5454545454545454,0.06666666666666667,0.3333333333333333,0.0,0.0,1.0,0.0,0.0,0.0,0.0,0.0,0.0,0.0,1.0,0.0,0.0,0.0,0.0,0.0,1.0,0.0,0.0,0.0,0.0,0.0,0.0,0.0,0.0,0.0,0.0,0.0,0.0,0.0,0.0,0.0,0.0,0.0,0.0,0.0,1.0,0.0,0.0,0.0,1.0,0.0,1.0,0.0,0.0,0.0,0.0,1.0,0.0,0.0
0.84375,0.0,1.0,0.0,0.9877127921004424,0.3,0.25,0.0,0.0,1.0,1.0,0.0,0.3333333333333333,1.0,1.0,0.0,0.07692307692307693,0.18181818181818182,0.03333333333333333,0.8333333333333334,0.0,0.0,1.0,0.0,0.0,0.0,0.0,0.0,0.0,1.0,0.0,0.0,0.0,0.0,0.0,0.0,0.0,0.0,0.0,0.0,0.0,0.0,0.0,1.0,0.0,0.0,0.0,0.0,0.0,0.0,0.0,0.0,0.0,0.0,0.0,0.0,0.0,0.0,1.0,0.0,0.0,1.0,0.0,0.0,1.0,0.0,0.0,0.0,1.0,0.0
0.65625,0.0,0.0,0.0,0.5469594745543095,0.6,0.5,0.5,0.5,0.0,1.0,1.0,0.3333333333333333,0.3333333333333333,0.0,0.0,1.0,0.5454545454545454,0.8666666666666667,0.8333333333333334,0.0,0.0,1.0,0.0,0.0,0.0,0.0,0.0,1.0,0.0,0.0,0.0,0.0,0.0,0.0,0.0,0.0,0.0,0.0,0.0,0.0,0.0,1.0,0.0,0.0,0.0,0.0,0.0,0.0,0.0,0.0,0.0,0.0,0.0,0.0,0.0,0.0,0.0,1.0,0.0,0.0,1.0,1.0,0.0,0.0,0.0,0.0,1.0,0.0,0.0
0.6875,1.0,0.0,1.0,0.9921361869442832,0.7,0.25,0.75,0.5,0.6666666666666666,1.0,0.5,0.6666666666666666,0.6666666666666666,1.0,1.0,0.38461538461538464,0.36363636363636365,0.8333333333333334,1.0,0.0,0.0,0.0,0.0,0.0,1.0,0.0,0.0,0.0,0.0,0.0,1.0,0.0,0.0,0.0,0.0,0.0,0.0,0.0,0.0,1.0,0.0,0.0,0.0,0.0,0.0,0.0,0.0,0.0,0.0,0.0,0.0,0.0,0.0,0.0,0.0,0.0,1.0,0.0,0.0,0.0,1.0,0.0,0.0,0.0,0.0,1.0,0.0,0.0,1.0
0.09375,1.0,1.0,0.0,0.2447165006031902,0.5,0.25,0.5,1.0,0.0,1.0,1.0,0.4444444444444444,1.0,1.0,1.0,0.8461538461538461,0.18181818181818182,0.1,0.0,0.0,0.0,1.0,0.0,0.0,0.0,0.0,0.0,0.0,0.0,1.0,0.0,0.0,0.0,0.0,0.0,0.0,0.0,0.0,0.0,0.0,0.0,0.0,0.0,0.0,0.0,0.0,0.0,0.0,1.0,0.0,0.0,0.0,0.0,0.0,0.0,0.0,0.0,1.0,1.0,0.0,0.0,0.0,0.0,0.0,0.0,1.0,0.0,1.0,0.0
0.75,0.0,1.0,1.0,0.3298556811581252,0.2,0.0,0.0,1.0,0.0,0.5,0.5,0.8888888888888888,0.0,0.0,1.0,0.23076923076923078,1.0,0.4,0.6666666666666666,0.0,0.0,1.0,0.0,0.0,0.0,0.0,0.0,0.0,1.0,0.0,0.0,0.0,0.0,0.0,0.0,0.0,0.0,0.0,0.0,0.0,1.0,0.0,0.0,0.0,0.0,0.0,0.0,0.0,0.0,0.0,0.0,0.0,0.0,0.0,0.0,0.0,0.0,1.0,1.0,0.0,0.0,1.0,0.0,0.0,0.0,0.0,0.0,0.0,1.0
0.8125,0.0,0.5,1.0,0.07077431750145212,1.0,1.0,0.0,0.5,0.0,0.5,0.0,0.7777777777777778,0.0,0.0,0.0,0.0,0.09090909090909091,0.7666666666666667,0.8333333333333334,0.0,0.0,1.0,0.0,0.0,0.0,0.0,0.0,1.0,0.0,0.0,0.0,0.0,0.0,0.0,0.0,0.0,0.0,0.0,0.0,1.0,0.0,0.0,0.0,0.0,0.0,0.0,0.0,0.0,0.0,0.0,0.0,0.0,0.0,0.0,0.0,1.0,0.0,0.0,0.0,1.0,0.0,0.0,0.0,0.0,1.0,0.0,1.0,0.0,0.0
0.875,0.0,1.0,1.0,0.53583396631071,0.1,1.0,0.0,1.0,0.0,0.5,0.5,0.0,0.0,1.0,0.0,0.23076923076923078,0.18181818181818182,0.36666666666666664,0.16666666666666666,0.0,0.0,1.0,0.0,0.0,0.0,0.0,0.0,0.0,1.0,0.0,0.0,0.0,0.0,0.0,0.0,0.0,0.0,0.0,0.0,0.0,0.0,0.0,0.0,0.0,0.0,1.0,0.0,0.0,0.0,0.0,0.0,0.0,0.0,0.0,0.0,1.0,0.0,0.0,1.0,0.0,0.0,0.0,0.0,0.0,0.0,1.0,0.0,1.0,0.0
0.34375,1.0,1.0,1.0,0.34868861981144716,0.3,0.0,0.5,1.0,1.0,1.0,0.5,0.1111111111111111,0.3333333333333333,0.0,0.0,0.23076923076923078,0.6363636363636364,0.6666666666666666,0.3333333333333333,0.0,0.0,0.0,0.0,0.0,1.0,0.0,0.0,1.0,0.0,0.0,0.0,1.0,0.0,0.0,0.0,0.0,0.0,0.0,0.0,0.0,0.0,0.0,0.0,0.0,0.0,0.0,0.0,0.0,0.0,0.0,0.0,0.0,0.0,0.0,0.0,1.0,0.0,0.0,0.0,0.0,1.0,0.0,1.0,0.0,0.0,0.0,0.0,0.0,1.0
0.03125,0.0,0.0,1.0,0.7835217371877933,0.6,0.75,0.25,0.0,0.0,0.0,0.0,0.5555555555555556,1.0,1.0,1.0,0.3076923076923077,0.36363636363636365,0.7333333333333333,0.5,0.0,0.0,1.0,0.0,0.0,0.0,0.0,0.0,0.0,1.0,0.0,0.0,0.0,0.0,1.0,0.0,0.0,0.0,0.0,0.0,0.0,0.0,0.0,0.0,0.0,0.0,0.0,0.0,0.0,0.0,0.0,0.0,0.0,0.0,0.0,0.0,0.0,1.0,0.0,0.0,0.0,1.0,0.0,0.0,0.0,1.0,0.0,0.0,1.0,0.0
0.09375,1.0,1.0,1.0,0.3070908359769447,0.7,1.0,1.0,0.0,0.6666666666666666,0.0,0.5,0.4444444444444444,0.3333333333333333,1.0,0.0,0.6153846153846154,0.36363636363636365,0.8333333333333334,1.0,0.0,0.0,0.0,0.0,0.0,1.0,0.0,0.0,0.0,0.0,0.0,1.0,0.0,0.0,0.0,0.0,0.0,0.0,0.0,0.0,0.0,0.0,0.0,0.0,0.0,0.0,0.0,0.0,0.0,0.0,0.0,0.0,0.0,1.0,0.0,0.0,0.0,0.0,1.0,1.0,0.0,0.0,0.0,0.0,1.0,0.0,0.0,0.0,0.0,1.0
0.625,1.0,0.0,1.0,0.07260622849738615,0.8,0.75,0.5,1.0,0.3333333333333333,0.5,0.0,0.3333333333333333,1.0,0.0,0.0,0.46153846153846156,0.18181818181818182,0.6333333333333333,0.3333333333333333,0.0,0.0,1.0,0.0,0.0,0.0,0.0,0.0,0.0,0.0,1.0,0.0,0.0,0.0,0.0,0.0,0.0,0.0,0.0,0.0,0.0,1.0,0.0,0.0,0.0,0.0,0.0,0.0,0.0,0.0,0.0,0.0,0.0,0.0,0.0,0.0,0.0,0.0,1.0,1.0,0.0,0.0,0.0,0.0,0.0,1.0,0.0,0.0,0.0,1.0
0.71875,0.0,1.0,0.0,0.009003172333675888,0.2,0.0,0.25,0.0,0.0,0.5,0.0,0.3333333333333333,0.3333333333333333,1.0,1.0,1.0,0.8181818181818182,0.06666666666666667,0.5,0.0,1.0,0.0,0.0,0.0,0.0,0.0,0.0,1.0,0.0,0.0,0.0,0.0,0.0,0.0,0.0,0.0,0.0,0.0,0.0,0.0,1.0,0.0,0.0,0.0,0.0,0.0,0.0,0.0,0.0,0.0,0.0,0.0,0.0,0.0,0.0,1.0,0.0,0.0,0.0,1.0,0.0,0.0,0.0,0.0,0.0,1.0,0.0,1.0,0.0
0.96875,1.0,1.0,1.0,0.7158080514722309,0.6,1.0,0.0,1.0,1.0,0.5,0.5,0.6666666666666666,0.3333333333333333,0.0,1.0,0.5384615384615384,0.6363636363636364,0.7333333333333333,0.6666666666666666,0.0,0.0,1.0,0.0,0.0,0.0,0.0,0.0,1.0,0.0,0.0,0.0,0.0,0.0,0.0,0.0,0.0,0.0,0.0,0.0,0.0,0.0,0.0,0.0,0.0,0.0,0.0,0.0,0.0,0.0,1.0,0.0,0.0,0.0,0.0,0.0,0.0,0.0,1.0,0.0,1.0,0.0,0.0,0.0,0.0,0.0,1.0,0.0,1.0,0.0
0.4375,0.0,0.0,0.0,0.5427148027344623,0.1,0.25,0.0,1.0,0.3333333333333333,0.0,1.0,0.7777777777777778,0.0,1.0,0.0,0.3076923076923077,0.7272727272727273,0.5333333333333333,0.16666666666666666,0.0,0.0,0.0,1.0,0.0,0.0,0.0,0.0,0.0,0.0,1.0,0.0,0.0,0.0,0.0,0.0,0.0,0.0,0.0,0.0,0.0,0.0,0.0,0.0,0.0,0.0,0.0,0.0,0.0,0.0,0.0,1.0,0.0,0.0,0.0,0.0,1.0,0.0,0.0,0.0,0.0,1.0,0.0,1.0,0.0,0.0,0.0,1.0,0.0,0.0
0.1875,1.0,0.0,1.0,0.3018631875251329,0.9,0.75,0.25,1.0,0.3333333333333333,0.0,1.0,0.8888888888888888,0.6666666666666666,0.0,1.0,0.0,0.8181818181818182,0.5333333333333333,0.5,0.0,0.0,0.0,0.0,0.0,1.0,0.0,0.0,0.0,1.0,0.0,0.0,0.0,0.0,0.0,0.0,1.0,0.0,0.0,0.0,0.0,0.0,0.0,0.0,0.0,0.0,0.0,0.0,0.0,0.0,0.0,0.0,0.0,0.0,0.0,0.0,1.0,0.0,0.0,1.0,0.0,0.0,0.0,0.0,0.0,1.0,0.0,0.0,0.0,1.0
0.28125,1.0,1.0,0.0,0.14838479067065813,0.5,0.0,0.0,1.0,1.0,0.5,0.5,1.0,1.0,1.0,1.0,0.38461538461538464,0.6363636363636364,0.23333333333333334,0.5,0.0,0.0,0.0,0.0,0.0,1.0,0.0,0.0,1.0,0.0,0.0,0.0,0.0,0.0,0.0,0.0,0.0,0.0,0.0,0.0,0.0,0.0,0.0,0.0,0.0,0.0,0.0,0.0,0.0,0.0,1.0,0.0,0.0,0.0,0.0,0.0,0.0,1.0,0.0,0.0,1.0,0.0,0.0,1.0,0.0,0.0,0.0,1.0,0.0,0.0
0.8125,0.0,1.0,1.0,0.0034180778338769517,0.9,0.5,0.0,0.0,0.3333333333333333,0.0,1.0,0.3333333333333333,1.0,1.0,1.0,0.5384615384615384,1.0,0.36666666666666664,0.5,0.0,0.0,1.0,0.0,0.0,0.0,0.0,0.0,0.0,1.0,0.0,0.0,0.0,0.0,0.0,0.0,0.0,0.0,0.0,0.0,0.0,0.0,0.0,0.0,0.0,0.0,0.0,0.0,0.0,0.0,1.0,0.0,0.0,0.0,0.0,0.0,1.0,0.0,0.0,0.0,1.0,0.0,0.0,1.0,0.0,0.0,0.0,0.0,0.0,1.0
0.3125,1.0,0.5,1.0,0.8846342880121532,0.5,0.75,1.0,1.0,0.6666666666666666,0.5,0.5,0.4444444444444444,1.0,0.0,1.0,0.9230769230769231,0.45454545454545453,0.36666666666666664,0.3333333333333333,0.0,0.0,1.0,0.0,0.0,0.0,0.0,0.0,0.0,1.0,0.0,0.0,0.0,0.0,1.0,0.0,0.0,0.0,0.0,0.0,0.0,0.0,0.0,0.0,0.0,0.0,0.0,0.0,0.0,0.0,0.0,0.0,0.0,0.0,0.0,0.0,1.0,0.0,0.0,0.0,1.0,0.0,1.0,0.0,0.0,0.0,0.0,0.0,1.0,0.0
0.15625,0.0,0.0,0.0,0.3711406997006389,0.3,0.75,0.5,0.5,0.3333333333333333,0.5,0.5,0.0,0.3333333333333333,0.0,0.0,0.3076923076923077,0.18181818181818182,0.9,0.5,0.0,0.0,0.0,0.0,0.0,1.0,0.0,0.0,0.0,1.0,0.0,0.0,0.0,0.0,0.0,0.0,0.0,0.0,0.0,0.0,0.0,0.0,0.0,0.0,0.0,0.0,0.0,0.0,0.0,0.0,0.0,1.0,0.0,0.0,0.0,0.0,1.0,0.0,0.0,0.0,0.0,1.0,0.0,0.0,0.0,0.0,1.0,1.0,0.0,0.0
0.75,1.0,0.0,1.0,0.05486796836602474,0.5,0.5,0.75,0.5,0.0,0.0,1.0,0.2222222222222222,0.0,1.0,1.0,0.0,1.0,0.8666666666666667,0.6666666666666666,0.0,0.0,1.0,0.0,0.0,0.0,0.0,0.0,1.0,0.0,0.0,0.0,0.0,0.0,0.0,0.0,0.0,0.0,1.0,0.0,0.0,0.0,0.0,0.0,0.0,0.0,0.0,0.0,0.0,0.0,0.0,0.0,0.0,0.0,0.0,0.0,0.0,1.0,0.0,1.0,0.0,0.0,0.0,0.0,0.0,0.0,1.0,1.0,0.0,0.0
0.0625,0.0,1.0,1.0,0.5767391984272374,0.0,0.5,0.75,0.5,0.0,0.0,1.0,0.1111111111111111,0.0,1.0,1.0,0.7692307692307693,0.09090909090909091,0.7666666666666667,0.8333333333333334,0.0,0.0,0.0,0.0,0.0,1.0,0.0,0.0,0.0,0.0,0.0,1.0,0.0,0.0,0.0,0.0,0.0,0.0,0.0,0.0,0.0,0.0,0.0,0.0,0.0,0.0,0.0,0.0,0.0,0.0,1.0,0.0,0.0,0.0,0.0,0.0,1.0,0.0,0.0,0.0,0.0,1.0,1.0,0.0,0.0,0.0,0.0,1.0,0.0,0.0
0.96875,1.0,1.0,0.0,0.26598454045842457,0.3,0.0,0.75,0.0,0.6666666666666666,1.0,1.0,0.8888888888888888,0.0,1.0,1.0,0.46153846153846156,0.45454545454545453,0.4666666666666667,0.8333333333333334,0.0,0.0,0.0,0.0,0.0,1.0,0.0,0.0,1.0,0.0,0.0,0.0,0.0,0.0,0.0,0.0,0.0,0.0,0.0,0.0,0.0,0.0,0.0,0.0,0.0,0.0,0.0,0.0,0.0,0.0,0.0,0.0,0.0,0.0,0.0,1.0,1.0,0.0,0.0,1.0,0.0,0.0,0.0,0.0,0.0,1.0,0.0,0.0,0.0,1.0
0.03125,1.0,0.0,1.0,0.532527590366829,1.0,0.25,0.0,0.0,0.0,1.0,0.5,1.0,0.6666666666666666,1.0,1.0,0.46153846153846156,0.6363636363636364,0.43333333333333335,0.3333333333333333,0.0,0.0,0.0,0.0,0.0,1.0,0.0,0.0,1.0,0.0,0.0,0.0,0.0,0.0,0.0,0.0,0.0,0.0,0.0,0.0,0.0,0.0,0.0,0.0,0.0,0.0,0.0,0.0,0.0,0.0,0.0,0.0,0.0,0.0,1.0,0.0,0.0,0.0,1.0,1.0,0.0,0.0,0.0,0.0,0.0,1.0,0.0,0.0,0.0,1.0
0.625,0.0,0.0,1.0,0.05223180376211966,0.8,0.0,0.75,1.0,0.0,0.5,1.0,0.8888888888888888,0.3333333333333333,1.0,1.0,0.5384615384615384,0.36363636363636365,0.4666666666666667,0.3333333333333333,0.0,0.0,1.0,0.0,0.0,0.0,0.0,0.0,0.0,0.0,1.0,0.0,0.0,0.0,0.0,0.0,0.0,0.0,0.0,0.0,0.0,0.0,0.0,0.0,0.0,0.0,0.0,0.0,0.0,0.0,0.0,0.0,0.0,0.0,0.0,1.0,0.0,1.0,0.0,0.0,0.0,1.0,0.0,0.0,0.0,1.0,0.0,0.0,0.0,1.0
0.78125,1.0,0.0,0.0,0.3369375809838702,0.3,0.25,0.5,0.5,0.0,0.0,0.5,0.5555555555555556,1.0,0.0,1.0,0.7692307692307693,0.45454545454545453,0.0,0.8333333333333334,0.0,0.0,0.0,0.0,0.0,1.0,0.0,0.0,0.0,1.0,0.0,0.0,0.0,0.0,0.0,0.0,0.0,0.0,0.0,0.0,0.0,0.0,0.0,0.0,0.0,0.0,0.0,0.0,0.0,0.0,0.0,0.0,0.0,0.0,0.0,1.0,0.0,0.0,1.0,0.0,0.0,1.0,0.0,0.0,0.0,1.0,0.0,0.0,1.0,0.0
0.625,0.0,0.5,1.0,0.4331575890264063,1.0,0.75,0.75,1.0,0.6666666666666666,0.5,0.0,0.5555555555555556,0.0,0.0,0.0,0.15384615384615385,0.6363636363636364,0.8,1.0,0.0,0.0,0.0,0.0,0.0,1.0,0.0,0.0,1.0,0.0,0.0,0.0,0.0,1.0,0.0,0.0,0.0,0.0,0.0,0.0,0.0,0.0,0.0,0.0,0.0,0.0,0.0,0.0,0.0,0.0,0.0,0.0,0.0,0.0,0.0,0.0,0.0,0.0,1.0,0.0,0.0,1.0,0.0,0.0,0.0,1.0,0.0,0.0,0.0,1.0
0.09375,0.0,0.5,1.0,0.6027210580403021,0.8,0.5,0.75,1.0,0.3333333333333333,0.5,0.0,0.8888888888888888,0.3333333333333333,1.0,0.0,0.6153846153846154,0.18181818181818182,0.0,0.6666666666666666,0.0,0.0,0.0,0.0,0.0,1.0,0.0,0.0,0.0,0.0,0.0,1.0,0.0,0.0,0.0,0.0,0.0,0.0,0.0,0.0,0.0,0.0,0.0,0.0,0.0,0.0,0.0,0.0,0.0,0.0,0.0,0.0,1.0,0.0,0.0,0.0,1.0,0.0,0.0,0.0,0.0,1.0,1.0,0.0,0.0,0.0,0.0,1.0,0.0,0.0
0.28125,0.0,1.0,0.0,0.09141682677270899,0.1,1.0,0.25,1.0,0.0,0.0,0.0,1.0,0.0,1.0,1.0,0.07692307692307693,0.45454545454545453,0.9666666666666667,1.0,0.0,0.0,0.0,0.0,0.0,1.0,0.0,0.0,0.0,0.0,0.0,1.0,0.0,0.0,0.0,0.0,0.0,0.0,0.0,0.0,0.0,0.0,0.0,0.0,0.0,0.0,0.0,1.0,0.0,0.0,0.0,0.0,0.0,0.0,0.0,0.0,1.0,0.0,0.0,0.0,0.0,1.0,0.0,0.0,1.0,0.0,0.0,0.0,0.0,1.0
0.53125,0.0,1.0,1.0,0.4495330860998168,0.6,0.5,0.25,0.5,1.0,1.0,1.0,0.2222222222222222,0.0,0.0,0.0,0.46153846153846156,0.0,0.03333333333333333,0.16666666666666666,0.0,0.0,0.0,0.0,0.0,1.0,0.0,0.0,0.0,1.0,0.0,0.0,0.0,0.0,0.0,0.0,0.0,0.0,0.0,0.0,0.0,0.0,0.0,0.0,0.0,0.0,0.0,0.0,0.0,0.0,0.0,0.0,0.0,1.0,0.0,0.0,1.0,0.0,0.0,0.0,0.0,1.0,0.0,0.0,1.0,0.0,0.0,0.0,0.0,1.0
0.375,0.0,0.5,0.0,0.9531298869576874,0.2,0.25,1.0,0.0,1.0,1.0,0.5,0.1111111111111111,0.3333333333333333,0.0,0.0,1.0,1.0,0.9,0.8333333333333334,0.0,0.0,0.0,0.0,0.0,1.0,0.0,0.0,0.0,1.0,0.0,0.0,0.0,0.0,0.0,0.0,0.0,0.0,0.0,0.0,0.0,0.0,0.0,0.0,0.0,0.0,0.0,0.0,1.0,0.0,0.0,0.0,0.0,0.0,0.0,0.0,0.0,0.0,1.0,1.0,0.0,0.0,0.0,0.0,0.0,0.0,1.0,0.0,1.0,0.0
0.40625,1.0,1.0,0.0,0.08024663777311111,0.8,0.5,0.0,1.0,0.6666666666666666,0.5,1.0,0.1111111111111111,0.3333333333333333,1.0,0.0,0.15384615384615385,0.7272727272727273,0.03333333333333333,0.0,0.0,0.0,0.0,0.0,0.0,1.0,0.0,0.0,0.0,0.0,0.0,1.0,0.0,0.0,1.0,0.0,0.0,0.0,0.0,0.0,0.0,0.0,0.0,0.0,0.0,0.0,0.0,0.0,0.0,0.0,0.0,0.0,0.0,0.0,0.0,0.0,0.0,1.0,0.0,0.0,0.0,1.0,1.0,0.0,0.0,0.0,0.0,1.0,0.0,0.0
1.0,1.0,0.0,1.0,0.946584156203923,0.2,0.25,0.5,0.0,0.6666666666666666,0.0,0.5,0.8888888888888888,0.0,1.0,0.0,0.3076923076923077,0.7272727272727273,0.6666666666666666,0.8333333333333334,0.0,1.0,0.0,0.0,0.0,0.0,0.0,0.0,1.0,0.0,0.0,0.0,0.0,0.0,0.0,0.0,0.0,0.0,0.0,0.0,0.0,0.0,0.0,1.0,0.0,0.0,0.0,0.0,0.0,0.0,0.0,0.0,0.0,0.0,0.0,0.0,1.0,0.0,0.0,1.0,0.0,0.0,0.0,0.0,1.0,0.0,0.0,0.0,1.0,0.0
0.5,1.0,0.0,1.0,0.8456503284035567,0.5,0.5,1.0,0.5,1.0,0.0,0.0,0.0,0.3333333333333333,0.0,0.0,0.6923076923076923,0.18181818181818182,0.8666666666666667,0.3333333333333333,0.0,0.0,1.0,0.0,0.0,0.0,0.0,0.0,0.0,0.0,0.0,1.0,0.0,0.0,0.0,0.0,0.0,0.0,0.0,0.0,0.0,1.0,0.0,0.0,0.0,0.0,0.0,0.0,0.0,0.0,0.0,0.0,0.0,0.0,0.0,0.0,0.0,1.0,0.0,0.0,0.0,1.0,0.0,0.0,1.0,0.0,0.0,0.0,1.0,0.0
0.1875,1.0,0.0,1.0,0.9375586434922479,0.6,0.25,0.75,0.0,0.6666666666666666,0.0,1.0,0.2222222222222222,1.0,1.0,1.0,0.6153846153846154,0.9090909090909091,0.3333333333333333,0.0,0.0,0.0,1.0,0.0,0.0,0.0,0.0,0.0,0.0,1.0,0.0,0.0,0.0,0.0,0.0,0.0,0.0,0.0,0.0,0.0,0.0,0.0,0.0,0.0,0.0,1.0,0.0,0.0,0.0,0.0,0.0,0.0,0.0,0.0,0.0,0.0,0.0,1.0,0.0,0.0,1.0,0.0,0.0,0.0,0.0,1.0,0.0,0.0,0.0,1.0
0.4375,0.0,1.0,1.0,0.9943478843662036,0.2,0.0,0.25,0.5,0.3333333333333333,0.0,0.0,0.6666666666666666,0.0,1.0,1.0,0.6923076923076923,0.7272727272727273,0.5,0.0,0.0,0.0,1.0,0.0,0.0,0.0,0.0,0.0,0.0,0.0,1.0,0.0,0.0,0.0,0.0,0.0,0.0,0.0,0.0,0.0,0.0,1.0,0.0,0.0,0.0,0.0,0.0,0.0,0.0,0.0,0.0,0.0,0.0,0.0,0.0,0.0,0.0,1.0,0.0,0.0,0.0,1.0,0.0,0.0,0.0,0.0,1.0,0.0,0.0,1.0
0.09375,1.0,0.5,0.0,0.17633260354765198,0.2,0.5,0.0,1.0,0.0,0.0,0.5,0.2222222222222222,0.3333333333333333,0.0,1.0,0.15384615384615385,0.36363636363636365,0.8666666666666667,0.0,0.0,0.0,1.0,0.0,0.0,0.0,0.0,0.0,0.0,0.0,0.0,1.0,0.0,0.0,0.0,0.0,0.0,0.0,1.0,0.0,0.0,0.0,0.0,0.0,0.0,0.0,0.0,0.0,0.0,0.0,0.0,0.0,0.0,0.0,0.0,0.0,1.0,0.0,0.0,1.0,0.0,0.0,0.0,0.0,1.0,0.0,0.0,1.0,0.0,0.0
0.71875,0.0,1.0,1.0,0.9451320316339752,0.7,0.5,0.0,1.0,0.6666666666666666,1.0,1.0,0.8888888888888888,0.0,0.0,0.0,0.9230769230769231,0.36363636363636365,0.03333333333333333,0.5,0.0,0.0,0.0,0.0,0.0,1.0,0.0,0.0,0.0,0.0,1.0,0.0,0.0,0.0,0.0,0.0,0.0,0.0,0.0,0.0,0.0,0.0,0.0,0.0,0.0,0.0,0.0,0.0,0.0,1.0,0.0,0.0,0.0,0.0,0.0,0.0,0.0,0.0,1.0,1.0,0.0,0.0,0.0,0.0,0.0,0.0,1.0,0.0,1.0,0.0
0.6875,1.0,0.0,0.0,0.1790134489075555,0.2,1.0,1.0,1.0,0.6666666666666666,1.0,1.0,1.0,0.3333333333333333,1.0,1.0,0.9230769230769231,0.7272727272727273,0.4,0.6666666666666666,0.0,0.0,1.0,0.0,0.0,0.0,0.0,0.0,0.0,1.0,0.0,0.0,0.0,0.0,0.0,0.0,0.0,0.0,1.0,0.0,0.0,0.0,0.0,0.0,0.0,0.0,0.0,0.0,0.0,0.0,0.0,0.0,0.0,0.0,0.0,0.0,0.0,0.0,1.0,0.0,0.0,1.0,0.0,0.0,0.0,0.0,1.0,0.0,0.0,1.0
0.9375,0.0,1.0,1.0,0.8619588043429696,1.0,0.5,0.5,0.0,0.6666666666666666,1.0,0.5,0.7777777777777778,0.3333333333333333,1.0,0.0,0.6153846153846154,0.36363636363636365,0.9666666666666667,0.5,0.0,0.0,0.0,0.0,0.0,1.0,0.0,0.0,0.0,0.0,1.0,0.0,0.0,0.0,0.0,0.0,0.0,0.0,0.0,0.0,0.0,0.0,1.0,0.0,0.0,0.0,0.0,0.0,0.0,0.0,0.0,0.0,0.0,0.0,0.0,0.0,0.0,0.0,1.0,0.0,1.0,0.0,0.0,0.0,1.0,0.0,0.0,0.0,1.0,0.0
0.21875,0.0,0.5,0.0,0.4765202627228452,0.2,0.5,0.75,0.0,1.0,0.5,0.5,0.4444444444444444,0.0,1.0,0.0,0.07692307692307693,0.8181818181818182,0.6666666666666666,0.0,0.0,0.0,1.0,0.0,0.0,0.0,0.0,0.0,0.0,0.0,0.0,1.0,1.0,0.0,0.0,0.0,0.0,0.0,0.0,0.0,0.0,0.0,0.0,0.0,0.0,0.0,0.0,0.0,0.0,0.0,0.0,0.0,0.0,0.0,0.0,0.0,1.0,0.0,0.0,1.0,0.0,0.0,0.0,0.0,0.0,1.0,0.0,0.0,1.0,0.0
0.375,1.0,0.5,1.0,0.01688932576739199,0.0,1.0,0.75,0.5,0.6666666666666666,0.5,0.5,0.3333333333333333,0.6666666666666666,0.0,1.0,0.9230769230769231,0.8181818181818182,0.4666666666666667,0.16666666666666666,0.0,0.0,1.0,0.0,0.0,0.0,0.0,0.0,1.0,0.0,0.0,0.0,0.0,0.0,0.0,0.0,0.0,0.0,0.0,0.0,0.0,0.0,0.0,0.0,0.0,0.0,0.0,0.0,0.0,0.0,0.0,0.0,0.0,0.0,0.0,1.0,1.0,0.0,0.0,0.0,1.0,0.0,1.0,0.0,0.0,0.0,0.0,0.0,1.0,0.0
0.21875,0.0,1.0,1.0,0.3128769938787364,0.8,1.0,1.0,1.0,0.0,0.0,0.5,0.2222222222222222,1.0,0.0,0.0,0.7692307692307693,0.9090909090909091,0.2,0.5,0.0,0.0,0.0,0.0,0.0,1.0,0.0,0.0,0.0,0.0,1.0,0.0,0.0,0.0,0.0,0.0,0.0,0.0,0.0,0.0,0.0,0.0,0.0,0.0,0.0,0.0,0.0,0.0,0.0,0.0,0.0,0.0,0.0,1.0,0.0,0.0,1.0,0.0,0.0,1.0,0.0,0.0,0.0,0.0,0.0,1.0,0.0,1.0,0.0,0.0
0.6875,1.0,1.0,1.0,0.12298378088557259,0.6,0.75,0.75,1.0,0.0,1.0,0.5,0.7777777777777778,0.6666666666666666,0.0,0.0,0.23076923076923078,0.0,0.5666666666666667,0.5,0.0,0.0,1.0,0.0,0.0,0.0,0.0,0.0,0.0,0.0,0.0,1.0,1.0,0.0,0.0,0.0,0.0,0.0,0.0,0.0,0.0,0.0,0.0,0.0,0.0,0.0,0.0,0.0,0.0,0.0,0.0,0.0,0.0,0.0,0.0,0.0,0.0,0.0,1.0,0.0,0.0,1.0,0.0,1.0,0.0,0.0,0.0,1.0,0.0,0.0
0.1875,0.0,1.0,1.0,0.45480541530762697,0.7,1.0,0.75,0.0,0.6666666666666666,0.5,0.5,0.6666666666666666,0.3333333333333333,0.0,0.0,0.15384615384615385,0.2727272727272727,0.9666666666666667,0.16666666666666666,0.0,0.0,1.0,0.0,0.0,0.0,0.0,0.0,0.0,0.0,1.0,0.0,0.0,0.0,0.0,0.0,0.0,0.0,0.0,0.0,0.0,0.0,0.0,0.0,0.0,0.0,1.0,0.0,0.0,0.0,0.0,0.0,0.0,0.0,0.0,0.0,0.0,1.0,0.0,0.0,1.0,0.0,1.0,0.0,0.0,0.0,0.0,1.0,0.0,0.0
0.96875,0.0,0.5,1.0,0.8596800857870515,0.7,1.0,0.5,1.0,1.0,0.0,0.5,0.1111111111111111,0.6666666666666666,1.0,0.0,0.7692307692307693,0.9090909090909091,0.36666666666666664,0.16666666666666666,0.0,0.0,0.0,0.0,0.0,1.0,0.0,0.0,1.0,0.0,0.0,0.0,0.0,0.0,0.0,0.0,0.0,0.0,0.0,0.0,0.0,0.0,0.0,0.0,0.0,0.0,0.0,0.0,0.0,0.0,0.0,0.0,0.0,1.0,0.0,0.0,0.0,0.0,1.0,1.0,0.0,0.0,0.0,0.0,1.0,0.0,0.0,0.0,1.0,0.0
1.0,1.0,1.0,0.0,0.412805504669139,0.3,0.75,0.5,0.5,1.0,0.5,0.5,0.5555555555555556,0.0,1.0,0.0,0.3076923076923077,0.36363636363636365,0.4,0.0,0.0,0.0,1.0,0.0,0.0,0.0,0.0,0.0,0.0,1.0,0.0,0.0,0.0,0.0,0.0,0.0,0.0,0.0,0.0,0.0,0.0,0.0,0.0,0.0,0.0,0.0,0.0,0.0,0.0,0.0,1.0,0.0,0.0,0.0,0.0,0.0,1.0,0.0,0.0,0.0,1.0,0.0,1.0,0.0,0.0,0.0,0.0,1.0,0.0,0.0
0.84375,1.0,1.0,0.0,0.24715160180510254,0.1,0.25,0.5,1.0,1.0,1.0,0.5,0.7777777777777778,0.6666666666666666,1.0,0.0,0.23076923076923078,0.7272727272727273,0.9,0.8333333333333334,0.0,0.0,0.0,0.0,0.0,1.0,0.0,0.0,0.0,0.0,0.0,1.0,0.0,0.0,0.0,0.0,0.0,0.0,0.0,0.0,0.0,0.0,0.0,0.0,0.0,0.0,0.0,0.0,0.0,1.0,0.0,0.0,0.0,0.0,0.0,0.0,0.0,1.0,0.0,0.0,0.0,1.0,0.0,1.0,0.0,0.0,0.0,0.0,1.0,0.0
0.03125,1.0,1.0,1.0,0.2612930610785934,0.9,1.0,0.25,0.5,1.0,1.0,0.0,0.5555555555555556,0.6666666666666666,0.0,1.0,0.3076923076923077,0.18181818181818182,0.5666666666666667,0.0,0.0,0.0,0.0,0.0,0.0,1.0,0.0,0.0,0.0,0.0,1.0,0.0,0.0,0.0,0.0,0.0,0.0,0.0,0.0,0.0,0.0,0.0,0.0,0.0,0.0,0.0,0.0,0.0,0.0,1.0,0.0,0.0,0.0,0.0,0.0,0.0,1.0,0.0,0.0,0.0,1.0,0.0,0.0,1.0,0.0,0.0,0.0,1.0,0.0,0.0
1.0,0.0,0.0,1.0,0.10269871766230286,0.8,1.0,0.25,1.0,1.0,0.5,1.0,0.2222222222222222,0.0,1.0,0.0,0.6923076923076923,0.2727272727272727,0.4,0.8333333333333334,0.0,0.0,1.0,0.0,0.0,0.0,0.0,0.0,0.0,0.0,0.0,1.0,0.0,0.0,0.0,0.0,0.0,0.0,0.0,1.0,0.0,0.0,0.0,0.0,0.0,0.0,0.0,0.0,0.0,0.0,0.0,0.0,0.0,0.0,0.0,0.0,0.0,1.0,0.0,0.0,1.0,0.0,0.0,1.0,0.0,0.0,0.0,0.0,1.0,0.0
0.4375,1.0,1.0,1.0,0.4107725302712122,0.1,1.0,1.0,1.0,0.3333333333333333,1.0,1.0,0.5555555555555556,0.0,1.0,0.0,0.0,0.2727272727272727,0.7333333333333333,0.16666666666666666,0.0,0.0,0.0,0.0,0.0,1.0,0.0,0.0,0.0,1.0,0.0,0.0,0.0,0.0,0.0,0.0,0.0,0.0,0.0,0.0,0.0,1.0,0.0,0.0,0.0,0.0,0.0,0.0,0.0,0.0,0.0,0.0,0.0,0.0,0.0,0.0,0.0,1.0,0.0,1.0,0.0,0.0,0.0,0.0,0.0,0.0,1.0,0.0,0.0,1.0
0.09375,0.0,1.0,0.0,0.23629417809749337,0.5,1.0,0.0,0.0,0.3333333333333333,0.0,1.0,0.4444444444444444,0.6666666666666666,0.0,1.0,0.23076923076923078,0.18181818181818182,0.4,0.3333333333333333,0.0,0.0,0.0,0.0,0.0,1.0,0.0,0.0,0.0,1.0,0.0,0.0,0.0,0.0,0.0,0.0,0.0,0.0,0.0,0.0,1.0,0.0,0.0,0.0,0.0,0.0,0.0,0.0,0.0,0.0,0.0,0.0,0.0,0.0,0.0,0.0,1.0,0.0,0.0,1.0,0.0,0.0,0.0,0.0,0.0,1.0,0.0,0.0,1.0,0.0
0.28125,1.0,0.5,0.0,0.9806308922746974,0.9,1.0,0.0,0.0,1.0,0.0,1.0,0.5555555555555556,0.0,1.0,0.0,0.15384615384615385,0.0,0.5666666666666667,0.5,0.0,0.0,0.0,0.0,0.0,0.0,0.0,1.0,0.0,0.0,0.0,1.0,0.0,0.0,0.0,0.0,0.0,0.0,0.0,0.0,0.0,0.0,0.0,0.0,0.0,0.0,0.0,1.0,0.0,0.0,0.0,0.0,0.0,0.0,0.0,0.0,0.0,1.0,0.0,0.0,0.0,1.0,0.0,0.0,0.0,1.0,0.0,0.0,0.0,1.0
